# File generated by ImageToStl.com - Free Image and 3D model conversion tools

mtllib abad.mtl

o obj1
v -0.04799999 -0.00471049 0.00686505
v -0.04799999 -0.00365638 0.00451007
v -0.04799999 -0.00333989 0.00453542
v -0.04771634 -0.00355281 0.00420265
v -0.04799999 -0.002987 0.00479077
v -0.04771526 -0.0028463 0.00449547
v -0.04799999 -0.00395145 0.00462687
v -0.04771404 -0.00385101 0.00424808
v -0.04799999 -0.00708247 0.0067961
v -0.04791181 -0.00721093 0.00662664
v -0.04791876 -0.00406836 0.00445813
v -0.0488 -0.00600998 0.00664233
v -0.0488 -0.00975 0.01039231
v -0.04799763 -0.00813895 0.00730533
v -0.04791768 -0.00909668 0.00794046
v -0.04799999 -0.00285337 0.00520258
v -0.04799999 -0.00285337 0.00834215
v -0.04791081 -0.00263992 0.00520258
v -0.04791546 -0.00264462 0.00870415
v -0.04770523 -0.00255341 0.00520258
v -0.04799999 -0.00706931 -0.01399217
v -0.04799999 -0.0033506 -0.01783983
v -0.04799999 -0.00316503 -0.01775231
v -0.04770925 -0.00284628 -0.01787685
v -0.04799999 -0.00293664 -0.01750067
v -0.04799999 -0.00355315 -0.0178698
v -0.04799999 -0.00425673 -0.0178698
v -0.04791456 -0.00428129 -0.01807947
v -0.04791792 -0.00355315 -0.01807597
v -0.04799999 -0.00910965 -0.01595192
v -0.0479118 -0.01338048 -0.0128943
v -0.04799999 -0.01304726 -0.01092863
v -0.04799999 -0.01322743 -0.01274693
v -0.04799999 -0.00975558 -0.01039231
v -0.04799999 -0.01355766 -0.01179592
v -0.04771413 -0.01385589 -0.01176626
v -0.04770785 -0.01344345 -0.01295497
v -0.04799999 -0.00955795 -0.0091907
v -0.04799999 -0.00898659 -0.00811531
v -0.04791181 -0.00910011 -0.0079355
v -0.04791876 -0.01316408 -0.01075983
v -0.0488 -0.00599002 -0.00664233
v -0.04799762 -0.00813898 -0.00730535
v -0.04791768 -0.0072075 -0.0066316
v -0.0488 -0.00975 -0.01039231
v -0.04799999 -0.00285337 -0.01716988
v -0.04799999 -0.00285337 -0.01244246
v -0.0488 -0.00600998 -0.01414228
v -0.04791081 -0.00263992 -0.01716988
v -0.04791546 -0.00264462 -0.01208046
v -0.04770523 -0.00255341 -0.01716988
v -0.03283097 -0.00079461 0.015
v -0.03801627 -0.00091474 0.0149248
v -0.03801627 -0.0007157 0.0150149
v -0.03828397 -0.001 0.01466203
v -0.03249983 -0.00075 0.01501111
v -0.01798373 -0.0007157 0.0150149
v -0.0178563 0.00171571 0.01514232
v -0.03814369 0.00171571 0.01514232
v -0.03872226 -0.00072218 0.0147222
v -0.03851067 -0.001 0.01451068
v -0.01798373 -0.001 0.01471531
v -0.03801627 -0.001 0.01471531
v -0.01798373 -0.00092043 0.0149188
v -0.03801627 -0.001 0.00678469
v -0.03828397 -0.001 0.00683797
v -0.0172778 -0.00072218 0.01472227
v -0.01771601 -0.001 0.01466203
v -0.01798373 -0.001 0.00678469
v -0.03216902 -0.00079461 0.015
v -0.01747352 0.00172049 0.01506654
v -0.03249999 -0.00075 0.015
v 0.00484488 0.0017 -0.02098189
v 0.0045445 -0.00460977 -0.021
v 0.0045445 0.0017 -0.021
v -0.03236073 -0.00465708 -0.02098956
v -0.03239681 -0.00460977 -0.021
v 0.00482686 -0.00468204 -0.020984
v -0.0477153 0.00191214 -0.02091213
v -0.0477153 0.0017 -0.021
v -0.04788136 -0.01768692 -0.01233155
v -0.04781246 -0.01769137 -0.01228195
v -0.04802896 -0.01803535 -0.01207416
v 0.0045445 0.00191214 -0.02091213
v -0.04812831 0.00186479 -0.021
v -0.04792181 0.00208239 -0.0207
v -0.04831448 0.0022686 -0.021
v -0.0477153 0.002 -0.0207
v -0.04822402 0.00461121 -0.02091131
v -0.04843718 0.00460978 -0.021
v -0.04810264 0.00227971 -0.02091213
v -0.05169999 0.0116746 -0.01805419
v -0.05169999 0.00460978 -0.021
v -0.04879899 0.01167659 -0.0180529
v -0.05191175 -0.00460027 -0.02091251
v -0.05169999 -0.00460977 -0.021
v -0.05199999 0.00457712 -0.0207
v -0.05191174 0.00460028 -0.02091251
v -0.03766996 -0.00466706 -0.02098734
v -0.03767497 -0.00460977 -0.021
v -0.03736101 -0.00635849 -0.02053825
v -0.03658367 -0.0066787 -0.02043636
v -0.05169999 -0.01172882 -0.01801901
v -0.03767948 -0.00567923 -0.02073636
v -0.03769068 -0.0055517 -0.02077086
v -0.03770145 -0.00542928 -0.02080319
v -0.03770865 -0.00501796 -0.02090622
v -0.03766495 -0.00472431 -0.02097453
v -0.03767212 -0.00464236 -0.021
v -0.03760078 -0.00466158 -0.0209952
v -0.0376201 -0.00461193 -0.021
v -0.03766869 -0.00468163 -0.02098564
v -0.03761419 -0.00474184 -0.02098604
v -0.03757364 -0.0046206 -0.021
v -0.03755068 -0.00569437 -0.02097071
v -0.03748024 -0.00568821 -0.021
v -0.03719161 -0.00627324 -0.021
v -0.03725926 -0.00634705 -0.0209
v -0.03658367 -0.00650977 -0.021
v -0.03757986 -0.00569692 -0.0209
v -0.03341633 -0.00658048 -0.02097071
v -0.03341633 -0.00650977 -0.021
v -0.03658367 -0.00658048 -0.02097071
v -0.03280836 -0.00627323 -0.021
v -0.03274073 -0.00634705 -0.0209
v -0.03251975 -0.00568821 -0.021
v -0.03341633 -0.00660977 -0.0209
v -0.03239915 -0.00466175 -0.02099518
v -0.03242635 -0.00462063 -0.021
v -0.0324493 -0.00569437 -0.02097071
v -0.0323858 -0.00474184 -0.02098604
v -0.04786942 -0.01784106 -0.01212541
v -0.03499999 -0.00525 -0.0208
v -0.03499999 -0.00545 -0.021
v -0.03644977 -0.00399999 -0.021
v -0.03374999 -0.00399998 -0.0208
v -0.03355021 -0.00399998 -0.021
v -0.03624999 -0.004 -0.0208
v -0.03499999 -0.00255 -0.021
v -0.03499999 -0.00275 -0.0208
v -0.04770785 -0.00355315 -0.0181697
v -0.03561459 -0.00291139 -0.01838886
v -0.03499999 -0.00275 -0.01831607
v -0.01601466 -0.00229287 -0.01870662
v -0.03439321 -0.00290704 -0.01842875
v -0.03606769 -0.00334998 -0.01847451
v -0.03623735 -0.00382391 -0.01847007
v -0.04770785 -0.00429181 -0.0181697
v -0.01599999 -0.002 -0.01800012
v -0.04770523 -0.00255341 -0.01188928
v -0.03170802 -0.00327388 -0.01858867
v -0.01601309 -0.00299992 -0.01899966
v -0.03324703 -0.00330074 -0.01854837
v -0.03395564 -0.00331311 -0.01852982
v -0.03256155 -0.00349873 -0.01854403
v -0.03247292 -0.00349975 -0.01856864
v -0.0337653 -0.00380628 -0.0185348
v -0.03533096 -0.00233742 -0.0115594
v -0.04068553 -0.00243088 -0.01171595
v -0.03123934 -0.002266 -0.01141909
v -0.02810803 -0.00221134 -0.01129393
v -0.0257064 -0.00216942 -0.01118249
v -0.02386215 -0.00213723 -0.0110834
v -0.02244496 -0.00211249 -0.01099534
v -0.02135592 -0.00209348 -0.01091706
v -0.02051821 -0.00207886 -0.01084733
v -0.01987318 -0.0020676 -0.01078498
v -0.01937696 -0.00205894 -0.01072904
v -0.01899613 -0.0020523 -0.01067865
v -0.01870422 -0.0020472 -0.01063288
v -0.01848152 -0.00204331 -0.01059091
v -0.01831294 -0.00204037 -0.01055192
v -0.01818652 -0.00203816 -0.01051475
v -0.01809417 -0.00203655 -0.01047792
v -0.01803163 -0.00203546 -0.01043855
v -0.01800593 -0.00203501 -0.01039231
v -0.0488 -0.00225 -0.01039231
v -0.01805458 -0.00203586 -0.01032872
v -0.01818928 -0.00203821 -0.01026893
v -0.01842677 -0.00204235 -0.01020546
v -0.01882121 -0.00204924 -0.01013241
v -0.01946365 -0.00206045 -0.01004513
v -0.02050042 -0.00207855 -0.00993888
v -0.022167 -0.00210764 -0.0098082
v -0.02484918 -0.00215446 -0.00964639
v -0.02918066 -0.00223006 -0.00944565
v -0.03621337 -0.00235282 -0.00919757
v -0.04770523 -0.00255341 -0.00889533
v -0.04791708 -0.00264631 -0.00520258
v -0.04770523 -0.00255341 -0.00520258
v -0.04791534 -0.0026445 -0.00870458
v -0.04771526 -0.00284627 -0.0044955
v -0.01599999 -0.002 -0.00343689
v -0.01627207 -0.00200475 -0.00348708
v -0.0161358 -0.00200236 -0.00347088
v -0.01625463 -0.00252995 -0.0025973
v -0.01629896 -0.00216705 -0.00294252
v -0.01500872 -0.00199134 -0.00189732
v -0.01531492 -0.00199402 -0.00291894
v -0.01569973 -0.00227691 -0.00189732
v -0.04799999 -0.00471056 -0.00686502
v -0.04799999 -0.00395145 -0.00462687
v -0.04799999 -0.00708247 -0.0067961
v -0.04791278 -0.00407188 -0.00445304
v -0.04799999 -0.00285337 -0.00834215
v -0.04799999 -0.00365638 -0.00451007
v -0.04799999 -0.00333989 -0.00453542
v -0.04771634 -0.00355281 -0.00420265
v -0.04771404 -0.00385101 -0.00424808
v -0.04771047 -0.0041222 -0.00438042
v -0.04799999 -0.00298336 -0.00479582
v -0.04799999 -0.00285337 -0.00520258
v -0.04791689 -0.01530007 0.0017939
v -0.04771047 -0.01539264 0.00419909
v -0.04771047 -0.01539264 0.00161541
v -0.0488 -0.01574999 0
v -0.03546496 -0.01582026 0.00041827
v -0.03849556 -0.01571443 0.0009001
v -0.03464846 -0.01584877 -1E-08
v -0.04791278 -0.01530429 0.00419909
v -0.04799999 -0.01491953 0.00482105
v -0.04772149 -0.01495355 0.00525944
v -0.04799999 -0.01509282 0.00213045
v -0.04799999 -0.01509282 0.00419909
v -0.04799999 -0.013244 0.00354356
v -0.0488 -0.01199001 0.00374998
v -0.04799999 -0.01324393 -0.00354358
v -0.04799999 -0.01382051 -0.00539664
v -0.04799999 -0.01321057 -0.00518488
v -0.04791278 -0.01309014 -0.00535871
v -0.04799999 -0.01091751 -0.0035962
v -0.04799999 -0.01509282 -0.00213045
v -0.04799999 -0.01445041 -0.00526233
v -0.04771995 -0.01389488 -0.00569829
v -0.04771047 -0.01303983 -0.00543133
v -0.04771594 -0.01344718 -0.00563013
v -0.04799999 -0.01491951 -0.00482108
v -0.04772149 -0.01495367 -0.00525932
v -0.04799999 -0.01509282 -0.00419909
v -0.04791706 -0.0152999 -0.00179403
v -0.04791876 -0.0152981 -0.00419909
v -0.0488 -0.01200997 -0.00374998
v -0.04793742 -0.00985976 -0.00308644
v -0.04799999 -0.01445041 0.00526233
v -0.04799999 -0.01382055 0.00539665
v -0.04771995 -0.01389488 0.00569829
v -0.04799999 -0.01321057 0.00518488
v -0.04771594 -0.01344718 0.00563013
v -0.04799999 -0.01091751 0.0035962
v -0.04793742 -0.00986231 0.00308821
v -0.04791876 -0.01309367 0.00535362
v -0.0488 -0.00825 0
v -0.04799999 -0.00655686 0.00057505
v -0.04799999 -0.00844152 0.00120013
v -0.04799999 -0.00824442 0
v -0.04799999 -0.00633546 0.00032432
v -0.04799999 -0.00625544 0
v -0.04799999 -0.00844152 -0.00120011
v -0.04799999 -0.0090134 0.00227699
v -0.04791278 -0.00643642 0.00074888
v -0.0477162 -0.00607246 0.00046819
v -0.04771047 -0.00638611 0.00082149
v -0.04799999 -0.00633546 -0.00032432
v -0.04771835 -0.005956 0
v -0.04799999 -0.00655686 -0.00057505
v -0.0477162 -0.00607247 -0.0004682
v -0.04799999 -0.0090134 -0.00227699
v -0.04791876 -0.00643995 -0.00074378
v -0.04771047 -0.01303983 0.00543133
v -0.04771047 -0.01539264 -0.00161541
v -0.04771047 -0.01539264 -0.00419909
v -0.03854759 -0.01571261 -0.00090603
v -0.04771047 -0.00638611 -0.00082149
v -0.03549284 -0.01581929 -0.00042526
v -0.01608122 -0.01658442 0.00629413
v -0.01628953 -0.01648988 -0.00629413
v -0.01628953 -0.01648988 0.00629413
v -0.01599999 -0.01582608 -0.007889
v -0.01599999 -0.01652977 -0.00722708
v -0.0160872 -0.01657823 -0.00629413
v -0.01627748 -0.0156868 -0.00762425
v -0.01627748 -0.01568697 0.00762416
v -0.01627207 -0.00200475 0.00348708
v -0.01599999 -0.002 0.00343689
v -0.0161358 -0.00200236 0.00347088
v -0.01630509 -0.00228775 0.00279167
v -0.01625439 -0.0025294 0.00259733
v -0.01532102 -0.00199407 0.0029274
v -0.04770523 -0.00255341 0.00889533
v -0.03533096 -0.00233742 0.00922521
v -0.04068553 -0.00243088 0.00906866
v -0.03123934 -0.002266 0.00936552
v -0.02810803 -0.00221134 0.00949068
v -0.0257064 -0.00216942 0.00960212
v -0.02386215 -0.00213723 0.00970121
v -0.02244496 -0.00211249 0.00978927
v -0.02135592 -0.00209348 0.00986755
v -0.02051821 -0.00207886 0.00993728
v -0.01987318 -0.0020676 0.00999963
v -0.01937696 -0.00205894 0.01005556
v -0.01899613 -0.0020523 0.01010596
v -0.01870422 -0.0020472 0.01015173
v -0.01848152 -0.00204331 0.0101937
v -0.01831294 -0.00204037 0.01023269
v -0.01818652 -0.00203816 0.01026985
v -0.01809417 -0.00203655 0.01030669
v -0.01803163 -0.00203546 0.01034606
v -0.01800593 -0.00203501 0.01039231
v -0.0488 -0.00225 0.01039231
v -0.01805458 -0.00203586 0.01045589
v -0.01818928 -0.00203821 0.01051568
v -0.01842677 -0.00204235 0.01057915
v -0.01882121 -0.00204924 0.0106522
v -0.01946365 -0.00206045 0.01073948
v -0.02050042 -0.00207855 0.01084573
v -0.022167 -0.00210764 0.0109764
v -0.02484918 -0.00215446 0.01113822
v -0.02918066 -0.00223006 0.01133897
v -0.03621337 -0.00235282 0.01158704
v -0.04770523 -0.00255341 0.01188928
v -0.04791708 -0.00264631 0.01716988
v -0.04770523 -0.00255341 0.01716988
v -0.04791534 -0.0026445 0.01208003
v -0.04770925 -0.00284627 0.01787684
v -0.04799999 -0.0132274 0.01274696
v -0.04799999 -0.0135577 0.01179623
v -0.04799999 -0.0130472 0.01092859
v -0.04791278 -0.01316761 0.01075474
v -0.04799999 -0.00975558 0.01039231
v -0.04799999 -0.00955795 0.0091907
v -0.04799999 -0.00898659 0.00811531
v -0.04771413 -0.01385589 0.0117663
v -0.04771047 -0.01321792 0.01068212
v -0.04799999 -0.00910965 0.01595192
v -0.04791456 -0.00428129 0.01807947
v -0.04791792 -0.01337595 0.01288993
v -0.04799999 -0.00706921 0.0139922
v -0.04799999 -0.00425673 0.0178698
v -0.04799999 -0.00285337 0.01244246
v -0.04799999 -0.00355315 0.0178698
v -0.0479118 -0.00355315 0.01808226
v -0.04799999 -0.00305843 0.01766473
v -0.04799999 -0.00285337 0.01716988
v -0.04770785 -0.00355315 0.0181697
v -0.0488 -0.00599002 0.01414228
v -0.01593888 -0.01846146 -0.00876901
v -0.0159389 -0.01846147 -0.00862572
v -0.01600271 -0.01849013 -0.00994987
v -0.01575823 -0.01834756 -0.01080284
v -0.0159389 -0.01846147 -0.00994987
v -0.01586086 -0.01835662 -0.01094135
v -0.01607223 -0.01849999 -0.00816658
v -0.01607223 -0.01849999 -0.00994987
v -0.01600312 -0.01849025 -0.00839015
v -0.01609518 -0.01849999 -0.00809985
v -0.0477153 -0.01849999 -0.00994987
v -0.0477153 -0.01849999 0.00994987
v -0.01625 -0.01849999 -0.00725575
v -0.04770436 -0.01830768 -0.01109409
v -0.01619783 -0.01849999 -0.00768269
v -0.01611999 -0.01849999 -0.00803379
v -0.00750972 -0.01284571 -0.01530335
v -0.01507981 -0.0179198 -0.01174638
v -0.00797946 -0.01344285 -0.01544836
v -0.00755284 -0.01317385 -0.01568665
v -0.00456283 0.0038 8.68E-06
v -0.00449997 0.002 -8.78E-06
v 0 0.002 -0.0045
v 0 0.002 -0.00125
v 0 0.0038 -0.00456286
v 0.00449997 0.002 8.78E-06
v 0.00125 0.002 0
v 0 0.0038 0.00456286
v 0 0.002 0.0045
v -0.00125 0.002 0
v 0.00456284 0.0038 -8.68E-06
v 0 0.002 0.00125
v 0 0.0038 0.00596187
v 0.00596214 0.0038 0
v -0.00596214 0.0038 0
v 0 0.0038 -0.00596187
v 0.00125 -0.0008 0
v -1E-08 -0.0008 0.00125
v 2E-08 -0.0008 -0.00125
v -0.00125 -0.0008 0
v -0.01027737 0.0035 0
v -0.01199999 0.0035 -0.00172235
v -0.01372262 0.0035 0
v -0.01395548 0.00327513 0
v -0.01199999 0.0035 0.00172235
v -0.01199999 0.00327513 0.00195549
v -0.01338273 0.00327513 0.00138274
v -0.01199999 0.00327513 -0.00195549
v -0.01338273 0.00327513 -0.00138274
v -0.0100445 0.00327513 0
v -0.01061726 0.00327513 -0.00138274
v -0.01061726 0.00327513 0.00138274
v -0.00619501 0.00357513 0
v 0 0.00357513 0.00619501
v -0.00438054 0.00357513 0.00438053
v 0 0.00357513 -0.00619501
v -0.00438054 0.00357513 -0.00438053
v 0.00619501 0.00357513 0
v 0.00438054 0.00357513 -0.00438053
v 0.00438054 0.00357513 0.00438053
v -1E-08 -0.001 0.00144978
v 0.00145 -0.001 0
v -0.00145 -0.001 0
v 2E-08 -0.001 -0.00144978
v -0.0100007 0.002 -2.4E-07
v -0.01199999 0.002 0.00200002
v -0.01399929 0.002 2.4E-07
v -0.01199999 0.002 -0.00200002
v 0.00624939 0.002 -9E-08
v 0 0.002 0.00625002
v -0.00624939 0.002 9E-08
v 0 0.002 -0.00625002
v 0.00375 -0.00182764 0.012
v 0.00375 -0.0015 0.012
v -9.98E-06 -0.0015 0.00825003
v -1.001E-05 -0.00186045 0.01574997
v 9.98E-06 -0.0015 0.01574997
v 1.001E-05 -0.00186028 0.00825003
v -0.00375 -0.0015 0.012
v -0.00375 -0.00189309 0.012
v 0 -0.00186037 0.0038
v 0 -0.001 0.0038
v 0.0038 -0.001 0
v -0.00380008 -0.00189353 0
v -0.0038 -0.001 0
v 0.00380008 -0.0018272 0
v 0 -0.001 -0.0038
v 0 -0.00186037 -0.0038
v -0.0066423 -0.00191833 -0.006
v -0.0066423 -0.0015 -0.006
v -0.01040228 -0.0015 -0.00974998
v -0.01040231 -0.00195114 -0.00225002
v -0.01038232 -0.0015 -0.00225002
v -0.01038229 -0.00195097 -0.00974998
v -0.0141423 -0.0015 -0.006
v -0.0141423 -0.00198378 -0.006
v 0.00375 -0.00182764 -0.012
v 0.00375 -0.0015 -0.012
v -9.98E-06 -0.0015 -0.01574997
v -1.001E-05 -0.00186045 -0.00825003
v 9.98E-06 -0.0015 -0.00825003
v 1.001E-05 -0.00186028 -0.01574997
v -0.00375 -0.0015 -0.012
v -0.00375 -0.00189309 -0.012
v 0.01414231 -0.00173695 -0.006
v 0.01414231 -0.0015 -0.006
v 0.01038233 -0.0015 -0.00974998
v 0.0103823 -0.00176976 -0.00225002
v 0.01040229 -0.0015 -0.00225002
v 0.01040232 -0.00176959 -0.00974998
v 0.0066423 -0.0015 -0.006
v 0.0066423 -0.0018024 -0.006
v 0.01414231 -0.00173695 0.006
v 0.01414231 -0.0015 0.006
v 0.01038233 -0.0015 0.00225002
v 0.0103823 -0.00176976 0.00974998
v 0.01040229 -0.0015 0.00974998
v 0.01040232 -0.00176959 0.00225002
v 0.0066423 -0.0015 0.006
v 0.0066423 -0.0018024 0.006
v -0.0066423 -0.00191833 0.006
v -0.0066423 -0.0015 0.006
v -0.01040228 -0.0015 0.00225002
v -0.01040231 -0.00195114 0.00974998
v -0.01038232 -0.0015 0.00974998
v -0.01038229 -0.00195097 0.00225002
v -0.0141423 -0.0015 0.006
v -0.0141423 -0.00198378 0.006
v 0.00579265 -0.00475921 -0.02053459
v 0.00634091 -0.00441063 -0.02041101
v 0.00634094 -0.00441349 -0.02037555
v 0.00667626 -0.00420207 -0.02027038
v 0.00552297 -0.00492925 -0.02005679
v 0.00523206 -0.00508384 -0.02078756
v 0.0063409 -0.00440207 -0.02044498
v 0.00701024 -0.00399149 -0.02015942
v 0.00634094 -0.00431683 -0.02055306
v 0.00701033 -0.00392213 -0.02031602
v 0.00514226 -0.00493108 -0.02092688
v 0.00634084 -0.00416423 -0.02059603
v 0.00695122 -0.00378383 -0.02039812
v -0.04772457 -0.01748904 -0.01251775
v 0.00517244 -0.0049808 -0.02090755
v 0.00519862 -0.00502428 -0.0208752
v 0.0051409 -0.00491221 -0.02092782
v 0.00574393 -0.00453629 -0.02077041
v 0.00725046 -0.00197999 -0.02029368
v 0.0066469 -0.00397346 -0.0204993
v 0.00695122 -0.00279805 -0.02039812
v 0.00513162 -0.00491748 -0.02093008
v -0.04781914 -0.01794209 -0.0119062
v 0.0051409 0.0017 -0.02092782
v -0.04802896 -0.01803535 0.01207416
v -0.04797095 -0.01820148 0.01180175
v -0.04792588 -0.01801716 0.01195971
v -0.04792588 -0.01801716 -0.01195971
v 0.00524143 -0.00510676 -0.02067846
v -0.00720595 -0.01280881 -0.01726801
v -0.04792181 -0.01858238 -0.00994987
v -0.03229354 -0.00498452 -0.02091422
v -0.03233503 -0.00472431 -0.02097453
v -0.00711821 -0.01289981 -0.01704577
v 0.00701032 -0.0039221 0.02031604
v 0.00612998 -0.00454651 0.02043871
v 0.00701024 -0.00399149 0.02015942
v 0.00701024 -0.00399149 0.02009573
v 0.00704428 -0.00391134 0.02028974
v 0.00710606 -0.00388989 0.02009573
v 0.00710294 -0.00389539 0.02014816
v 0.00523204 -0.00508381 0.02078762
v 0.00524104 -0.00510701 0.02067839
v 0.00552297 -0.00492925 0.02005679
v -0.00720697 -0.01280947 0.01726753
v -0.00709901 -0.0128877 0.01705467
v 0.00519862 -0.00502429 0.0208752
v 0.00695122 -0.00378441 0.02039812
v 0.00517235 -0.00498071 0.02090761
v 0.00513162 -0.00491748 0.02093008
v 0.0051409 -0.00491221 0.02092782
v -0.04781246 -0.01769137 0.01228195
v -0.04788134 -0.01768689 0.01233157
v -0.04786816 -0.01783751 0.01212895
v 0.00484479 -0.00469186 0.0209819
v 0.00484488 0.0017 0.02098189
v -0.03233503 -0.00472431 0.02097453
v -0.05169999 -0.01172884 0.018019
v -0.03341633 -0.0066787 0.02043636
v -0.03263899 -0.00635849 0.02053825
v -0.0323205 -0.00567923 0.02073636
v -0.0323093 -0.00555166 0.02077087
v -0.03229859 -0.00542984 0.02080305
v -0.03229357 -0.00498415 0.02091431
v -0.04770162 -0.01744002 0.0125794
v -0.04781914 -0.01794209 0.0119062
v 0.00604997 -0.00434586 0.02068333
v 0.0051409 0.0017 0.02092782
v 0.006982 -0.00378191 0.02038554
v 0.00695122 -0.00279805 0.02039812
v 0.00700938 -0.00378008 0.02037046
v 0.0045445 0.0017 0.021
v 0.00511993 0.00191214 0.02084249
v 0.0045445 -0.00460977 0.021
v 0.0045445 0.00191214 0.02091213
v -0.0477153 0.0017 0.021
v 0.01946696 0.0017 0.0092434
v 0.00978397 -0.00149608 0.01920096
v 0.00964021 -0.00150275 0.01927352
v 0.00950487 -0.00151805 0.01934063
v 0.0089354 -0.00151805 0.01961023
v 0.00824806 -0.00151805 0.01990909
v 0.00729453 -0.0019305 0.02027788
v -0.03233003 -0.00466706 0.02098734
v -0.03232502 -0.00460977 0.021
v -0.01340667 0.002 0.006
v -0.01040302 0.002 0.00298584
v -0.01340667 0.002 -0.006
v -0.01655809 0.002 -0.01414369
v -0.01038157 0.002 -0.00298584
v -0.00737793 0.002 0.006
v -1.073E-05 0.002 0.00898584
v 0.00301437 0.002 0.012
v -0.00301437 0.002 -0.012
v -0.00737793 0.002 -0.006
v -0.00301437 0.002 0.012
v 1.073E-05 0.002 -0.00898584
v 0.00480882 0.002 -0.02068406
v 0.00506932 0.002 -0.02063648
v 0.00737793 0.002 0.006
v 0.0045445 0.002 -0.0207
v 0.00301437 0.002 -0.012
v 0.00506932 0.002 0.02063648
v 0.00782637 0.00172115 -0.006
v 0.00787602 0.00154358 -0.006
v 0.01039231 0.00154358 -0.00851628
v 0.01039231 0.00186865 -0.00332342
v 0.01039231 0.00154358 -0.00348372
v 0.01039231 0.00186865 -0.00867658
v 0.01290859 0.00154358 -0.006
v 0.00771573 0.00186865 -0.006
v 0.01295824 0.00172115 -0.006
v 0.0130689 0.00186865 -0.006
v -0.00256593 0.00172115 -0.012
v -0.00251628 0.00154358 -0.012
v 0 0.00154358 -0.01451628
v 0 0.00186865 -0.00932342
v 0 0.00154358 -0.00948372
v 0 0.00186865 -0.01467658
v 0.00251628 0.00154358 -0.012
v -0.00267657 0.00186865 -0.012
v 0.00256593 0.00172115 -0.012
v 0.00267658 0.00186865 -0.012
v -0.01295823 0.00172115 -0.006
v -0.01290858 0.00154358 -0.006
v -0.0103923 0.00154358 -0.00851628
v -0.0103923 0.00186865 -0.00332342
v -0.0103923 0.00154358 -0.00348372
v -0.0103923 0.00186865 -0.00867658
v -0.00787602 0.00154358 -0.006
v -0.01306889 0.00186865 -0.006
v -0.00782637 0.00172115 -0.006
v -0.00771573 0.00186865 -0.006
v -0.01295823 0.00172115 0.006
v -0.01290858 0.00154358 0.006
v -0.0103923 0.00154358 0.00348372
v -0.0103923 0.00186865 0.00867658
v -0.0103923 0.00154358 0.00851628
v -0.0103923 0.00186865 0.00332342
v -0.00787602 0.00154358 0.006
v -0.01306889 0.00186865 0.006
v -0.00782637 0.00172115 0.006
v -0.00771573 0.00186865 0.006
v -0.00256593 0.00172115 0.012
v -0.00251628 0.00154358 0.012
v 0 0.00154358 0.00948372
v 0 0.00186865 0.01467658
v 0 0.00154358 0.01451628
v 0 0.00186865 0.00932342
v 0.00251628 0.00154358 0.012
v -0.00267657 0.00186865 0.012
v 0.00256593 0.00172115 0.012
v 0.00267658 0.00186865 0.012
v 0.00782637 0.00172115 0.006
v 0.00787602 0.00154358 0.006
v 0.01039231 0.00154358 0.00348372
v 0.01039231 0.00186865 0.00867658
v 0.01039231 0.00154358 0.00851628
v 0.01039231 0.00186865 0.00332342
v 0.01290859 0.00154358 0.006
v 0.00771573 0.00186865 0.006
v 0.01295824 0.00172115 0.006
v 0.0130689 0.00186865 0.006
v 0.00511993 0.00191214 -0.02084249
v 0.01919793 0.002 -0.00911052
v 0.01946696 0.0017 -0.0092434
v 0.00824806 -0.00151805 -0.01990909
v -0.04792181 -0.01858238 0.00994987
v 0.01340668 0.002 -0.006
v 0.00737793 0.002 -0.006
v 0.01038158 0.002 -0.00901416
v -1.073E-05 0.002 -0.01501416
v 0.0191981 0.002 0.00911018
v 0.01040304 0.002 0.00901416
v 0.00480882 0.002 0.02068406
v 0.01340668 0.002 0.006
v 0.02026638 -0.00140579 -0.00732643
v 0.00890856 -0.00151805 -0.01962244
v 0.00950682 -0.00151805 -0.01933967
v 0.00964673 -0.00150222 -0.01927026
v 0.00978398 -0.00149608 -0.01920095
v 0.01637008 -0.00143935 -0.01401511
v 0.02004995 -0.00140766 0.00789951
v -0.0480823 -0.018419 -0.01188089
v 0.00708859 -0.00279805 -0.02029604
v 0.00698187 -0.00378192 -0.0203856
v 0.00737163 -0.00215912 -0.02003003
v 0.0071409 -0.00279805 -0.02013308
v 0.00947191 -0.00171343 -0.01926832
v 0.00821668 -0.00171604 -0.01983333
v 0.00949007 -0.00172575 -0.01924288
v 0.00974828 -0.00169366 -0.01912755
v 0.01615987 -0.00171934 -0.0138329
v 0.00965923 -0.00177607 -0.01895152
v 0.02000545 -0.00168578 -0.00723135
v 0.01979183 -0.00168764 0.00779698
v 0.00949008 -0.00172575 0.01924287
v 0.00974828 -0.00169367 0.01912754
v 0.00821668 -0.00171604 0.01983333
v 0.00947077 -0.00171604 0.01926601
v 0.00740563 -0.00212028 0.02001441
v 0.0081409 -0.00179805 0.01965041
v 0.00708859 -0.00279805 0.02029604
v 0.00701024 -0.00399149 -0.02009573
v 0.007108 -0.0038863 -0.02014719
v 0.00704422 -0.00391136 -0.02028981
v -0.01514076 -0.01793568 -0.01182101
v -0.01521316 -0.01791666 -0.01188457
v 0.00547043 -0.00479194 -0.01970609
v 0.00698583 -0.00389827 -0.01980746
v 0.0071409 -0.00370684 -0.01996917
v 0.00710606 -0.00388988 -0.02009573
v -0.04765128 -0.01733648 -0.01271599
v -0.03229844 -0.00542816 -0.02080349
v -0.03230933 -0.005552 -0.02077078
v -0.0323205 -0.00567923 -0.02073636
v -0.03272465 -0.00643517 -0.02051435
v -0.03341633 -0.0066787 -0.02043636
v -0.04768211 -0.01791666 -0.01188457
v -0.04766652 -0.01762328 -0.01231543
v -0.01514067 -0.01793568 0.01182092
v -0.01507981 -0.0179198 0.01174638
v -0.00774426 -0.01329455 0.01557719
v -0.01521316 -0.01791666 0.01188457
v -0.00752618 -0.01315705 0.01569703
v -0.01586738 -0.01836128 0.01092547
v -0.01575836 -0.01834764 0.0108025
v -0.04768211 -0.01791666 0.01188457
v -0.04770898 -0.01838886 0.01082487
v -0.04766702 -0.01763254 0.01230216
v -0.05169999 -0.01733648 0.01271599
v -0.04966347 -0.01733648 0.01271599
v -0.04765131 -0.01733707 0.01271517
v 0.00547044 -0.00479194 0.01970609
v 0.00697749 -0.00386901 0.01977028
v -0.00750972 -0.0128457 0.01530334
v -0.0159389 -0.01846147 0.00862572
v -0.01600312 -0.01849025 0.00839015
v -0.01607223 -0.01849999 0.00816658
v -0.01609518 -0.01849999 0.00809985
v -0.01611999 -0.01849999 0.00803379
v -0.01607556 -0.01846113 0.00808
v -0.01603448 -0.01841481 0.0081133
v -0.01597705 -0.01831878 0.00813842
v -0.0159523 -0.01820844 0.00813023
v -0.01593888 -0.01846146 0.00876901
v -0.0159389 -0.01846147 0.00994987
v -0.016003 -0.01849022 0.00994987
v -0.01607223 -0.01849999 0.00994987
v 0.0045445 0.002 0.0207
v -0.0477153 0.00191214 0.02091213
v -0.0477153 0.002 0.0207
v -0.03814369 0.002 0.01544191
v -0.01038157 0.002 0.00901416
v -0.01655809 0.002 0.00735631
v 1.073E-05 0.002 0.01501416
v -0.0178563 0.002 0.01544191
v -0.01735923 0.002 0.01534301
v -0.01693811 0.002 0.01506189
v -0.01665698 0.002 0.01464076
v -0.01655809 0.002 0.01414369
v -0.04792181 0.00208239 0.0207
v -0.04812831 0.00186479 0.021
v -0.0479718 -0.01820577 -0.0117983
v -0.039343 0.002 0.01464076
v -0.03906188 0.002 0.01506189
v -0.03864075 0.002 0.01534301
v -0.01322546 0.00196601 -0.006
v -0.01665698 0.002 -0.01464076
v -0.01040302 0.002 -0.00901416
v -0.00755914 0.00196601 -0.006
v -0.01693811 0.002 -0.01506189
v -0.01322546 0.00196601 0.006
v -0.01655809 0.002 -0.00735631
v -0.00755914 0.00196601 0.006
v -0.00283316 0.00196601 0.012
v 0.00283316 0.00196601 0.012
v 0.00755914 0.00196601 0.006
v 0.01038158 0.002 0.00298584
v 0.01040304 0.002 -0.00298584
v 0.01322547 0.00196601 0.006
v 0.00755914 0.00196601 -0.006
v 0.01322547 0.00196601 -0.006
v -0.00283316 0.00196601 -0.012
v -0.01735923 0.002 -0.01534301
v 0.00283316 0.00196601 -0.012
v -0.0178563 0.002 -0.01544191
v -0.0394419 0.002 -0.00735631
v -0.0394419 0.002 -0.01414369
v -0.039343 0.002 -0.01464076
v -0.0394419 0.002 0.00735631
v -0.03814369 0.002 -0.01544191
v -0.03864075 0.002 -0.01534301
v -0.03906188 0.002 -0.01506189
v -0.0394419 0.002 0.01414369
v -0.03923242 0.00191475 -0.00735631
v -0.03906654 0.00172049 -0.01452648
v -0.03923842 0.00192044 -0.01414369
v -0.039343 0.002 0.00685924
v -0.039343 0.002 -0.00685924
v -0.03906188 0.002 0.00643811
v -0.03906188 0.002 -0.00643811
v -0.03906654 0.00172049 -0.00697352
v -0.03914232 0.00171571 -0.00735631
v -0.03864075 0.002 0.00615699
v -0.03864075 0.002 -0.00615699
v -0.03885033 0.00172218 -0.00664966
v -0.03814369 0.002 0.00605809
v -0.03814369 0.002 -0.00605809
v -0.03852647 0.00172049 -0.00643346
v -0.0178563 0.002 0.00605809
v -0.0178563 0.002 -0.00605809
v -0.0178563 0.00191475 -0.00626757
v -0.03814369 0.00192044 -0.00626158
v -0.01735923 0.002 0.00615699
v -0.01735923 0.002 -0.00615699
v -0.01693811 0.002 0.00643811
v -0.01693811 0.002 -0.00643811
v -0.01747352 0.00172049 -0.00643346
v -0.0178563 0.00171571 -0.00635768
v -0.01665698 0.002 0.00685924
v -0.01665698 0.002 -0.00685924
v -0.01714965 0.00172218 -0.00664966
v -0.01693345 0.00172049 -0.00697352
v -0.01676757 0.00191475 -0.01414369
v -0.01676158 0.00192044 -0.00735631
v -0.01693345 0.00172049 -0.01452648
v -0.01685768 0.00171571 -0.01414369
v -0.01714965 0.00172218 -0.01485034
v -0.01747352 0.00172049 -0.01506654
v -0.03814369 0.00191475 -0.01523243
v -0.0178563 0.00192044 -0.01523842
v -0.03852647 0.00172049 -0.01506654
v -0.03814369 0.00171571 -0.01514232
v -0.03885033 0.00172218 -0.01485034
v -0.03923242 0.00191475 0.01414369
v -0.03906654 0.00172049 0.00697352
v -0.03923842 0.00192044 0.00735631
v -0.03906654 0.00172049 0.01452648
v -0.03914232 0.00171571 0.01414369
v -0.03885033 0.00172218 0.01485034
v -0.03852647 0.00172049 0.01506654
v -0.0178563 0.00191475 0.01523243
v -0.03814369 0.00192044 0.01523842
v -0.01714965 0.00172218 0.01485034
v -0.01693345 0.00172049 0.01452648
v -0.01676757 0.00191475 0.00735631
v -0.01676158 0.00192044 0.01414369
v -0.01693345 0.00172049 0.00697352
v -0.01685768 0.00171571 0.00735631
v -0.01714965 0.00172218 0.00664966
v -0.01747352 0.00172049 0.00643346
v -0.03814369 0.00191475 0.00626757
v -0.0178563 0.00192044 0.00626158
v -0.03852647 0.00172049 0.00643346
v -0.03814369 0.00171571 0.00635768
v -0.03885033 0.00172218 0.00664966
v -0.05191175 0.00460028 0.02091251
v -0.05169999 -0.00460977 0.021
v -0.05169999 0.00460978 0.021
v -0.03763927 -0.00465708 0.02098956
v -0.03760317 -0.00460977 0.021
v -0.05199999 -0.00457711 0.0207
v -0.05191174 -0.00460027 0.02091251
v -0.04880026 0.01170123 0.01803695
v -0.04843718 0.00460978 0.021
v -0.05169999 0.01169773 0.01803921
v -0.04810264 0.00227971 0.02091213
v -0.04831448 0.0022686 0.021
v -0.04813584 0.00459211 0.0207
v -0.04822401 0.00461122 0.02091131
v -0.04801489 0.0022843 0.0207
v -0.03232787 -0.00464238 0.021
v -0.03239997 -0.00465875 0.02099552
v -0.03238007 -0.00461186 0.021
v -0.03233129 -0.00468145 0.0209857
v -0.0323858 -0.00474184 0.02098604
v -0.03242635 -0.00462067 0.021
v -0.0324493 -0.00569437 0.02097071
v -0.03251975 -0.00568821 0.021
v -0.03280837 -0.00627324 0.021
v -0.03274073 -0.00634705 0.0209
v -0.03341633 -0.00650977 0.021
v -0.03242013 -0.00569692 0.0209
v -0.03658367 -0.00658048 0.02097071
v -0.03658367 -0.00650977 0.021
v -0.03341633 -0.00658048 0.02097071
v -0.03719163 -0.00627323 0.021
v -0.03725926 -0.00634705 0.0209
v -0.03748024 -0.00568821 0.021
v -0.03658367 -0.00660977 0.0209
v -0.03760085 -0.0046618 0.02099517
v -0.03757364 -0.00462062 0.021
v -0.03755068 -0.00569437 0.02097071
v -0.03761419 -0.00474184 0.02098604
v -0.04795625 -0.01766523 -0.01236541
v -0.03499999 -0.00275 0.0208
v -0.03499999 -0.00255 0.021
v -0.03644977 -0.004 0.021
v -0.03374999 -0.004 0.0208
v -0.03355021 -0.004 0.021
v -0.03624999 -0.004 0.0208
v -0.03499999 -0.00545 0.021
v -0.03499999 -0.00525 0.0208
v -0.0161988 -0.01849999 0.00768188
v -0.01625 -0.01849999 0.00725575
v -0.05199999 -0.01199064 0.01748292
v -0.05169999 -0.01815583 0.01206295
v -0.05184447 -0.01739698 0.01256987
v -0.05169999 -0.01919291 0.01191378
v -0.03766495 -0.00472431 0.02097453
v -0.03770593 -0.00497771 0.02091584
v -0.03770154 -0.0054282 0.02080348
v -0.03769066 -0.00555199 0.02077078
v -0.03767948 -0.00567923 0.02073636
v -0.03727533 -0.00643517 0.02051435
v -0.03658367 -0.0066787 0.02043636
v -0.03763855 -0.00473255 0.02097662
v -0.03763178 -0.0054306 0.02083232
v -0.03760184 -0.00544564 0.0209
v -0.03760983 -0.00568108 0.02076538
v -0.03721245 -0.00638734 0.02060976
v -0.03757986 -0.00569692 0.0208328
v -0.03341633 -0.00662881 0.02047271
v -0.03658367 -0.00662881 0.0204727
v -0.03270965 -0.00631731 0.02063378
v -0.03341633 -0.00660977 0.02053141
v -0.0323682 -0.0054306 0.02083232
v -0.03239016 -0.00568108 0.02076537
v -0.03236143 -0.00473255 0.02097662
v -0.04774657 -0.01742697 0.0126016
v -0.03623735 -0.00382391 0.01847007
v -0.03606769 -0.00334998 0.01847451
v -0.03562438 -0.00291711 0.01839123
v -0.04770785 -0.00429181 0.0181697
v -0.04770785 -0.00924301 0.01622111
v -0.03620653 -0.00432676 0.01847087
v -0.0357546 -0.00499652 0.01831337
v 0.00706146 -0.00279914 0.01968335
v 0.00686823 -0.00349819 0.01959883
v 0.00686823 -0.00280024 0.01959883
v 0.00720248 -0.00212377 0.0193466
v -0.03395564 -0.00331311 0.01852982
v -0.0337653 -0.00380628 0.0185348
v -0.03438798 -0.00291006 0.01843029
v -0.03379545 -0.00433405 0.01853401
v -0.03424815 -0.00499861 0.01835367
v -0.00778693 -0.01242311 0.01530849
v 0.00518237 -0.00445024 0.01955468
v 0.00524765 -0.00445823 0.01955639
v 0.00529469 -0.00449033 0.01955762
v 0.0071409 -0.00369167 0.0199529
v 0.00706146 -0.00349819 0.01968335
v -0.03499999 -0.00525 0.01826284
v -0.04770785 -0.01344344 0.01295497
v -0.01630496 -0.01527373 0.0113918
v -0.01627644 -0.01493399 0.0125277
v -0.01574043 -0.0150621 0.01239549
v -0.0160509 -0.0153723 0.01130949
v -0.0156038 -0.01529602 0.01211141
v -0.01630514 -0.01526983 0.01136093
v -0.01601478 -0.01552502 0.0112604
v -0.01569087 -0.01552418 0.01181377
v -0.01602357 -0.01568678 0.01121989
v -0.01576292 -0.01581937 0.01141225
v -0.0159846 -0.0158496 0.01114713
v -0.01570785 -0.01611799 0.01098902
v -0.01591793 -0.01720687 0.00899021
v -0.01570785 -0.01673255 0.01002845
v -0.0159118 -0.01604575 0.01093977
v -0.01570785 -0.01728994 0.00903361
v -0.0157937 -0.01750603 0.00867276
v -0.03620653 -0.00432676 -0.01847087
v -0.03575564 -0.00499573 -0.01831355
v -0.04770785 -0.00924301 -0.01622111
v 0.00686823 -0.00349819 -0.01959883
v 0.00529469 -0.00449033 -0.01955762
v 0.00706146 -0.00349819 -0.01968335
v 0.00686823 -0.00280024 -0.01959883
v 0.0052479 -0.00445835 -0.0195564
v 0.00518237 -0.00445024 -0.01955468
v -0.00778751 -0.01242362 -0.01530806
v -0.03379545 -0.00433405 -0.01853401
v -0.03424917 -0.00499937 -0.01835346
v 0.00733067 -0.00221192 -0.01964202
v 0.00711118 -0.00221194 -0.01941529
v 0.00706146 -0.00279914 -0.01968335
v -0.01579394 -0.0175062 -0.00867237
v -0.01570785 -0.01728994 -0.00903361
v -0.01586494 -0.01773438 -0.00839066
v -0.01586416 -0.01607767 -0.01096153
v -0.01570785 -0.01673255 -0.01002845
v -0.01599999 -0.01729456 -0.00848096
v -0.0159118 -0.01721245 -0.00899312
v -0.01570785 -0.01611799 -0.01098902
v -0.01576536 -0.01579091 -0.01145149
v -0.01594721 -0.01570901 -0.0113778
v -0.01569741 -0.0155383 -0.01179492
v -0.01592506 -0.0158716 -0.01122727
v -0.01591311 -0.01555059 -0.01150638
v -0.01560592 -0.01531002 -0.01209362
v -0.01594628 -0.01539315 -0.01163947
v -0.01576007 -0.01505021 -0.01240911
v -0.01627644 -0.01493399 -0.0125277
v -0.01630119 -0.01527602 -0.0117168
v -0.03499999 -0.00525 -0.01826284
v 0.00965923 -0.00177607 0.01895152
v 0.00890656 -0.00179461 0.01888814
v 0.00890276 -0.00178267 0.0187283
v 0.00952637 -0.00178147 0.01899892
v 0.0094014 -0.00179362 0.0190421
v 0.00953246 -0.00178104 -0.01899678
v 0.00890445 -0.00178266 -0.01872865
v 0.00814508 -0.00179611 -0.01875078
v 0.00800815 -0.00179048 -0.01862856
v 0.00891683 -0.00179459 -0.01889075
v 0.0094014 -0.00179362 -0.01904211
v 0.00806677 -0.00179811 -0.0187579
v 0.00800615 -0.00179348 -0.01870577
v -0.01540055 -0.00207503 0.00189732
v -0.01500872 -0.00199134 0.00189732
v 0.00800615 -0.00179348 0.01870571
v 0.00800815 -0.00179048 0.01862856
v 0.00807713 -0.00179764 0.01875526
v 0.00814508 -0.00179611 0.01875078
v -0.05169999 -0.01733648 -0.01271599
v -0.04779 -0.01747145 -0.01255116
v -0.03236143 -0.00473255 -0.02097662
v -0.0323682 -0.0054306 -0.02083232
v -0.03239814 -0.00544564 -0.0209
v -0.03239016 -0.00568108 -0.02076538
v -0.03278753 -0.00638734 -0.02060976
v -0.03242013 -0.00569692 -0.0208328
v -0.03658367 -0.00662881 -0.02047271
v -0.03341633 -0.00662881 -0.0204727
v -0.03729034 -0.00631731 -0.02063378
v -0.03658367 -0.00660977 -0.02053141
v -0.03763178 -0.0054306 -0.02083232
v -0.03760983 -0.00568108 -0.02076537
v -0.03763854 -0.00473254 -0.02097662
v -0.05199999 -0.01199064 -0.01748292
v -0.05199999 -0.00457711 -0.0207
v -0.05184742 -0.01739974 -0.01256324
v -0.05184743 -0.01902421 -0.01185404
v -0.05169999 -0.01815583 -0.01206295
v -0.04816965 -0.01800872 -0.01213378
v -0.04806371 -0.01781842 -0.0122492
v -0.01599999 -0.00299131 -0.00189732
v -0.01599999 -0.01647532 -0.00987428
v -0.01599999 -0.0158702 -0.01082008
v -0.01605699 -0.01568874 -0.01090836
v -0.0159705 -0.01597739 -0.01089316
v -0.0160447 -0.01578428 -0.01103379
v -0.01599999 -0.01396633 -0.00777282
v -0.01599999 -0.01702414 -0.00889473
v -0.01599999 -0.0148813 -0.00809047
v -0.01599999 -0.01760319 -0.00817536
v -0.01599999 -0.01824999 -0.00797158
v -0.01599999 -0.0167897 0.00629413
v -0.01599999 -0.01824999 0.00797158
v -0.01601141 -0.01832467 0.00800519
v -0.01599999 -0.0167897 -0.00629413
v -0.01598765 -0.01822902 -0.00805412
v -0.01601127 -0.01832425 -0.00800508
v -0.01599999 -0.01488123 0.00809047
v -0.01599999 -0.01760376 0.00817465
v -0.01598765 -0.01822902 0.00805412
v -0.01599999 -0.01582608 0.007889
v -0.01599999 -0.01652974 0.00722713
v -0.01599999 -0.01729469 0.00848114
v -0.01586514 -0.01773435 0.00839054
v -0.01599999 -0.01702414 0.00889473
v -0.01599999 -0.0158702 0.01082008
v -0.01599999 -0.01647532 0.00987428
v -0.01599999 -0.01396633 0.00777282
v -0.01599999 -0.00299131 0.00189732
v -0.0160599 -0.003335 0.00235426
v -0.01604687 -0.01571824 0.01091068
v -0.01599999 -0.00387724 -0.00060251
v -0.01591973 -0.00259877 -0.00189732
v -0.01599999 -0.0037289 0
v -0.01599999 -0.00387724 0.00060251
v -0.01599999 -0.00428867 0.00106794
v -0.01622775 -0.00355265 0.00264045
v -0.01572047 -0.00229782 0.00189732
v -0.01599999 -0.00428867 -0.00106794
v -0.01606034 -0.00333618 -0.00235581
v -0.01622697 -0.00355202 -0.00263978
v -0.0160872 -0.0044091 -0.00089411
v -0.01608122 -0.01408323 -0.00760408
v -0.01628382 -0.00414498 -0.00046803
v -0.01628953 -0.00445942 -0.00082149
v -0.01628163 -0.00402834 0
v -0.01628382 -0.00414499 0.00046804
v -0.0160872 -0.01408676 0.00759899
v -0.01608122 -0.00440558 0.0008992
v -0.01628953 -0.01413707 0.00752637
v -0.04914452 0.01729373 0.01277408
v -0.04920089 0.0172933 0.01277466
v -0.04920089 0.01811174 0.01212574
v -0.05169999 0.0172933 0.01277466
v -0.04908933 0.01729498 0.01277239
v -0.04852263 0.01197253 0.01750608
v -0.04888123 0.01748411 0.01234286
v -0.04914537 0.01811083 0.01212519
v -0.05199999 0.0115464 0.01777954
v -0.05199999 0.00457712 0.0207
v -0.05191213 0.01722263 0.01272245
v -0.05191213 0.01915643 0.0118907
v -0.05169999 0.01811175 0.01212574
v -0.04801489 0.0022843 0.01089834
v -0.04822353 0.00626549 0.01413266
v -0.03901489 -0.0007157 0.01401627
v -0.03914232 0.00171571 0.00735631
v -0.03901489 -0.0007157 0.00748373
v -0.03872219 -0.00072218 0.00677773
v -0.03801627 -0.0007157 0.0064851
v -0.0178563 0.00171571 0.00635768
v -0.01798373 -0.0007157 0.0064851
v -0.01727772 -0.00072218 0.0067778
v -0.0169851 -0.0007157 0.00748373
v -0.01685768 0.00171571 0.01414369
v -0.0169851 -0.0007157 0.01401627
v -0.03891879 -0.00092043 0.01401627
v -0.03866202 -0.001 0.01428398
v -0.0387153 -0.001 0.01401627
v -0.03851067 -0.001 0.00698932
v -0.03866202 -0.001 0.00721602
v -0.03892479 -0.00091474 0.00748373
v -0.03801627 -0.00092043 0.0065812
v -0.01748931 -0.001 0.00698932
v -0.01771601 -0.001 0.00683797
v -0.01798373 -0.00091474 0.0065752
v -0.0170812 -0.00092043 0.00748373
v -0.01733796 -0.001 0.00721602
v -0.01728468 -0.001 0.00748373
v -0.01748931 -0.001 0.01451068
v -0.01733796 -0.001 0.01428398
v -0.01707521 -0.00091474 0.01401627
v -0.01728468 -0.001 0.01401627
v -0.0387153 -0.001 0.00748373
v -0.03801627 -0.001 -0.01471531
v -0.03801627 -0.001 -0.00678469
v -0.01798373 -0.001 -0.00678469
v -0.03801627 -0.00091474 -0.0065752
v -0.01798373 -0.001 -0.01471531
v -0.01771601 -0.001 -0.00683797
v -0.0172778 -0.00072218 -0.00677773
v -0.01798373 -0.00092043 -0.0065812
v -0.03828397 -0.001 -0.01466203
v -0.03828397 -0.001 -0.00683797
v -0.03851067 -0.001 -0.01451068
v -0.03851067 -0.001 -0.00698932
v -0.03801627 -0.0007157 -0.0064851
v -0.03866202 -0.001 -0.01428398
v -0.03866202 -0.001 -0.00721602
v -0.03872226 -0.00072218 -0.0067778
v -0.0387153 -0.001 -0.01401627
v -0.0387153 -0.001 -0.00748373
v -0.03892479 -0.00091474 -0.01401627
v -0.03891879 -0.00092043 -0.00748373
v -0.03901489 -0.0007157 -0.01401627
v -0.03872219 -0.00072218 -0.01472227
v -0.01798373 -0.00091474 -0.0149248
v -0.03801627 -0.00092043 -0.0149188
v -0.01771601 -0.001 -0.01466203
v -0.01748931 -0.001 -0.00698932
v -0.01748931 -0.001 -0.01451068
v -0.01798373 -0.0007157 -0.0150149
v -0.01733796 -0.001 -0.00721602
v -0.01733796 -0.001 -0.01428398
v -0.01727772 -0.00072218 -0.0147222
v -0.01728468 -0.001 -0.00748373
v -0.01728468 -0.001 -0.01401627
v -0.01707521 -0.00091474 -0.00748373
v -0.0170812 -0.00092043 -0.01401627
v -0.0169851 -0.0007157 -0.00748373
v -0.03814369 0.00171571 -0.00635768
v -0.01798373 -0.0007157 -0.0064851
v -0.03901489 -0.0007157 -0.00748373
v -0.01685768 0.00171571 -0.00735631
v -0.0169851 -0.0007157 -0.01401627
v -0.03160722 -0.00079461 -0.015
v -0.0178563 0.00171571 -0.01514232
v -0.03166365 -0.0007548 -0.01501026
v -0.03172503 -0.0007157 -0.0150149
v -0.03249999 -0.0005 -0.0150262
v -0.03339277 -0.00079461 -0.015
v -0.03249999 -0.00050014 -0.015
v -0.03327496 -0.0007157 -0.0150149
v -0.03801627 -0.0007157 -0.0150149
v -0.03333639 -0.00075483 -0.01501026
v -0.03914232 0.00171571 -0.01414369
v -0.05169999 0.01725969 -0.01282004
v -0.05191213 0.01718915 -0.01276765
v -0.04908751 0.01725969 -0.01282004
v -0.05169999 0.01807084 -0.01217714
v -0.05199999 0.01152307 -0.01779468
v -0.05199999 0.01701886 -0.01264116
v -0.04849984 0.01153762 -0.01779545
v -0.04813583 0.00459209 -0.0207
v -0.04878792 0.01703454 -0.01264115
v -0.04887999 0.01719654 -0.01276506
v -0.04916638 0.01856841 -0.01203475
v -0.05199999 -0.01766197 -0.0117258
v -0.05195659 -0.01757622 -0.01212973
v -0.05199195 -0.01772415 -0.01175687
v -0.05197757 -0.01794258 -0.01165312
v -0.05199687 -0.01770264 -0.0117426
v -0.05199806 -0.01777648 -0.01160827
v -0.05199999 -0.01782969 -0.01144414
v -0.05191309 -0.01748264 -0.01236104
v -0.05195659 -0.01855529 -0.01168983
v -0.05199195 -0.01816344 -0.01155462
v -0.05191309 -0.01880368 -0.01177649
v -0.05199999 -0.00601075 -0.01338021
v -0.05199999 0.00301188 -0.01039231
v -0.05199999 0.00301188 0.01039231
v -0.05199999 0.00198501 0.012
v -0.05199999 -0.00301187 -0.01039231
v -0.05199999 -0.0123773 -0.006
v -0.05199999 -0.00898812 -0.01039231
v -0.05199999 -0.01039254 -0.0079843
v -0.05199999 -0.01498812 0
v -0.05199999 -0.01766197 0.0117258
v -0.05199999 -0.01768079 -0.01172811
v -0.05199999 -0.01768079 0.01172811
v -0.05199999 -0.01775028 -0.01158362
v -0.05199999 0.00601075 -0.0074044
v -0.05199999 0.00598925 0.0074044
v -0.05199999 0.00898813 0.01039231
v -0.051966 0.00880692 0.01039231
v -0.05199999 0.00601075 0.01338021
v -0.05186863 0.006 0.01304264
v -0.05199999 0.0084073 -0.006
v -0.05199999 0.00901188 0
v -0.05186863 0.006 0.00774197
v -0.05186863 0.00865034 0.01039231
v -0.051966 0.00319309 0.01039231
v -0.05186863 0.00334967 0.01039231
v -0.05199999 0.01237732 -0.006
v -0.05199999 0.01198926 -0.00298791
v -0.05199999 0.01498814 0
v -0.051966 0.01480692 0
v -0.05199999 0.017052 0.01259641
v -0.05199999 0.01201076 0.00298791
v -0.05186863 0.01200001 0.00265033
v -0.05199999 0.01039256 -0.0040157
v -0.05186863 0.01200001 -0.00265033
v -0.05186863 0.01465034 0
v -0.051966 0.00919309 0
v -0.05186863 0.00934967 0
v -0.05199999 0.00598925 -0.01338021
v -0.05199999 0.00898813 -0.01039231
v -0.051966 0.00880692 -0.01039231
v -0.05186863 0.006 -0.00774197
v -0.05199999 0.01039207 -0.0079843
v -0.05186863 0.006 -0.01304264
v -0.05186863 0.00865034 -0.01039231
v -0.051966 0.00319309 -0.01039231
v -0.05186863 0.00334967 -0.01039231
v -0.051966 -0.00319308 -0.01039231
v -0.05199999 -0.00301187 0.01039231
v -0.05199999 -0.00598925 -0.0074044
v -0.05186863 -0.006 -0.00774197
v -0.05199999 -0.001985 0.012
v -0.05199999 -2.4E-07 0.0100157
v -0.05186863 -0.006 -0.01304264
v -0.05186863 -0.00334966 -0.01039231
v -0.05199999 -0.00601075 0.0074044
v -0.051966 -0.00880691 -0.01039231
v -0.05199999 -0.0084073 -0.006
v -0.05186863 -0.00865033 -0.01039231
v -0.05199999 -0.01039206 -0.0040157
v -0.05199999 -0.01201074 -0.00298791
v -0.05199999 -0.00901187 0
v -0.051966 -0.00919308 0
v -0.05199999 -0.00898812 0.01039231
v -0.05199999 -0.01198924 0.00298791
v -0.05186863 -0.01199999 0.00265033
v -0.05186863 -0.01199999 -0.00265033
v -0.05186863 -0.00934966 0
v -0.051966 -0.0148069 0
v -0.05186863 -0.01465033 0
v -0.051966 -0.00319308 0.01039231
v -0.05199999 -0.00598925 0.01338021
v -0.05186863 -0.006 0.01304264
v -0.05186863 -0.006 0.00774197
v -0.05186863 -0.00334966 0.01039231
v -0.051966 -0.00880691 0.01039231
v -0.05186863 -0.00865033 0.01039231
v -0.05199999 2.4E-07 0.0139843
v -0.05333666 -0.00193832 0.012
v -0.05333666 -0.0013706 0.01062939
v -0.05333666 0.00137061 0.01337061
v -0.05333666 -0.0013706 0.01337061
v -0.05333666 0 0.01393833
v -0.05333666 0.00193833 0.012
v -0.05333666 0 0.01006167
v -0.05333666 0.00137061 0.01062939
v -0.05333666 0.00845398 -0.006
v -0.05333666 0.00902171 -0.0073706
v -0.05333666 0.01176292 -0.00462939
v -0.05333666 0.00902171 -0.00462939
v -0.05333666 0.01039231 -0.00406167
v -0.05333666 0.01233064 -0.006
v -0.05333666 0.01039231 -0.00793833
v -0.05333666 0.01176292 -0.0073706
v -0.05333666 -0.01233063 -0.006
v -0.05333666 -0.0117629 -0.0073706
v -0.05333666 -0.0090217 -0.00462939
v -0.05333666 -0.0117629 -0.00462939
v -0.05333666 -0.0103923 -0.00406167
v -0.05333666 -0.00845397 -0.006
v -0.05333666 -0.0103923 -0.00793833
v -0.05333666 -0.0090217 -0.0073706
v -0.05199999 0.01795174 -0.01190179
v -0.05191213 0.01910482 -0.01193852
v -0.05199999 0.01799327 0.01185013
v -0.05199999 0.01912916 -0.01172779
v -0.05199999 0.01918228 0.01168015
v -0.05199999 0.0216687 -0.01202114
v -0.0519108 0.02164425 -0.01223319
v -0.05199999 0.02216651 0.01107646
v -0.05199999 0.02217271 -0.01106405
v -0.05192912 0.02281647 -0.01015312
v -0.05199999 0.02168725 0.01198772
v -0.05192039 0.02184673 -0.01211989
v -0.05199999 0.02263955 0.01007439
v -0.05199999 0.02263955 -0.01007439
v -0.05199999 0.02268473 0.00993528
v -0.05199999 0.02268473 -0.00993528
v -0.05192912 0.02289365 -0.0097898
v -0.05199999 0.02270001 0.0097898
v -0.05199999 0.02270001 -0.0097898
v -0.05192912 0.02289365 0.0097898
v -0.05192912 0.02281647 0.01015312
v -0.05192197 0.02186388 0.01208535
v -0.05191302 0.02166151 0.01219738
v -0.05191039 -0.01747815 0.01237205
v -0.05195658 -0.01757619 0.01212981
v -0.05199999 -0.01782969 0.01144414
v -0.05199999 -0.01775039 0.01158344
v -0.05199816 -0.01777796 0.01160395
v -0.05199687 -0.01770261 0.01174258
v -0.05199999 -0.02172345 -0.01192224
v -0.05199999 -0.02172332 0.01192222
v -0.05191077 -0.0216973 0.0121341
v -0.05199816 -0.01799459 0.01149776
v -0.05199999 -0.02218244 -0.01104462
v -0.05199999 -0.02219894 0.01101152
v -0.05192912 -0.02281645 0.01015312
v -0.05192082 -0.02190133 0.01201992
v -0.05199999 -0.02263953 -0.01007439
v -0.05199999 -0.02263953 0.01007439
v -0.05199999 -0.02268472 -0.00993528
v -0.05199999 -0.02268472 0.00993528
v -0.05192912 -0.02289364 0.0097898
v -0.05199999 -0.02269999 -0.0097898
v -0.05199999 -0.02269999 0.0097898
v -0.05192912 -0.02289364 -0.0097898
v -0.05192912 -0.02281645 -0.01015312
v -0.05192208 -0.02190012 -0.01201925
v -0.05199802 -0.01800077 -0.0114998
v -0.05191303 -0.02169757 -0.01213187
v -0.05172114 -0.00853969 0.01039231
v -0.05154357 -0.00849003 0.01039231
v -0.05154357 -0.006 0.00790227
v -0.05154357 -0.006 0.01288234
v -0.05154357 -0.00350996 0.01039231
v -0.05172114 -0.0034603 0.01039231
v -0.0488 -0.00375 0.01039231
v -0.0488 -0.00599115 0.00814233
v -0.0488 -0.00600885 0.01264227
v -0.0488 -0.00825 0.01039231
v -0.0488 -0.01199114 -0.00224997
v -0.0488 -0.00975 0
v -0.0488 -0.01424999 0
v -0.0488 -0.01200884 0.00224997
v -0.0488 -0.00599115 -0.01264227
v -0.0488 -0.00375 -0.01039231
v -0.0488 -0.00825 -0.01039231
v -0.0488 -0.00600885 -0.00814233
v -0.01628953 -0.01413707 -0.00752637
v -0.01628953 -0.00445942 0.00082149
v -0.01619863 -0.01471708 0.01036467
v -0.01628953 -0.00357374 0.00266558
v -0.01628953 -0.01463891 0.01033176
v -0.01625805 -0.00356612 0.00265694
v -0.01630151 -0.00330093 0.00253315
v -0.04771047 -0.00914986 0.00786369
v -0.04771047 -0.00726069 0.00655483
v -0.04771047 -0.0041222 0.00438042
v -0.0162561 -0.0035654 -0.0026561
v -0.01628953 -0.01463891 -0.01033176
v -0.01628953 -0.00357374 -0.00266558
v -0.01615223 -0.01483728 -0.01042207
v -0.01630403 -0.01511112 -0.01086583
v -0.01631135 -0.0025799 -0.00258352
v -0.04771047 -0.00726069 -0.00655483
v -0.04771047 -0.00914986 -0.00786369
v -0.04771047 -0.01321792 -0.01068212
v -0.01614862 -0.01847851 0.00773388
v -0.01604113 -0.01838739 0.00800448
v -0.01619613 -0.01849412 0.00752217
v -0.01619819 -0.01849457 -0.00751214
v -0.01615147 -0.01847976 -0.00772264
v -0.01607556 -0.01846114 -0.00808
v -0.04840722 -0.02627031 -0.01209929
v -0.04834932 -0.02516548 -0.01234294
v -0.04803905 -0.01924517 -0.01161601
v -0.04843638 -0.02513499 -0.01255416
v -0.04844231 -0.0269399 -0.0113142
v -0.04801542 -0.01879433 -0.0116052
v -0.04812612 -0.01921467 -0.01182724
v -0.04870681 -0.02641301 -0.01235406
v -0.0486489 -0.02511322 -0.0126407
v -0.04801489 -0.01878429 -0.00994987
v -0.04855732 -0.02913438 0.00224191
v -0.04853499 -0.02712606 -0.01139447
v -0.0480072 -0.0186374 -0.01099626
v -0.04801016 -0.01869401 0.01077326
v -0.04844231 -0.0269399 0.0113142
v -0.0488569 -0.0294178 0.00226494
v -0.04801489 -0.01878429 0.00994987
v -0.0487419 -0.02720078 -0.01143042
v -0.04803905 -0.01924517 0.01161601
v -0.0484024 -0.02617836 0.01215255
v -0.04853499 -0.02712606 0.01139447
v -0.04801558 -0.01879742 0.01160496
v -0.04834932 -0.02516548 0.01234294
v -0.04870199 -0.02630484 0.01241672
v -0.0487419 -0.02720078 0.01143042
v -0.04812612 -0.01921467 0.01182724
v -0.04843639 -0.02513498 0.01255416
v -0.04799312 -0.01836884 0.01167744
v -0.04808229 -0.01841903 0.01188087
v -0.04799312 -0.0183689 -0.01167743
v -0.05119999 -0.02720078 -0.01143042
v -0.05119999 -0.02636008 -0.01238585
v -0.05119999 -0.02950486 0
v -0.05141213 -0.02711977 -0.01139638
v -0.05149999 -0.02620954 -0.01212619
v -0.05119999 -0.02720078 0.01143042
v -0.05149999 -0.02920486 -1E-08
v -0.05149999 -0.0269242 -0.0113142
v -0.05141213 -0.02711977 0.01139638
v -0.05119999 -0.02636008 0.01238585
v -0.05184448 -0.01903151 0.0118566
v -0.05191039 -0.01881561 0.01178066
v -0.05199195 -0.01772415 0.01175687
v -0.05195658 -0.01855537 0.01168985
v -0.05197757 -0.01794258 0.01165312
v -0.05169999 0.01909474 -0.01202581
v -0.04801489 0.0022843 -0.0207
v -0.04822233 0.00624247 -0.01413422
v -0.04898563 0.01911588 -0.01193916
v -0.04883681 0.01796737 -0.01190205
v -0.04822353 0.00626549 -0.00665195
v -0.04852352 0.01198959 -0.00374999
v -0.04832755 0.00825 0
v -0.04899999 0.00825 0
v -0.04822233 0.00624247 0.00665038
v -0.04852462 0.01201042 0.00374999
v -0.04899999 0.01200023 0.00375008
v -0.04801489 0.0022843 -0.00988628
v -0.04942157 0.02912534 0.00235663
v -0.0487206 0.01575001 0
v -0.04899999 0.01199978 -0.00375008
v -0.04899999 0.01575001 0
v -0.04930548 0.02691014 0.0113848
v -0.04840614 0.0097497 -0.01039231
v -0.04889851 0.01914486 -0.01172779
v -0.04930524 0.02690563 -0.01139547
v -0.04926795 0.02619415 -0.01220221
v -0.04921298 0.0251453 -0.01242092
v -0.04801489 0.0022843 -0.01089834
v -0.04801244 0.00225855 -0.01064529
v -0.04801111 0.00225 -0.01039231
v -0.04899999 0.00599978 -0.01414238
v -0.04899999 0.00225 -0.01039231
v -0.04899999 0.00975 -0.01039231
v -0.04899999 0.00600023 -0.00664222
v -0.04801489 0.0022843 0.00988628
v -0.04801244 0.00225855 0.01013932
v -0.04801244 0.00225851 -0.01013991
v -0.04899999 0.00599978 0.00664222
v -0.04899999 0.00225 0.01039231
v -0.04840614 0.0097497 0.01039231
v -0.04881929 0.01763313 0.01179219
v -0.04899999 0.00975 0.01039231
v -0.04882416 0.017726 0.01165178
v -0.048829 0.01781846 0.01151076
v -0.04899999 0.00600023 0.01414238
v -0.04801244 0.00225851 0.0106447
v -0.04926817 0.02619839 0.01219216
v -0.04921258 0.02513745 0.01240942
v -0.04929965 0.02510696 0.01262065
v -0.04894413 0.01868437 0.01181117
v -0.04956777 0.02633335 0.01245159
v -0.04951216 0.02508519 0.01270719
v -0.04939815 0.02709609 0.01146557
v -0.04972116 0.02940866 0.00238084
v -0.04960507 0.02717071 0.01150175
v -0.04939791 0.02709154 -0.01147632
v -0.04956754 0.02632911 -0.01246163
v -0.04960483 0.02716615 -0.01151253
v -0.04930009 0.02511633 -0.01263228
v -0.04801111 0.00225 0.01039231
v -0.05172114 0.00346031 -0.01039231
v -0.05154357 0.00350997 -0.01039231
v -0.05154357 0.006 -0.01288234
v -0.05154357 0.006 -0.00790227
v -0.05154357 0.00849004 -0.01039231
v -0.05172114 0.0085397 -0.01039231
v -0.05172114 0.00946031 0
v -0.05154357 0.00950997 0
v -0.05154357 0.01200001 -0.00249003
v -0.05154357 0.01200001 0.00249003
v -0.05154357 0.01449004 0
v -0.05172114 0.0145397 0
v -0.05172114 0.00346031 0.01039231
v -0.05154357 0.00350997 0.01039231
v -0.05154357 0.006 0.00790227
v -0.05154357 0.006 0.01288234
v -0.05154357 0.00849004 0.01039231
v -0.05172114 0.0085397 0.01039231
v -0.049186 0.01914222 0.01197712
v -0.05172114 -0.01453969 0
v -0.05154357 -0.01449002 0
v -0.05154357 -0.01199999 -0.00249003
v -0.05154357 -0.01199999 0.00249003
v -0.05154357 -0.00950996 0
v -0.05172114 -0.0094603 0
v -0.05172114 -0.00853969 -0.01039231
v -0.05154357 -0.00849003 -0.01039231
v -0.05154357 -0.006 -0.01288234
v -0.05154357 -0.006 -0.00790227
v -0.05154357 -0.00350996 -0.01039231
v -0.05172114 -0.0034603 -0.01039231
v -0.05349999 -0.00177472 0.012
v -0.05349999 0 0.013775
v -0.05349999 0 0.010225
v -0.05349999 0.00177473 0.012
v -0.05349999 -0.0103923 -0.007775
v -0.05349999 -0.01216702 -0.006
v -0.05349999 -0.0103923 -0.004225
v -0.05349999 -0.00861758 -0.006
v -0.05349999 0.01039231 -0.007775
v -0.05349999 0.00861758 -0.006
v -0.05349999 0.01039231 -0.004225
v -0.05349999 0.01216704 -0.006
v -0.01597705 -0.01831878 -0.00813842
v -0.01603448 -0.01841481 -0.0081133
v -0.01604209 -0.01839854 -0.0080599
v -0.0159523 -0.01820844 -0.00813023
v -0.01604113 -0.01838739 -0.0080045
v 0.0071409 -0.00349819 -0.01987873
v -0.01604211 -0.0183985 0.00805975
v 0.0071409 -0.00375464 0.02009573
v -0.03499999 -0.00275 0.01831607
v 0.00740227 -0.00212393 0.01955348
v 0.00756595 -0.00190595 0.0190762
v 0.0071409 -0.00279805 0.01987873
v 0.00768739 -0.00190679 0.0192047
v 0.00800423 -0.0018024 0.01878224
v 0.00801787 -0.00180439 0.01880366
v 0.0088953 -0.00179805 0.01893038
v 0.00939244 -0.00179694 0.01906512
v 0.00808809 -0.00179944 0.01879005
v 0.00803136 -0.00180407 0.01882527
v -0.04829268 -0.01843065 -0.01196725
v -0.04825472 -0.01822451 -0.01203477
v 0.0081409 -0.00179805 0.01878339
v 0.00800423 -0.0018024 -0.01878224
v 0.00801787 -0.00180439 -0.01880368
v 0.00746706 -0.00195009 -0.01914912
v 0.00808002 -0.0017999 -0.01879354
v 0.00760979 -0.00195074 -0.01929874
v 0.00803136 -0.00180407 -0.01882527
v 0.00701024 -0.00378002 -0.02036993
v 0.00890544 -0.00179805 -0.0189331
v 0.0081409 -0.00179805 -0.01878339
v 0.00939244 -0.00179694 -0.01906512
v 0.00938345 -0.00179805 -0.01908835
v -0.04831506 -0.01880169 -0.01190431
v -0.01591793 -0.01604055 -0.01093622
v -0.01614163 -0.01514041 -0.01062444
v -0.01611335 -0.0153863 -0.01092474
v -0.01614967 -0.01520399 -0.01086229
v -0.01612626 -0.01538333 -0.01078032
v -0.01609889 -0.0155898 -0.0110034
v -0.0161211 -0.01544444 0.01081809
v -0.01614386 -0.01511633 0.01060942
v -0.01616174 -0.01488233 0.01045956
v -0.01630912 -0.00300459 0.00248856
v -0.01630528 -0.01526649 -0.01133795
v -0.03341633 -0.00660977 -0.02053141
v -0.03658367 -0.00660977 -0.0209
v -0.03658367 -0.00660977 0.02053141
v -0.03341633 -0.00660977 0.0209
v -0.03240894 -0.0055691 -0.02086739
v -0.03242013 -0.00569692 -0.0209
v -0.03237624 -0.00500047 -0.02095575
v -0.03759107 -0.0055688 -0.02086747
v -0.03760184 -0.00544564 -0.0209
v -0.0376234 -0.00503384 -0.02095173
v -0.03757986 -0.00569692 -0.0208328
v -0.03240891 -0.00556876 0.02086748
v -0.03239814 -0.00544564 0.0209
v -0.03237624 -0.0050001 0.02095579
v -0.03242013 -0.00569692 0.0208328
v -0.03759104 -0.00556909 0.02086739
v -0.03757986 -0.00569692 0.0209
v -0.03762378 -0.00499367 0.02095656
v 0.00938345 -0.00179805 0.01908836
v 0.00881929 -0.00179805 0.01935544
v 0.0081409 -0.00179805 -0.01965041
v 0.0087928 -0.00179805 -0.01936749
v 0.0071409 -0.00279805 0.02013308
v 0.0071409 -0.00349819 0.01987873
v 0.0071409 -0.00375464 0.02013308
v 0.00710294 -0.00376971 0.02027384
v 0.0071409 -0.00279805 -0.01987873
v 0.0071409 -0.00375464 -0.02013308
v 0.007108 -0.00376875 -0.02026475
v 0.0071409 -0.00375464 -0.02009573
v -0.05119999 0.02950488 -5.85E-06
v -0.05119999 0.02716615 -0.01151253
v -0.05149999 0.02920487 -5.79E-06
v -0.05119999 0.02633138 -0.01246031
v -0.05141213 0.02708524 -0.01147824
v -0.05119999 0.02717071 0.01150175
v -0.05119999 0.02632978 0.01245365
v -0.05141213 0.02708979 0.01146749
v -0.05149999 0.02617959 0.0121938
v -0.05149999 0.02689444 0.0113848
v -0.04919811 0.01909474 -0.01202581
v -0.05169999 0.02163432 -0.01231916
v -0.05119999 0.02163432 -0.01231916
v -0.05169999 0.02177934 -0.01230002
v -0.05119999 0.02509518 -0.01271894
v -0.05135106 0.02193914 -0.01231329
v -0.05150213 0.02178907 -0.01229596
v -0.05154528 0.02199724 -0.01218634
v -0.04951257 0.02509518 -0.01271894
v -0.05149999 0.02618031 -0.01220096
v -0.05141213 0.02510526 -0.01263165
v -0.05119999 0.02165069 0.01228548
v -0.05119999 0.02508519 0.01270719
v -0.05141213 0.0250959 0.01261997
v -0.05169999 0.01914572 0.01197791
v -0.04920089 0.01914572 0.01197791
v -0.04829266 -0.01843043 0.01196731
v -0.04825314 -0.01821932 0.0120368
v -0.04831519 -0.01880395 0.01190415
v -0.05169999 0.02165069 0.01228548
v -0.05150308 0.02180611 0.01226317
v -0.05169999 0.02179641 0.01226716
v -0.05135154 0.02195653 0.01228164
v -0.05154528 0.02201457 0.01215527
v -0.05169999 0.02191518 0.01218278
v -0.05149999 0.02512176 0.01240942
v -0.05149999 0.02688992 -0.01139547
v -0.05149999 0.02326343 0.01005822
v -0.05149999 0.02318005 0.01031491
v -0.05157086 0.02309797 0.0097898
v -0.05149999 0.02276639 0.01119838
v -0.05157086 0.02300313 0.01023618
v -0.05149999 0.02329162 0.0097898
v -0.05149999 0.02329162 -0.0097898
v -0.05157086 0.02309797 -0.0097898
v -0.05149999 0.02326343 -0.01005822
v -0.05157086 0.02300313 -0.01023618
v -0.05149999 0.02318005 -0.01031491
v -0.05149999 0.02275907 -0.01121325
v -0.05157086 0.02213306 -0.01200213
v -0.05149999 0.02230329 -0.01209444
v -0.05149999 0.0251296 -0.01242092
v -0.05149393 0.02225021 -0.01214874
v -0.05147749 0.02220429 -0.01219775
v -0.05156046 0.02203294 -0.01214634
v -0.05149999 0.02231907 0.0120653
v -0.05149526 0.0222727 0.01211307
v -0.05146476 0.02219483 0.01219216
v -0.05144999 0.02216332 0.01221325
v -0.05147849 0.0222236 0.01216596
v -0.05157086 0.02214872 0.01197321
v -0.05119999 -0.02168675 -0.01221998
v -0.05119999 -0.02511322 -0.0126407
v -0.05141213 -0.02512393 -0.01255349
v -0.05169999 -0.01919291 -0.01191378
v -0.04833863 -0.01919291 -0.01191378
v -0.05169999 -0.02168675 -0.01221998
v -0.05150312 -0.0218422 -0.01219766
v -0.05169999 -0.02183247 -0.01220166
v -0.05135156 -0.02199263 -0.01221613
v -0.05154528 -0.02205062 -0.01208977
v -0.05169999 -0.02195124 -0.01211728
v -0.04833863 -0.01919291 0.01191378
v -0.05169999 -0.02168675 0.01221998
v -0.05119999 -0.02168675 0.01221998
v -0.05169999 -0.02183191 0.01220188
v -0.05119999 -0.02511322 0.0126407
v -0.05134686 -0.02198297 0.01221766
v -0.05149372 -0.02183721 0.01219976
v -0.05154528 -0.02205062 0.01208977
v -0.0486489 -0.02511322 0.0126407
v -0.05149999 -0.02620954 0.01212619
v -0.05141213 -0.02512393 0.01255349
v -0.05149999 -0.02326341 -0.01005822
v -0.05149999 -0.02318004 -0.01031491
v -0.05157086 -0.02309795 -0.0097898
v -0.05149999 -0.0227828 -0.01116494
v -0.05157086 -0.02300312 -0.01023618
v -0.05149999 -0.0232916 -0.0097898
v -0.05149999 -0.0232916 0.0097898
v -0.05157086 -0.02309795 0.0097898
v -0.05149999 -0.0269242 0.0113142
v -0.05149999 -0.02326341 0.01005822
v -0.05157086 -0.02300312 0.01023618
v -0.05149999 -0.02318004 0.01031491
v -0.05149999 -0.0227828 0.01116494
v -0.05157086 -0.02218377 0.01190812
v -0.05149999 -0.02235439 0.01199971
v -0.05149999 -0.02514978 0.01234294
v -0.05149414 -0.02230341 0.01205284
v -0.05147882 -0.02226036 0.01209969
v -0.05156114 -0.02208828 0.01204761
v -0.05149999 -0.02235439 -0.01199971
v -0.05149999 -0.02514978 -0.01234294
v -0.05149533 -0.0223087 -0.01204717
v -0.05146494 -0.02223127 -0.01212637
v -0.05144999 -0.02219938 -0.01214775
v -0.05147882 -0.02226036 -0.01209969
v -0.05157086 -0.02218377 -0.01190812
v -0.05169999 -0.02195124 0.01211728
v -0.05171597 -0.02196993 0.0120923
v -0.05156114 -0.02208828 -0.01204761
v -0.05146597 -0.02223345 0.01212466
v -0.05144999 -0.02219938 0.01214775
v -0.05172882 -0.02198509 -0.01206589
v -0.05171494 -0.02196872 -0.01209414
v -0.05174999 -0.02251717 0.01103477
v -0.05174999 -0.02209376 0.0118598
v -0.05174416 -0.02203547 0.0119697
v -0.05174999 -0.02290979 0.01019465
v -0.05174999 -0.02297406 0.00999675
v -0.05174999 -0.0229958 0.0097898
v -0.05172882 -0.02198509 0.01206589
v -0.05174999 -0.0229958 -0.0097898
v -0.05174999 -0.02297406 -0.00999675
v -0.05174999 -0.02290979 -0.01019465
v -0.05174999 -0.02251717 -0.01103477
v -0.05174999 -0.02209376 -0.0118598
v -0.05174535 -0.02204159 -0.01195805
v -0.05199195 -0.01816344 0.01155462
v -0.05172749 0.02192997 -0.01216607
v -0.05171513 0.02191559 -0.01219096
v -0.05169999 0.02189806 -0.01221457
v -0.05174528 0.02200596 0.01202355
v -0.05174999 0.02205885 0.01192463
v -0.05174999 0.02250096 0.01106782
v -0.05172849 0.02194863 0.01213219
v -0.05171476 0.02193245 0.01215995
v -0.05156097 0.02205179 0.01211373
v -0.05174999 0.0229098 0.01019465
v -0.05174999 0.02297408 0.00999675
v -0.05174999 0.02299581 0.0097898
v -0.05174999 0.02299581 -0.0097898
v -0.05174999 0.02297408 -0.00999675
v -0.05174999 0.0229098 -0.01019465
v -0.05174999 0.02249373 -0.01108252
v -0.05174999 0.02204326 -0.01195344
v -0.05174396 0.02198317 -0.01206558
v -0.05146513 0.02217854 -0.01222134
v -0.05144999 0.02214641 -0.01224326
v -0.04816965 -0.01800872 0.01213378
v -0.04795625 -0.01766523 0.01236541
v -0.04806134 -0.01781471 0.01225175
v 8.85E-06 -0.0015 0.00975003
v 0.00225 -0.0015 0.012
v -0.00225 -0.0015 0.012
v -8.85E-06 -0.0015 0.01424997
v -0.01038345 -0.0015 -0.00824997
v -0.0081423 -0.0015 -0.006
v -0.0126423 -0.0015 -0.006
v -0.01040115 -0.0015 -0.00375003
v 8.85E-06 -0.0015 -0.01424997
v 0.00225 -0.0015 -0.012
v -0.00225 -0.0015 -0.012
v -8.85E-06 -0.0015 -0.00975003
v 0.01040116 -0.0015 -0.00824997
v 0.01264231 -0.0015 -0.006
v 0.0081423 -0.0015 -0.006
v 0.01038346 -0.0015 -0.00375003
v 0.01040116 -0.0015 0.00375003
v 0.01264231 -0.0015 0.006
v 0.0081423 -0.0015 0.006
v 0.01038346 -0.0015 0.00824997
v -0.01038345 -0.0015 0.00375003
v -0.0081423 -0.0015 0.006
v -0.0126423 -0.0015 0.006
v -0.01040115 -0.0015 0.00824997
v -0.04899999 0.01426751 0
v -0.04899999 0.01200031 -0.0022675
v -0.04899999 0.01199971 0.0022675
v -0.04899999 0.00973251 0
v -0.04899999 0.0082675 -0.01039231
v -0.04899999 0.00600031 -0.0126598
v -0.04899999 0.0059997 -0.00812481
v -0.04899999 0.00373251 -0.01039231
v -0.04899999 0.0082675 0.01039231
v -0.04899999 0.00600031 0.00812481
v -0.04899999 0.0059997 0.0126598
v -0.04899999 0.00373251 0.01039231
v -0.04195714 -0.00430932 -0.01832029
v -0.01430598 -0.00439253 -0.01904436
v -0.01599999 -0.002 0.01800012
v -0.01601467 -0.00229303 0.01870678
v -0.04195714 -0.00430932 0.01832029
v -0.01430598 -0.00439253 0.01904436
v -0.01601309 -0.00299992 0.01899966
v -0.03215403 -0.01419122 0.01274914
v -0.03215464 -0.0141912 -0.01274914
v -0.03220623 -0.01392772 0.01051523
v -0.03220835 -0.01392763 -0.01051525
v -0.03449999 0.0015 0.021085
v -0.04199999 0.0015 0.022585
v -0.03449999 0.0015 0.022585
v -0.03499999 -0.00115002 0.022585
v -0.03237867 0.00062132 0.022585
v -0.03214999 -0.004 0.022585
v -0.04199999 0.0015 0.021085
v -0.04412132 0.00062132 0.021085
v -0.03784999 -0.004 0.022585
v -0.0369 -0.01153265 0.022585
v -0.04412132 0.00062132 0.022585
v -0.03674999 -0.004 0.021085
v -0.04499999 -0.01153265 0.021085
v -0.03237867 0.00062132 0.021085
v -0.03499999 -0.00225 0.021085
v -0.03324999 -0.004 0.021085
v -0.03449999 0.0015 -0.022585
v -0.04199999 0.0015 -0.021085
v -0.03449999 0.0015 -0.021085
v -0.03499999 -0.00225 -0.021085
v -0.03237867 0.00062132 -0.021085
v -0.03324999 -0.004 -0.021085
v -0.04199999 0.0015 -0.022585
v -0.04412132 0.00062132 -0.022585
v -0.04412132 0.00062132 -0.021085
v -0.03674999 -0.004 -0.021085
v -0.03784999 -0.004 -0.022585
v -0.04499999 -0.01153265 -0.022585
v -0.03499999 -0.00115002 -0.022585
v -0.03237867 0.00062132 -0.022585
v 0.00097101 -0.0045 -0.0329857
v -0.02228184 -0.00782836 -0.02434172
v -0.02228184 -0.0045 -0.02434172
v -0.02426571 -0.01122352 -0.02294951
v 0.00092683 -0.0045 -0.03148636
v -0.02422229 -0.0045 -0.02296861
v -0.02126907 -0.0045 -0.02323525
v -0.02228184 -0.01109105 -0.02434172
v -0.01149362 -0.01109105 -0.03093375
v -0.02205082 -0.01259908 -0.02413835
v -0.02222451 -0.01186007 -0.02431375
v -0.02404162 -0.01265375 -0.02274308
v 0.0009754 -0.01109105 -0.03298558
v 0 -0.01406503 -0.0313454
v -0.01126246 -0.01406503 -0.02925219
v -0.02106747 -0.01401422 -0.02331968
v -0.02201599 -0.0126729 -0.02412144
v -0.0219844 -0.01275231 -0.02409453
v -0.02153074 -0.01356163 -0.02369358
v -0.02114967 -0.01395727 -0.02336527
v 0.0236753 -0.0045 -0.02298868
v 0.02367692 -0.01109105 -0.02298704
v 0.01199535 -0.01406503 -0.02895938
v 0.03299997 -0.0045 4E-08
v 0.033 -0.01109105 1.2E-07
v 0.02895937 -0.01406503 -0.01199537
v 0.02216454 -0.01406503 -0.02216455
v 0.02367524 -0.0045 0.02298874
v 0.02367675 -0.01109105 0.02298721
v 0.0313454 -0.01406503 -1E-08
v 0.00097504 -0.01109105 0.03298559
v 0.02216456 -0.01406503 0.02216454
v 0.02895937 -0.01406503 0.01199536
v 0.00097092 -0.0045 0.03298571
v -0.01149394 -0.01109105 0.03093363
v 0 -0.01406503 0.0313454
v 0.01199538 -0.01406503 0.02895937
v -0.0222819 -0.00783131 0.02434166
v -0.0222819 -0.01109105 0.02434166
v -0.01126281 -0.01406503 0.02925206
v -0.0222819 -0.0045 0.02434166
v -0.02426561 -0.01122352 0.02294954
v -0.02102 -0.01406503 0.02325282
v -0.02160426 -0.01346554 0.0237538
v -0.02211206 -0.01239455 0.02420246
v -0.02204031 -0.01260846 0.02414192
v -0.02216861 -0.0121796 0.024254
v -0.02656068 -0.00825642 0.022585
v -0.02656068 -0.01149658 0.022585
v 0.00092679 -0.0045 0.03148636
v -0.02422198 -0.0045 0.0229687
v -0.0212691 -0.0045 0.02323522
v 0.0225991 -0.0045 0.02194379
v 0.03149998 -0.0045 2E-08
v 0.02259913 -0.0045 -0.02194376
v -0.00249586 -0.02289512 -0.00249586
v 0 -0.0202134 -0.01798779
v 0 -0.02289512 -0.00352969
v -0.00212132 -0.022396 -0.00212132
v 0.00249587 -0.02289512 -0.00249586
v 0 -0.0227599 -0.0031571
v -0.01518336 -0.01827021 -0.01759166
v -0.02101985 -0.01406503 -0.02325295
v -0.01076197 -0.02065161 -0.01256535
v -0.02254049 -0.01674909 -0.01821624
v -0.02579176 -0.01408727 -0.02147747
v -0.02311398 -0.01407213 -0.02185424
v -0.01736395 -0.01986302 -0.01274397
v -0.0077475 -0.0218826 -0.00846086
v -0.00530762 -0.02265588 -0.00355334
v -0.01184591 -0.02205331 -0.00562329
v -0.00352969 -0.02289512 0
v -0.00473303 -0.02281119 0.00010693
v -0.00971962 -0.02255987 8.746E-05
v -0.00249586 -0.02289512 0.00249586
v -0.00539482 -0.02263147 0.00381803
v -0.00795457 -0.02180798 0.0087769
v -0.01197341 -0.02201633 0.0058232
v 0 -0.02289512 0.00352969
v -0.01103483 -0.0205246 0.01290075
v -0.0154029 -0.01813397 0.01782252
v -0.01757041 -0.01975828 0.01297777
v -0.02250698 -0.01677277 0.01818286
v -0.02311512 -0.01407215 0.02185378
v -0.0240204 -0.0126507 0.02275276
v 0 -0.0202134 0.01798779
v 0.00249587 -0.02289512 0.00249586
v 0 -0.022396 0.003
v 0.003 -0.022396 0
v -0.003 -0.022396 0
v 0.00352969 -0.02289512 0
v 0.00212132 -0.022396 -0.00212132
v 0 -0.022396 -0.003
v 0.00315711 -0.0227599 0
v -0.0369 -0.01409031 -0.02147422
v -0.02756071 -0.01409031 -0.02147422
v -0.0369 -0.01299488 -0.02227918
v -0.02667724 -0.01408955 -0.02147503
v -0.02756071 -0.01287275 -0.02233256
v -0.04499999 -0.01409031 -0.02147422
v -0.04499999 -0.0129176 -0.02231311
v -0.04499999 -0.02036614 -0.01154184
v -0.04499999 -0.01299417 -0.02045027
v -0.04499999 -0.01153265 -0.021085
v -0.04499999 -0.0015 -0.022585
v -0.04499999 -0.01230376 -0.02093419
v -0.04499999 -0.02255996 0
v -0.04499999 -0.01949999 -0.00954124
v -0.04499999 -0.016832 -0.01534432
v -0.04499999 -0.02036614 0.01154184
v -0.04499999 -0.01949999 0.00954124
v -0.0369 -0.01409031 0.02147422
v -0.04499999 -0.01409031 0.02147422
v -0.04499999 -0.016832 0.01534432
v -0.02756071 -0.01409031 0.02147422
v -0.0369 -0.01284492 0.02234403
v -0.04499999 -0.0129176 0.02231311
v -0.04499999 -0.01299417 0.02045027
v -0.04499999 -0.01230346 0.02093432
v -0.04499999 -0.0015 0.021085
v -0.02756071 -0.01295003 0.0222994
v -0.02667738 -0.01408955 0.02147503
v -0.02582666 -0.01403793 0.02152766
v -0.02623835 -0.01322061 0.02216177
v -0.02608087 -0.0136054 0.02191763
v -0.0260328 -0.01370024 0.02184387
v -0.02598239 -0.0137922 0.02176598
v -0.025923 -0.01389296 0.02167334
v -0.02586047 -0.01398734 0.02157999
v -0.02579176 -0.01408727 0.02147747
v -0.02612123 -0.01351862 -0.02197965
v -0.03674999 -0.004 -0.021485
v -0.0369 -0.01153265 -0.022585
v -0.03499999 -0.00684997 -0.022585
v -0.03499999 -0.00575 -0.021485
v -0.03214999 -0.004 -0.022585
v -0.03499999 -0.00225 -0.021485
v -0.03324999 -0.004 -0.021485
v -0.0309142 -0.0039142 -0.022585
v -0.0315 -0.0025 -0.022585
v -0.0315 -0.0015 -0.022585
v -0.04499999 -0.0015 -0.021085
v -0.0295 -0.0045 -0.022585
v -0.02756071 -0.01153265 -0.022585
v -0.02656062 -0.0045 -0.022585
v -0.027057 -0.01152352 -0.022585
v -0.02649337 -0.01216 -0.02253944
v -0.02637338 -0.01277197 -0.02236832
v -0.02656062 -0.00825562 -0.022585
v -0.02656062 -0.01149658 -0.022585
v -0.0295 -0.0045 -0.021085
v -0.02363467 -0.0045 -0.02158846
v -0.0309142 -0.0039142 -0.021085
v -0.0315 -0.0015 -0.021085
v -0.0315 -0.0025 -0.021085
v -0.03324999 -0.004 0.021485
v -0.02756071 -0.01153265 0.022585
v -0.03499999 -0.00684997 0.022585
v -0.03499999 -0.00575 0.021485
v -0.0309142 -0.0039142 0.022585
v -0.0315 -0.0025 0.022585
v -0.03499999 -0.00225 0.021485
v -0.03674999 -0.004 0.021485
v -0.0315 -0.0015 0.022585
v -0.0315 -0.0025 0.021085
v -0.0315 -0.0015 0.021085
v -0.0295 -0.0045 0.022585
v -0.0309142 -0.0039142 0.021085
v -0.02656068 -0.0045 0.022585
v -0.02363439 -0.0045 0.02158857
v -0.02705703 -0.01152352 0.022585
v -0.0295 -0.0045 0.021085
v -0.02656069 -0.0045 0.021085
v -0.02649357 -0.01215865 0.02253967
v -0.04499999 -0.0015 0.022585
v -0.04499999 -0.01153265 0.022585
v -0.02637381 -0.01277027 0.02236897
v 0.00039999 -0.00493891 -0.03149746
v 0 -0.00493417 -0.0315
v -0.00039999 -0.00493891 -0.03149746
v -0.01540231 -0.00493891 -0.0274776
v -0.01574999 -0.00493417 -0.0272798
v -0.01609513 -0.00493891 -0.0270776
v -0.01609513 -0.01109118 -0.0270776
v -0.01877888 -0.01109105 -0.02529038
v -0.02126905 -0.00782788 -0.02323526
v 0.01609514 -0.00493891 -0.0270776
v 0.01575001 -0.00493417 -0.0272798
v 0.01540232 -0.00493891 -0.0274776
v 0.01540232 -0.01109105 -0.0274776
v 0.0081528 -0.01109105 -0.03042667
v 0.03150001 -0.00493417 0
v 0.03149747 -0.00493891 -0.0004
v 0.02747761 -0.00493891 -0.01540232
v 0.02727981 -0.00493417 -0.01575
v 0.02707761 -0.00493891 -0.01609514
v 0.02707761 -0.01109105 -0.01609514
v 0.02227387 -0.01109105 -0.02227387
v 0.02707761 -0.00493891 0.01609514
v 0.02727981 -0.00493417 0.01575
v 0.02747761 -0.00493891 0.01540232
v 0.02747761 -0.01109105 0.01540232
v 0.03042667 -0.01109105 0.0081528
v 0.03149747 -0.00493891 0.0004
v 0.01540232 -0.00493891 0.0274776
v 0.01575001 -0.00493417 0.0272798
v 0.01609514 -0.00493891 0.0270776
v 0.01609514 -0.01109105 0.0270776
v 0.02227387 -0.01109105 0.02227386
v -0.01609513 -0.00493891 0.0270776
v -0.01574999 -0.00493417 0.0272798
v -0.01540231 -0.00493891 0.0274776
v -0.00039999 -0.00493891 0.03149746
v 0 -0.00493417 0.0315
v 0.00039999 -0.00493891 0.03149746
v 0.00039999 -0.01109105 0.03149746
v 0.00815289 -0.01109105 0.03042664
v -0.0212691 -0.00783036 0.02323522
v -0.0212691 -0.01109105 0.02323522
v -0.02369345 -0.01121935 0.021563
v -0.01877917 -0.01109105 0.02529017
v -0.02125474 -0.0114782 0.02323444
v -0.02120364 -0.01173075 0.02319827
v -0.02351872 -0.01205088 0.0214727
v -0.01609513 -0.01109105 0.0270776
v -0.01814512 -0.01279047 0.02458317
v -0.02115061 -0.01183605 0.02318672
v -0.02086898 -0.01244305 0.02294725
v -0.02048963 -0.01279047 0.02266612
v -0.01329946 -0.01538546 0.02223535
v -0.0159774 -0.01207168 0.02687368
v -0.01562235 -0.01279047 0.02625872
v -0.01260664 -0.01538546 0.02263535
v -0.01540231 -0.01109105 0.0274776
v -0.01528543 -0.01206864 0.02727515
v -0.01492953 -0.01279047 0.02665872
v -0.01371302 -0.01421923 0.02455166
v -0.00815303 -0.01109105 0.0304266
v -0.00039999 -0.01109105 0.03149746
v -0.0079081 -0.01279047 0.02951339
v -0.00039999 -0.00995273 0.0288139
v -0.00039999 -0.01279047 0.0305519
v -0.00039999 -0.01207168 0.03126199
v 0.00039999 -0.00995273 0.0288139
v 0.00039999 -0.01206864 0.03126369
v 0.00039999 -0.01279047 0.0305519
v 0.01540232 -0.01109105 0.0274776
v 0.0079081 -0.01279047 0.02951339
v 0.01260665 -0.01538546 0.02263535
v 0.0152846 -0.01207168 0.02727368
v 0.01492954 -0.01279047 0.02665872
v 0.01329947 -0.01538546 0.02223535
v 0.01597826 -0.01206864 0.02687515
v 0.01562237 -0.01279047 0.02625872
v 0.01440586 -0.01421923 0.02415166
v 0.02707761 -0.01109105 0.01609514
v 0.02160531 -0.01279047 0.0216053
v 0.02223536 -0.01538546 0.01329947
v 0.02687369 -0.01207168 0.01597741
v 0.02625872 -0.01279047 0.01562236
v 0.02263535 -0.01538546 0.01260665
v 0.02727515 -0.01206864 0.01528543
v 0.02665873 -0.01279047 0.01492954
v 0.02455167 -0.01421923 0.01371303
v 0.03149747 -0.01109105 0.0004
v 0.0295134 -0.01279047 0.00790809
v 0.02881391 -0.00995273 0.0004
v 0.0305519 -0.01279047 0.0004
v 0.031262 -0.01207168 0.0004
v 0.02881391 -0.00995273 -0.0004
v 0.03149747 -0.01109105 -0.0004
v 0.03126369 -0.01206864 -0.0004
v 0.0305519 -0.01279047 -0.0004
v 0.03042667 -0.01109105 -0.0081528
v 0.02747761 -0.01109105 -0.01540232
v 0.0295134 -0.01279047 -0.00790809
v 0.02263535 -0.01538546 -0.01260665
v 0.02727369 -0.01207168 -0.01528459
v 0.02665873 -0.01279047 -0.01492954
v 0.02223536 -0.01538546 -0.01329947
v 0.02687516 -0.01206864 -0.01597826
v 0.02625872 -0.01279047 -0.01562236
v 0.02415166 -0.01421923 -0.01440585
v 0.01609514 -0.01109105 -0.0270776
v 0.02160531 -0.01279047 -0.0216053
v 0.01329947 -0.01538546 -0.02223535
v 0.01597741 -0.01207168 -0.02687368
v 0.01562237 -0.01279047 -0.02625872
v 0.01260665 -0.01538546 -0.02263535
v 0.01528544 -0.01206864 -0.02727515
v 0.01492954 -0.01279047 -0.02665872
v 0.01371303 -0.01421923 -0.02455166
v 0.00039999 -0.01109105 -0.03149746
v 0.00790807 -0.01279047 -0.0295134
v 0.00039999 -0.00995273 -0.0288139
v 0.00039999 -0.01279047 -0.0305519
v 0.00039999 -0.01207168 -0.03126199
v -0.00039999 -0.00995273 -0.0288139
v -0.00039999 -0.01109105 -0.03149746
v -0.00039999 -0.01206864 -0.03126369
v -0.00039999 -0.01279047 -0.0305519
v -0.00815271 -0.01109105 -0.03042669
v -0.01540231 -0.01109114 -0.0274776
v -0.00790819 -0.01279047 -0.02951337
v -0.01260664 -0.01538546 -0.02263535
v -0.01528457 -0.01207172 -0.02727366
v -0.01492953 -0.01279047 -0.02665872
v -0.01329946 -0.01538546 -0.02223535
v -0.01597824 -0.0120687 -0.02687512
v -0.01562235 -0.01279047 -0.02625872
v -0.01440585 -0.01421923 -0.02415166
v -0.02126902 -0.01109105 -0.02323528
v -0.02053221 -0.01274451 -0.02272715
v -0.01814503 -0.01279047 -0.02458324
v -0.02060319 -0.01269833 -0.02276156
v -0.02083212 -0.01248821 -0.02292508
v -0.02108534 -0.01203824 -0.02310918
v -0.02110498 -0.01199342 -0.02312373
v -0.02113029 -0.01195048 -0.02313067
v -0.0212415 -0.01157681 -0.02322624
v -0.02369355 -0.01121931 -0.02156297
v -0.04419999 -0.01949999 0.00954124
v -0.04419999 -0.02105732 0.0004
v -0.04419999 -0.02063438 0.00503183
v -0.028 -0.02063438 0.00503183
v -0.04419999 -0.01949999 0.0004
v -0.028 -0.01949999 0.00954124
v -0.028 -0.02105732 0.0004
v -0.028 -0.01949999 0.0004
v -0.02719999 -0.01949999 0.00954124
v -0.02719999 -0.02105732 0.0004
v -0.02719999 -0.02063438 0.00503183
v -0.01218417 -0.0204822 0.00585536
v -0.02719999 -0.01949999 0.0004
v -0.01775299 -0.01830232 0.01255483
v -0.028 -0.01949999 -0.00954124
v -0.028 -0.01949999 -0.0004
v -0.00973567 -0.0210573 0.0004
v -0.00630777 -0.02117509 0.0004
v -0.00698862 -0.01949999 0.0004
v -0.00791502 -0.02027898 0.00879644
v -0.0046206 -0.0213141 0.0004
v -0.02257606 -0.01550359 0.01737938
v -0.01512571 -0.01668686 0.01748968
v -0.01091371 -0.01901276 0.01276618
v -0.02667871 -0.01299359 0.02045089
v -0.02579176 -0.01299127 0.02045337
v -0.02756071 -0.01299417 0.02045027
v -0.02756073 -0.01234259 0.0209279
v -0.02582656 -0.01295495 0.02048989
v -0.02281451 -0.01285689 0.02102765
v -0.01215991 -0.02048907 -0.00582076
v -0.02719999 -0.02063438 -0.00503183
v -0.02719999 -0.02105732 -0.0004
v -0.02719999 -0.01949999 -0.0004
v -0.00973599 -0.0210573 -0.0004
v -0.00698862 -0.01949999 -0.0004
v -0.02719999 -0.01949999 -0.00954124
v -0.01767024 -0.01834307 -0.01246616
v -0.028 -0.02105732 -0.0004
v -0.028 -0.02063438 -0.00503183
v -0.04419999 -0.02063438 -0.00503183
v -0.04419999 -0.01949999 -0.00954124
v -0.04419999 -0.02105732 -0.0004
v -0.04419999 -0.01949999 -0.0004
v -0.02756071 -0.01299417 -0.02045027
v -0.02264578 -0.0154572 -0.01744434
v -0.02756062 -0.01229677 -0.02094754
v -0.02667857 -0.01299359 -0.02045089
v -0.02612496 -0.01266974 -0.02074274
v -0.02579176 -0.01299127 -0.02045337
v -0.02281346 -0.01285684 -0.02102814
v -0.01500158 -0.01676472 -0.01735936
v -0.0204895 -0.01279047 -0.02266625
v -0.01075924 -0.01908581 -0.01257831
v -0.00782272 -0.02031287 -0.00865927
v -0.00632725 -0.02117365 -0.0004
v -0.03499999 -0.00575 -0.021085
v -0.02756071 -0.01153265 -0.021085
v -0.02656063 -0.00825567 -0.021085
v -0.02656065 -0.0045 -0.021085
v -0.02656062 -0.01149658 -0.021085
v -0.02705404 -0.01152349 -0.021085
v -0.02650392 -0.01190661 -0.02106104
v -0.02354646 -0.01205453 -0.02146016
v -0.03499999 -0.00575 0.021085
v -0.02756071 -0.01153265 0.021085
v -0.02705404 -0.01152349 0.021085
v -0.0265041 -0.01190594 0.02106116
v -0.02638432 -0.01223769 0.0209664
v -0.02656068 -0.00825661 0.021085
v -0.02656068 -0.01149658 0.021085
v -0.02638391 -0.01223871 -0.02096601
v 0.01210257 -0.0202208 -0.0004
v 0.02807319 -0.01072781 -0.0004
v 0.02849642 -0.01039083 -0.0004
v 0.00397995 -0.02136178 -0.0004
v 0.00039999 -0.02136178 -0.00397995
v 0.00282842 -0.02136178 -0.00282845
v 0.00039999 -0.020117 -0.01257841
v 0.00039999 -0.01647994 -0.01456952
v 0.00039999 -0.01072781 -0.02807319
v 0.00039999 -0.01039083 -0.02849642
v -0.00039999 -0.02008452 -0.01272358
v -0.00039999 -0.01072781 -0.02807319
v -0.00039999 -0.01039083 -0.02849642
v -0.00039999 -0.02136178 -0.00397995
v -0.00039999 -0.02136178 0.00397995
v -0.00282841 -0.02136178 0.00282845
v -0.00039999 -0.020117 0.01257841
v -0.00039999 -0.01647994 0.01456952
v -0.00039999 -0.01072781 0.02807319
v -0.00039999 -0.01039083 0.02849642
v -0.02112127 -0.01195578 0.02313525
v -0.02608494 -0.01271233 0.02071235
v -0.02624604 -0.01250787 0.02084166
v -0.02586257 -0.01291841 0.02052803
v -0.02592396 -0.01285963 0.02058687
v -0.02598524 -0.01280584 0.02063673
v -0.02603527 -0.01274791 0.02068514
v 0.00039999 -0.02008452 0.01272358
v 0.00039999 -0.01072781 0.02807319
v 0.00039999 -0.01039083 0.02849642
v 0.00039999 -0.02136178 0.00397995
v 0.00397995 -0.02136178 0.0004
v 0.00282842 -0.02136178 0.00282845
v 0.0125982 -0.0201127 0.0004
v 0.01456952 -0.01647994 0.0004
v 0.02807319 -0.01072781 0.0004
v 0.02849642 -0.01039083 0.0004
v -0.0046206 -0.0213141 -0.0004
v -0.00529321 -0.0144249 -0.0004
v -0.00282841 -0.02136178 -0.00282845
v -0.00429448 -0.02133926 -0.0004
v -0.00397995 -0.01049999 -0.0004
v -0.00397995 -0.02136178 -0.0004
v -0.0052935 -0.0144258 0.0004
v -0.00429562 -0.02133918 0.0004
v -0.00397995 -0.02136178 0.0004
v 0 -0.001 -0.00174997
v 0 -0.005 -0.00175
v 0.00175 -0.005 0
v 0.003 -0.005 0
v 0.00175 -0.001 0
v 0 -0.005 0.00175
v 0 -0.005 0.003
v -0.00175 -0.001 0
v -0.00175 -0.005 0
v 0 -0.005 -0.003
v 0 -0.001 0.00174997
v -0.003 -0.005 0
v -0.004 -0.001 0
v 0 -0.001 0.004
v 0 -0.001 -0.004
v 0.004 -0.001 0
v -0.00399499 -0.01049999 0.00020015
v -0.00397995 -0.01049999 0.0004
v -0.004 -0.01049999 0
v -0.00699998 -0.01949999 0
v -0.00399499 -0.01049999 -0.00020015
v 0 -0.01049999 0.004
v -0.00039999 -0.01049999 0.00397995
v 0.004 -0.01049999 0
v 0.00399498 -0.01049999 0.00020025
v 0.00397995 -0.01049999 0.0004
v 0.00039999 -0.01049999 0.00397995
v 0.00399497 -0.01049999 -0.00020063
v 0.00039999 -0.01049999 -0.00397995
v 0 -0.01049999 -0.004
v 0.00397995 -0.01049999 -0.0004
v 0.00604088 -0.01811663 0
v 0.00602762 -0.01811663 -0.0004
v 0.00497189 -0.0141871 0.0004
v 0.00602762 -0.01811663 0.0004
v 0.02243438 -0.01538757 0.01295249
v 0.00039999 -0.01418703 0.00497188
v 0.0129525 -0.01538757 0.02243437
v 0.00039999 -0.01811663 0.00602761
v 0 -0.01811663 0.00604087
v -0.00039999 -0.01811663 0.00602761
v -0.00039999 -0.0141871 0.00497189
v -0.01295249 -0.01538757 0.02243437
v -0.00039999 -0.01049999 -0.00397995
v -0.00039999 -0.01418703 -0.00497188
v -0.01295249 -0.01538757 -0.02243437
v -0.00039999 -0.01811663 -0.00602761
v 0 -0.01811663 -0.00604087
v 0.00039999 -0.01811663 -0.00602761
v 0.00039999 -0.0141871 -0.00497189
v 0.0129525 -0.01538757 -0.02243437
v 0.00497188 -0.01418703 -0.0004
v 0.02243438 -0.01538757 -0.01295249
v 0.01456952 -0.01647994 -0.0004
v -0.00039999 -0.01647994 -0.01456952
v 0.00039999 -0.01647994 0.01456952
v 0.02881252 -0.00995531 -2.1E-06
v 0.02807186 -0.01073029 -2.05E-06
v 2.08E-06 -0.00995531 0.02881252
v 2.03E-06 -0.01073029 0.02807186
v -1.92E-06 -0.00995531 -0.02881252
v -1.88E-06 -0.01073029 -0.02807186
vn 1 -0 0
vn 0.05471 0.0023 0.9985
vn 1 -0.00052 0.00183
vn 0.99998 0.00091 0.00603
vn 1 0 0
vn 0.05083 -0.71194 0.70039
vn 0.99998 -0.00532 0.00386
vn 1 -0.00058 0.00184
vn 0.05079 -0.71192 0.70042
vn 1 -0.00059 0.00181
vn 0.05472 0.00232 0.9985
vn 1 -2E-05 0
vn 0.04693 0.29081 0.95563
vn 0.99998 0.00085 0.00601
vn 1 1E-05 -0
vn 0.05473 0.00234 0.9985
vn 0.99998 0.00089 0.00599
vn 0.04695 0.29085 0.95562
vn 0.70605 0.4033 0.5821
vn 1 -1E-05 -2E-05
vn 1 -1E-05 -2E-05
vn 0.73037 0.38898 0.56147
vn 0.04696 0.29083 0.95562
vn 1 -0 4E-05
vn 0.72924 0.39044 0.56193
vn 1 -3E-05 2E-05
vn 0.70604 0.4033 0.58211
vn 0.00699 0.00267 0.99997
vn 0.00697 0.28915 0.95726
vn 0.007 -0.34334 0.93918
vn 0.00704 0.99998 -3E-05
vn 0.00698 0.28915 0.95726
vn 0.00699 0.00268 0.99997
vn 0.00696 0.56954 0.82193
vn 0.007 0.28914 0.95726
vn 0.007 0.99998 -3E-05
vn 0.72614 0.39029 0.56604
vn 0.99995 0.00558 0.00818
vn 0.78618 0.3519 0.50803
vn 0.70579 0.40448 0.5816
vn 0.99995 0.00559 0.00823
vn 0.72616 0.3902 0.56607
vn 1 -0 0
vn 0.00699 0.00271 0.99997
vn 0.00696 -0.34335 0.93918
vn 0.00699 -0.83787 0.54583
vn 0.70273 -0.71145 0
vn 1 4E-05 2E-05
vn 1 4E-05 0
vn 0.00698 -0.89328 0.44945
vn 0.00705 0.00257 0.99997
vn 0.00698 -0.83784 0.54587
vn 0.70267 -0.71152 3E-05
vn 0.71819 -0.69585 1E-05
vn 1 0 0
vn 0.70328 -0.71091 -1E-05
vn 1 -4E-05 2E-05
vn 0.99998 -0.00536 0.00382
vn 0.05086 -0.71194 0.70039
vn 0.01744 -0.99985 1E-05
vn 0.99998 -0.00534 0.00384
vn 0.7033 -0.71089 -1E-05
vn 0.99998 -0.00538 0.00378
vn 0.01749 -0.99985 -4E-05
vn 1 -0 0
vn 0.03414 -0.70677 0.70662
vn 0.99997 -0.00449 0.00662
vn 1 -0.00081 0.00258
vn 0.03414 -0.70675 0.70664
vn 0.99998 -0.00551 0.00303
vn 0.99997 -0.00447 0.00661
vn 1 -0 0
vn 0.03411 -0.70673 0.70666
vn 1 -0.00081 0.00257
vn 1 -7E-05 1E-05
vn 0.71523 1E-05 0.69888
vn 1 -1E-05 2E-05
vn 1 0 2E-05
vn 0.72644 3E-05 0.68723
vn 0.03412 -0.70672 0.70667
vn 1 1E-05 0
vn 0.71523 1E-05 0.69889
vn 0.72645 0.00234 0.68721
vn 1 -1E-05 -1E-05
vn 0.70597 0.51001 0.49142
vn 1 -2E-05 -4E-05
vn 1 -2E-05 -4E-05
vn 0.71523 0.16103 0.68008
vn 1 0 1E-05
vn 0.70603 0.50995 0.4914
vn 0.70598 0.50998 0.49143
vn 1 4E-05 1E-05
vn 1 4E-05 1E-05
vn 1 0 0
vn 1 -0 0
vn 1 -1E-05 0
vn 0.70599 0.51 0.49141
vn 1 -0 -4E-05
vn 0.99976 0.02159 -0.00216
vn 0.05902 0.99337 -0.09865
vn 0.99977 0.0215 -0.00215
vn 1 3E-05 1E-05
vn 0.05895 0.99337 -0.09866
vn 0.02616 0.71979 0.6937
vn 0.99977 0.02157 -0.00214
vn 0.70602 0.50992 0.49144
vn 0.99977 0.02148 -0.0022
vn 0.02619 0.7198 0.69368
vn 0.70606 0.40329 -0.58209
vn 1 -5E-05 1E-05
vn 1 -4E-05 1E-05
vn 1 -0 0
vn 0.72925 0.38967 -0.56245
vn 0.05902 0.99337 -0.09864
vn 1 -1E-05 -4E-05
vn 0.72924 0.38895 -0.56297
vn 1 1E-05 1E-05
vn 0.70604 0.40331 -0.5821
vn 0.00696 -0.00265 -0.99997
vn 0.00699 0.79462 -0.60706
vn 0.007 0.94743 -0.3199
vn 0.007 0.56952 -0.82195
vn 0.00697 0.79465 -0.60703
vn 0.00698 -0.00262 -0.99997
vn 0.72627 0.39273 -0.56418
vn 0.99995 0.0057 -0.00827
vn 0.7861 0.35194 -0.50812
vn 0.70579 0.40229 -0.58312
vn 0.99995 0.00564 -0.0082
vn 0.72616 0.39276 -0.5643
vn 0.00701 -0.00274 -0.99997
vn 0.00695 0.94741 -0.31993
vn 0.00697 0.99998 5E-05
vn 0.007 0.99998 3E-05
vn 0.00448 0.99999 3E-05
vn 0.00694 0.28473 0.95858
vn 0.00698 -0.00266 -0.99997
vn 0.00695 0.99998 -0
vn 0.00348 0.99999 -1E-05
vn 1 -0 0
vn 0.00699 0.00266 0.99997
vn 0.00697 0.28474 0.95858
vn 0.00703 -0.83782 0.5459
vn 1 2E-05 0
vn 0.007 0.99998 0
vn 0.00696 0.28475 0.95858
vn 0.00703 0.00262 0.99997
vn 0.70269 -0.7115 0
vn 1 -2E-05 -0
vn 1 -2E-05 0
vn 0.7027 -0.71149 -3E-05
vn 0.71822 -0.69582 3E-05
vn 1 -1E-05 0
vn 0.7027 -0.71149 0
vn 1 0 1E-05
vn 0.99998 -0.00557 0.00304
vn 0.01743 -0.99985 1E-05
vn 0.99998 -0.00553 0.00304
vn 0.03416 -0.70672 0.70667
vn 0.7027 -0.71149 1E-05
vn 0.99998 -0.00561 0.00298
vn 0.01743 -0.99985 -2E-05
vn -1E-05 0.3154 -0.94896
vn 0.00341 0.71585 -0.69824
vn -1E-05 0.05235 -0.99863
vn 0.00183 0.99999 -0.00426
vn 3E-05 0.0523 -0.99863
vn 1E-05 0.7158 -0.6983
vn -0 0.16663 -0.98602
vn -0 0.05229 -0.99863
vn -0 0.05229 -0.99863
vn 0 0.05234 -0.99863
vn 1E-05 0.16666 -0.98602
vn 0 0.31536 -0.94897
vn -1E-05 0.05231 -0.99863
vn 0 0.05234 -0.99863
vn 0.70521 0.07391 -0.70514
vn -0 0.05235 -0.99863
vn 0 0.05234 -0.99863
vn 0.00676 0.99995 -0.00677
vn 0.70478 0.08168 -0.70471
vn 5E-05 0.05233 -0.99863
vn 0.00673 0.99996 -0.00663
vn -3E-05 0.05243 -0.99862
vn 0.00173 0.99999 -0.00409
vn 2E-05 1 -2E-05
vn 0 1 -2E-05
vn 0 0.7158 -0.69831
vn 0.00175 0.99999 -0.00419
vn -2E-05 0.71582 -0.69829
vn 0 1 0
vn 0.00014 0.73482 -0.67826
vn 1E-05 1 5E-05
vn -2E-05 0.71585 -0.69826
vn 0 0.31534 -0.94898
vn 2E-05 0.73477 -0.67832
vn -1E-05 0.71579 -0.69831
vn 0 1 0
vn -0.7047 0.08165 -0.70479
vn 2E-05 1 -0
vn 2E-05 0.73479 -0.67829
vn -0.00178 0.99999 -0.00418
vn 5E-05 1 -0
vn -0.70472 0.08167 -0.70477
vn 0 0.1667 -0.98601
vn -0.00071 0.05236 -0.99863
vn -0 0.73481 -0.67827
vn -0.70472 0.0817 -0.70477
vn 4E-05 0.73481 -0.67828
vn -0 0.05234 -0.99863
vn 1E-05 0.31584 -0.94881
vn -1E-05 0.73512 -0.67793
vn -1E-05 0.31584 -0.94881
vn 0 0.31539 -0.94896
vn -0 0.16669 -0.98601
vn 3E-05 0.7348 -0.67828
vn -0.38171 0.06831 -0.92175
vn 2E-05 0.05234 -0.99863
vn 2E-05 0.05234 -0.99863
vn -0.70513 0.0739 -0.70522
vn 1E-05 0.05232 -0.99863
vn -0.38169 0.06833 -0.92176
vn -2E-05 1 -3E-05
vn -0.26477 0.96431 -3E-05
vn 0.00012 1 -3E-05
vn 0 0 -1
vn -3E-05 1 4E-05
vn 0.00012 1 5E-05
vn 0.26477 0.96431 6E-05
vn 0.12015 -0 -0.99276
vn 2E-05 0 -1
vn 2E-05 -0 -1
vn 0 -0.21652 -0.97628
vn 0 -0.21455 -0.97671
vn 0.11296 -0 -0.9936
vn 2E-05 0 -1
vn 0.12014 -1E-05 -0.99276
vn 0 -0.21642 -0.9763
vn 0 -0.21441 -0.97674
vn 0 -0.21773 -0.97601
vn -2E-05 0.70712 -0.7071
vn 2E-05 4E-05 -1
vn 2E-05 4E-05 -1
vn 0.24967 -0.71423 -0.65386
vn 0.47929 -0.72914 -0.4885
vn 0.46895 -0.559 -0.68381
vn 0.12018 2E-05 -0.99275
vn 2E-05 2E-05 -1
vn -1E-05 0.70713 -0.70709
vn -2E-05 0.70708 -0.70713
vn -2E-05 0.70708 -0.70713
vn 2E-05 -1E-05 -1
vn -4E-05 0.70711 -0.70711
vn -2E-05 -1E-05 -1
vn 2E-05 -2E-05 -1
vn 0.6883 0.72542 -2E-05
vn -2E-05 7E-05 -1
vn -6E-05 2E-05 -1
vn 2E-05 0.7071 -0.70711
vn 7E-05 -1E-05 -1
vn -2E-05 1 1E-05
vn 0.6884 0.72534 -7E-05
vn 5E-05 1 -4E-05
vn 3E-05 -6E-05 -1
vn 0.70886 0.03715 -0.70437
vn -0 1E-05 -1
vn -0 2E-05 -1
vn 0.70614 0.03703 -0.7071
vn -2E-05 -2E-05 -1
vn 0.70884 0.03718 -0.70439
vn 0.70618 0.03698 -0.70707
vn 0.6884 0.72533 6E-05
vn 3E-05 -3E-05 -1
vn -1E-05 0.543 -0.83973
vn 0 0.21442 -0.97674
vn 1E-05 0.21442 -0.97674
vn 0 0.54309 -0.83968
vn 1E-05 0.21443 -0.97674
vn -1E-05 0.54301 -0.83973
vn 0.70065 0.18803 -0.68829
vn -2E-05 0.21427 -0.97677
vn -3E-05 0.54319 -0.83961
vn -0.70584 2E-05 -0.70837
vn -0 -2E-05 -1
vn -0 1E-05 -1
vn -1 6E-05 -0
vn 1E-05 0.54301 -0.83973
vn 1E-05 0.21441 -0.97674
vn -0.70584 -1E-05 -0.70837
vn -1E-05 -2E-05 -1
vn -0.70584 2E-05 -0.70837
vn -0.70583 0.15218 -0.69184
vn -1 4E-05 9E-05
vn -1E-05 0.21442 -0.97674
vn 0 -0.21703 -0.97617
vn 0 -0.21441 -0.97674
vn 1E-05 -0.29573 -0.95527
vn -1E-05 -0.31066 -0.95052
vn 1E-05 -0.21441 -0.97674
vn 1E-05 -0.54553 -0.83809
vn 0 -0.21441 -0.97674
vn 1E-05 -0.31062 -0.95053
vn -0 -0.26416 -0.96448
vn -0 -0.29574 -0.95527
vn -0 -0.21441 -0.97674
vn -1E-05 -0.25825 -0.96608
vn 1E-05 -0.26417 -0.96448
vn -0 -0.21443 -0.97674
vn -2E-05 -0.25255 -0.96758
vn -3E-05 -0.25814 -0.96611
vn -0 -0.2144 -0.97675
vn -0 -0.23341 -0.97238
vn 0 -0.25254 -0.96759
vn 0 -0.21443 -0.97674
vn -0 -0.21973 -0.97556
vn 0 -0.23341 -0.97238
vn 0 -0.2144 -0.97675
vn -0 -0.21716 -0.97614
vn 0 -0.21978 -0.97555
vn -0 -0.21444 -0.97674
vn -0.70585 -0.15218 -0.69182
vn -2E-05 -0.21442 -0.97674
vn 0 -0.54557 -0.83807
vn -0.99612 -0.08805 3E-05
vn -0.99612 -0.08805 3E-05
vn -0.99612 -0.08805 3E-05
vn -0.30509 -0.02672 -0.95195
vn 0.32958 -0.36076 -0.87248
vn 0.07406 -0.27506 -0.95857
vn -0.99627 -0.08633 -8E-05
vn -0.99627 -0.08633 -8E-05
vn -0.99627 -0.08634 -8E-05
vn -0.50761 -0.04431 -0.86045
vn 0.16202 -0.27375 -0.94806
vn 0.32964 -0.36067 -0.8725
vn -0.50766 -0.04442 -0.86041
vn 0.32959 -0.36082 -0.87246
vn -0.30509 -0.02678 -0.95195
vn -0.3051 -0.02674 -0.95194
vn 0.07405 -0.27507 -0.95857
vn -7E-05 2E-05 -1
vn -0.70442 -0.06163 -0.7071
vn 2E-05 2E-05 -1
vn 2E-05 2E-05 -1
vn -0.30486 -0.02665 -0.95202
vn -2E-05 0 -1
vn -0.70441 -0.06167 -0.70711
vn -0.70441 -0.06165 -0.70711
vn 1E-05 1E-05 -1
vn 0 3E-05 -1
vn -0.67563 -0.73724 4E-05
vn 2E-05 -7E-05 -1
vn 3E-05 -7E-05 -1
vn -0.67563 -0.73724 1E-05
vn -0.99619 -0.0872 3E-05
vn 1E-05 -3E-05 -1
vn -0.70443 -0.06162 -0.70709
vn 5E-05 -6E-05 -1
vn -0.99619 -0.08716 -4E-05
vn 1E-05 -0.70709 -0.70712
vn 3E-05 0 -1
vn -0.00013 0 -1
vn -3E-05 -0.70712 -0.7071
vn 2E-05 -0.70712 -0.7071
vn -1E-05 1E-05 -1
vn -0.67558 -0.73729 -4E-05
vn 1E-05 2E-05 -1
vn -1E-05 -0.70709 -0.70712
vn -0 -0.70713 -0.70708
vn -0 -3E-05 -1
vn -2E-05 -4E-05 -1
vn 0.67557 -0.73729 1E-05
vn 2E-05 2E-05 -1
vn 4E-05 3E-05 -1
vn -3E-05 -0.70712 -0.70709
vn 7E-05 0 -1
vn 0 -1 1E-05
vn 0.67555 -0.73731 -2E-05
vn -6E-05 -1 -6E-05
vn 3E-05 5E-05 -1
vn 0.30569 -0.02674 -0.95175
vn 1E-05 -1E-05 -1
vn 1E-05 1E-05 -1
vn 0.70445 -0.06165 -0.70707
vn 0.6756 -0.73727 3E-05
vn 1E-05 -2E-05 -1
vn 0.50762 -0.04443 -0.86043
vn 0.70442 -0.06161 -0.7071
vn 0 -1E-05 -1
vn 0.30567 -0.02675 -0.95176
vn 0.50763 -0.04442 -0.86043
vn -2E-05 -4E-05 -1
vn 0.30568 -0.02682 -0.95176
vn 0.00207 4E-05 -1
vn -0.00169 -0.21318 -0.97701
vn 0.46896 -0.55896 -0.68384
vn 0.47929 -0.72912 -0.48854
vn 0.64765 -0.64081 -0.4122
vn 0.30566 -0.02679 -0.95176
vn -0.00167 -0.21313 -0.97702
vn -0 -0.21662 -0.97626
vn -2E-05 0.7071 -0.70711
vn 3E-05 0.7071 -0.70711
vn 0.70714 1E-05 -0.70707
vn -0.70711 -1E-05 -0.70711
vn -0.70708 -1E-05 -0.70713
vn -1E-05 0.70713 -0.70708
vn -0.7071 -0 -0.70711
vn -0 0.70713 -0.70709
vn -0 0.7071 -0.70711
vn 0.70711 1E-05 -0.70711
vn 0.70715 -4E-05 -0.70707
vn 0 -0.70713 -0.70709
vn 0.70711 -1E-05 -0.7071
vn -2E-05 0.70708 -0.70713
vn 0.70713 -1E-05 -0.70708
vn -2E-05 -0.7071 -0.70711
vn -2E-05 -0.7071 -0.70711
vn -0.70714 -1E-05 -0.70708
vn 0.7071 0 -0.70711
vn -0 -0.70713 -0.70709
vn -0 -0.7071 -0.70711
vn -1E-05 -0.70714 -0.70708
vn -0.70712 -2E-05 -0.7071
vn -0.7071 -2E-05 -0.70711
vn 0.02616 2E-05 0.99966
vn 0.03114 -0.4306 0.902
vn 0.03144 -0.58125 0.81312
vn -0 -1 -1E-05
vn -0 -1 -1E-05
vn 0.4917 -0.87077 -0
vn 0.03286 -0.70679 0.70666
vn 0.02617 1E-05 0.99966
vn 0.03146 -0.58124 0.81313
vn 0.03085 -0.70701 0.70653
vn 0.03085 -0.7068 0.70674
vn 0.03144 -0.58124 0.81313
vn 0.03105 -0.41366 0.9099
vn 0.03084 -0.70703 0.70652
vn 0.03143 -0.58125 0.81312
vn -1 0 -2E-05
vn -0.48546 -0.87426 1E-05
vn -2E-05 -1 -2E-05
vn 3E-05 -1 0
vn -1 -3E-05 0
vn 3E-05 -1 -5E-05
vn 0.02619 2E-05 0.99966
vn 0.02618 2E-05 0.99966
vn 0.03112 -0.4306 0.902
vn -5E-05 -1 5E-05
vn 0.49165 -0.87079 -1E-05
vn 0.85415 -0.52003 -0
vn 1E-05 -1 -3E-05
vn 0.85417 -0.51999 1E-05
vn 0.99003 -0.14089 1E-05
vn 0.72642 3E-05 0.68725
vn 0.02617 4E-05 0.99966
vn 0.03416 -0.70675 0.70664
vn 0.72645 0 0.68722
vn 0.02618 2E-05 0.99966
vn 0.02618 0 0.99966
vn 0.01745 -0.99985 -2E-05
vn 0.02214 -0.99976 -0.00011
vn 0.03085 -0.70681 0.70673
vn 0.03148 -0.70699 0.70652
vn 0.01743 -0.99985 -0
vn 0.03085 -0.70683 0.70671
vn 0.71821 -0.69582 1E-05
vn 0.01744 -0.99985 4E-05
vn 0.01744 -0.99985 0
vn 0.70275 -0.71144 -0.00046
vn 0.01751 -0.99985 1E-05
vn 0.71826 -0.69577 -1E-05
vn 0.02616 1E-05 0.99966
vn 0.02772 4E-05 0.99962
vn 0.03085 -0.70701 0.70653
vn 0.02618 2E-05 0.99966
vn 0.02616 2E-05 0.99966
vn 0.03081 -0.70697 0.70657
vn 0.02617 1E-05 0.99966
vn 0.02616 0 0.99966
vn 0.03086 -0.70701 0.70653
vn 0.03104 -0.41361 0.90993
vn 0.02618 2E-05 0.99966
vn 0.03087 -0.70699 0.70655
vn 0.02618 -0 0.99966
vn 0.02193 0.2099 0.97748
vn 0.02618 -0 0.99966
vn 0.01802 -0.99984 -3E-05
vn 0.52803 -0.84922 -3E-05
vn -0.04106 -0.99916 -3E-05
vn 0.01804 -0.99984 2E-05
vn -0.04101 -0.99916 4E-05
vn -0.49803 -0.86716 2E-05
vn -1 0 3E-05
vn -0.8355 -0.54949 -1E-05
vn -0.48549 -0.87424 1E-05
vn -1 -7E-05 -1E-05
vn -0.98791 -0.15503 -1E-05
vn -0.83545 -0.54957 -0
vn 0.00697 -0.95272 0.30377
vn 0.00699 -0.91712 0.39855
vn 0.00696 -0.93751 0.34789
vn 0.00699 -0.96424 0.26493
vn 0.00698 -0.91728 0.39818
vn 0.00699 -0.95283 0.30342
vn 0.00698 -0.97281 0.23149
vn 0.00699 -0.91719 0.39838
vn 0.00697 -0.96419 0.26514
vn 0.00699 -0.97936 0.20201
vn 0.00695 -0.9172 0.39837
vn 0.00698 -0.97281 0.23148
vn 0.00698 -0.98432 0.17625
vn 0.00701 -0.91715 0.39849
vn 0.00698 -0.97932 0.20218
vn 0.00697 -0.98817 0.15319
vn 0.00696 -0.91724 0.39828
vn 0.00699 -0.98436 0.17603
vn 0.00699 -0.99106 0.13322
vn 0.00701 -0.91716 0.39847
vn 0.00697 -0.98814 0.15339
vn 0.00698 -0.99331 0.11528
vn 0.00695 -0.91719 0.39838
vn 0.00698 -0.99107 0.13313
vn 0.00699 -0.99504 0.09928
vn 0.00699 -0.91721 0.39834
vn 0.00698 -0.99331 0.11523
vn 0.00699 -0.99632 0.0854
vn 0.00698 -0.91708 0.39865
vn 0.00698 -0.995 0.09962
vn 0.00698 -0.99738 0.07204
vn 0.00695 -0.91733 0.39807
vn 0.00698 -0.99637 0.08482
vn 0.00698 -0.99813 0.0608
vn 0.00699 -0.91718 0.39842
vn 0.00698 -0.99735 0.07237
vn 0.00698 -0.99872 0.05015
vn 0.00699 -0.91719 0.39839
vn 0.00698 -0.99813 0.06077
vn 0.00699 -0.99917 0.04021
vn 0.00701 -0.91721 0.39835
vn 0.00698 -0.99872 0.0501
vn 0.00698 -0.9995 0.03068
vn 0.00697 -0.91728 0.39819
vn 0.00698 -0.99917 0.04008
vn 0.00697 -0.99974 0.02166
vn 0.007 -0.91717 0.39844
vn 0.00699 -0.9995 0.03092
vn 0.00697 -0.99991 0.01189
vn 0.00694 -0.91712 0.39855
vn 0.00698 -0.99974 0.02181
vn 0.007 -0.99998 -5E-05
vn 0.007 -0.91721 0.39835
vn 0.00698 -0.99991 0.01162
vn 0.00699 -0.99998 -2E-05
vn 0.00699 -0.91719 0.39839
vn 0.00698 -0.99998 -2E-05
vn 0.007 -0.89329 0.44943
vn 0.00698 -0.9172 0.39837
vn 0.00698 -0.99998 0
vn 0.00698 -0.99998 -0.00012
vn 0.00698 -0.99998 -0.00012
vn 0.00698 -0.99985 -0.01613
vn 0.00698 -0.99998 8E-05
vn 0.00698 -0.99985 -0.01598
vn 0.00698 -0.99949 -0.03103
vn 0.00698 -0.99998 -0
vn 0.00698 -0.99949 -0.03116
vn 0.00698 -0.99886 -0.04715
vn 0.00698 -0.99998 -2E-05
vn 0.00698 -0.99886 -0.04718
vn 0.00698 -0.99782 -0.06565
vn 0.00698 -0.99998 -1E-05
vn 0.00698 -0.99782 -0.06569
vn 0.00698 -0.99611 -0.08781
vn 0.00699 -0.99998 -0
vn 0.00698 -0.99611 -0.08783
vn 0.00698 -0.99335 -0.11489
vn 0.00697 -0.99998 7E-05
vn 0.00698 -0.99337 -0.11477
vn 0.00698 -0.98892 -0.14831
vn 0.00699 -0.99998 -1E-05
vn 0.00697 -0.9889 -0.14845
vn 0.00698 -0.98167 -0.19046
vn 0.00699 -0.99998 3E-05
vn 0.00698 -0.98168 -0.1904
vn 0.00698 -0.96987 -0.24351
vn 0.00699 -0.99998 -1E-05
vn 0.00698 -0.96987 -0.24352
vn 0.00698 -0.95028 -0.31131
vn 0.007 -0.99998 -2E-05
vn 0.00698 -0.95029 -0.3113
vn 0.00698 -0.91719 -0.39838
vn 0.72366 -0.69016 0
vn 0.01748 -0.99985 -3E-05
vn 0.01748 -0.99985 0
vn 0.00697 -0.89333 -0.44934
vn 0.00695 -0.99998 -1E-05
vn 0.00697 -0.91719 -0.39839
vn 0.72362 -0.6902 -1E-05
vn 0.71781 -0.69624 1E-05
vn 0.01743 -0.99985 -2E-05
vn 0.72482 -0.68893 3E-05
vn 0.01746 -0.99985 1E-05
vn 0.05082 -0.71199 -0.70035
vn 0.01749 -0.99985 -0.00017
vn 0.28619 -0.46971 -0.83515
vn 0.01746 -0.99985 3E-05
vn 0.01747 -0.99985 3E-05
vn 0.04417 -0.83763 -0.54444
vn 0.01748 -0.99985 -8E-05
vn 0.28619 -0.46961 -0.8352
vn 0.00872 -0.99996 0
vn 0.69962 -0.71451 -1E-05
vn 0.00871 -0.99996 3E-05
vn 0.00872 -0.99996 -3E-05
vn 0.21072 -0.47007 -0.85711
vn 0.00873 -0.99996 5E-05
vn 0.69965 -0.71448 -2E-05
vn 0.70931 0.40139 -0.57945
vn 1 -8E-05 -2E-05
vn 1 -2E-05 2E-05
vn 0.00696 -0.00266 -0.99997
vn 0.00701 -0.34333 -0.93919
vn 0.00697 0.28824 -0.95753
vn 0.007 0.56956 -0.82192
vn 0.00698 -0.00268 -0.99997
vn 0.007 0.28823 -0.95753
vn 0.72616 0.39278 -0.56428
vn 0.78611 0.35196 -0.5081
vn 0.99995 0.00566 -0.00825
vn 0.7256 0.39192 -0.56561
vn 1 7E-05 0
vn 0.70926 0.4015 -0.57943
vn 1 -1E-05 0
vn 0.70988 0.40114 -0.57893
vn 1 1E-05 2E-05
vn 0.99998 0.00089 -0.00598
vn 1 -0 0
vn 0.05471 0.0023 -0.9985
vn 0.99998 0.00091 -0.00603
vn 1 -0.00052 -0.00183
vn 0.04693 0.29082 -0.95563
vn 0.0349 0.56912 -0.82151
vn 0.99998 0.00093 -0.00599
vn 0.70988 0.40111 -0.57895
vn 0.99998 0.00081 -0.00604
vn 0.03491 0.56914 -0.8215
vn 0.04695 0.29084 -0.95562
vn 0.99998 0.00088 -0.00599
vn 0.05473 0.00233 -0.9985
vn 1 1E-05 0
vn 0.05084 -0.71196 -0.70037
vn 1 -0.0006 -0.00181
vn 0.99998 -0.00545 -0.00379
vn 0.05471 0.00231 -0.9985
vn 1 -0.00059 -0.00182
vn 0.05083 -0.71194 -0.7004
vn 1 -3E-05 0
vn 0.05085 -0.71198 -0.70036
vn 0.99998 -0.00541 -0.00384
vn 1 -1E-05 5E-05
vn 0.7178 -0.69625 0
vn 1 -3E-05 1E-05
vn 1 -3E-05 -0
vn 0.72367 -0.69014 0.00025
vn 1 5E-05 -0
vn 0.71789 -0.69616 3E-05
vn 0.72484 -0.68892 -1E-05
vn 0.05086 -0.71192 -0.70042
vn 1 2E-05 -1E-05
vn 0.00699 -0.99998 7E-05
vn 0.007 -0.83784 -0.54587
vn 0.00699 -0.34334 -0.93919
vn 0.00698 -0.89334 -0.44933
vn 0.00697 -0.83782 -0.5459
vn 0.00696 -0.99998 -4E-05
vn 0.00698 -0.00267 -0.99997
vn 0.007 -0.99998 2E-05
vn 0.00698 -0.34333 -0.93919
vn 0.72303 0.69082 0
vn 0.03493 0.99939 -3E-05
vn 0.03492 0.99939 0
vn 0.007 0.99998 -3E-05
vn 0.00697 0.87855 -0.4776
vn 0.00699 0.90285 -0.42991
vn 0.00698 0.99403 -0.10885
vn 0.00695 0.90285 -0.4299
vn 0.00698 0.97185 -0.23549
vn 0.00696 0.99998 0
vn 0.00697 0.90285 -0.4299
vn 0.00698 0.99403 -0.10885
vn 0.00696 0.99998 1E-05
vn 0.00698 0.90285 -0.4299
vn 0.007 0.99998 1E-05
vn 0.72298 0.69086 2E-05
vn 0.70927 0.70494 0.00086
vn 0.03486 0.99939 -0
vn 0.99993 0.01011 -0.00607
vn 0.0349 0.99939 2E-05
vn 0.70889 0.70531 2E-05
vn 0.07221 0.71104 -0.69944
vn 0.03488 0.99939 -2E-05
vn 0.99993 0.01009 -0.00611
vn 1 -3E-05 2E-05
vn 1 -3E-05 0
vn 0.70931 0.7049 0
vn 0.99993 0.0101 -0.00611
vn 0.70891 0.7053 1E-05
vn 1 -1E-05 -1E-05
vn 0.72298 0.69087 -1E-05
vn 1 4E-05 -0
vn 0.70926 0.70494 -1E-05
vn 0.00703 -0.00271 -0.99997
vn 0.00695 0.82349 -0.56729
vn 0.00696 0.87856 -0.47758
vn 0.007 -0.00266 -0.99997
vn 0.007 0.33125 -0.94352
vn 0.00698 0.82354 -0.56721
vn 0.00694 -0.00263 -0.99997
vn 0.00698 0.87856 -0.47758
vn 0.00699 0.99998 4E-05
vn 1 1E-05 0
vn 0.70891 -0.40168 0.57975
vn 1 -2E-05 -1E-05
vn 0.99993 -0.00074 0.01178
vn 0.70931 -0.4014 0.57944
vn 1 5E-05 -0
vn 1 2E-05 -2E-05
vn 1 -1E-05 0
vn 0.06743 -0.00233 0.99772
vn 0.99993 -0.00076 0.01182
vn 1 -3E-05 -1E-05
vn 0.70891 -0.40166 0.57975
vn 0.99993 -0.00077 0.01177
vn 0.03492 -0.56913 0.82151
vn 0.0538 -0.29081 0.95527
vn 0.03491 -0.56914 0.8215
vn 0.99993 -0.00076 0.01177
vn 0.06742 -0.00228 0.99772
vn 0.05379 -0.29076 0.95528
vn 0.99993 -0.00071 0.01181
vn 1 1E-05 0
vn 0.07221 0.71112 0.69935
vn 1 -0 1E-05
vn 0.99993 0.01006 0.00614
vn 0.07222 0.71111 0.69936
vn 0.06745 -0.00235 0.99772
vn 1 1E-05 0
vn 1 -3E-05 0
vn 0.07225 0.71109 0.69937
vn 0.99993 0.01008 0.00611
vn 1 -5E-05 -4E-05
vn 0.72357 0.69025 1E-05
vn 1 -5E-05 -3E-05
vn 1 -5E-05 -1E-05
vn 0.72351 0.69032 -3E-05
vn 0.72917 0.68433 -0.00035
vn 1 9E-05 -1E-05
vn 0.07222 0.71109 0.69938
vn 1 -0 -1E-05
vn 0.72962 0.68385 -2E-05
vn 0.00693 0.99998 7E-05
vn 0.00699 0.8235 0.56727
vn 0.007 0.33118 0.94354
vn 0.007 0.99998 -3E-05
vn 0.00697 0.87854 0.47762
vn 0.00698 0.8235 0.56728
vn 0.007 0.00265 0.99997
vn 0.00695 0.33122 0.94353
vn 0.00698 -0.2882 0.95754
vn 0.00703 0.99998 -3E-05
vn 0.00699 0.33123 0.94352
vn 0.00696 0.00272 0.99997
vn 0.79145 -0.34815 0.50239
vn 1 -5E-05 1E-05
vn 0.70928 -0.40147 0.57943
vn 0.007 0.0027 0.99997
vn 0.00697 -0.28822 0.95754
vn 0.00699 -0.56985 0.82172
vn 0.07222 0.71105 -0.69942
vn 0.99993 0.01015 -0.0061
vn 1 1E-05 3E-05
vn 1 0 0
vn 0.06746 -0.00232 -0.99772
vn 1 -2E-05 -1E-05
vn 0.99993 -0.00079 -0.0118
vn 0.06743 -0.00233 -0.99772
vn 0.07221 0.71103 -0.69944
vn 1 2E-05 -0
vn 1 -1E-05 0
vn 0.0538 -0.29079 -0.95527
vn 0.99993 -0.00072 -0.01182
vn 1 1E-05 1E-05
vn 0.0538 -0.29079 -0.95527
vn 0.06742 -0.00235 -0.99772
vn 0.99993 -0.00071 -0.0118
vn 0.79144 -0.34812 -0.50243
vn 1 -1E-05 -3E-05
vn 1 -3E-05 -1E-05
vn 0.79146 -0.34807 -0.50244
vn 0.72923 -0.38788 -0.56371
vn 1 4E-05 -4E-05
vn 0.05387 -0.29084 -0.95525
vn 1 2E-05 1E-05
vn 0.72966 -0.38942 -0.5621
vn 0.00696 -0.00266 -0.99997
vn 0.00698 -0.28821 -0.95754
vn 0.00699 0.33122 -0.94353
vn 0.00699 -0.99998 3E-05
vn 0.00698 -0.56912 -0.82223
vn 0.00701 -0.28815 -0.95756
vn 0.00699 -0.00268 -0.99997
vn 0.00704 -0.99998 3E-05
vn 0.007 -0.28821 -0.95754
vn 0.00699 -0.99998 2E-05
vn 0.00679 -0.99998 2E-05
vn 0.00699 -0.94753 -0.31958
vn 0.00698 0.00272 0.99997
vn 0.00698 -0.94755 0.31953
vn 0.00699 -0.99998 7E-05
vn 0.00698 0.00266 0.99997
vn 0.00695 -0.99998 0
vn 0.00348 -0.99999 1E-05
vn 0.00702 -0.99998 2E-05
vn 0.00699 -0.94753 -0.31958
vn 0.007 -0.7952 -0.6063
vn 0.70931 -0.40138 -0.57946
vn 1 4E-05 1E-05
vn 1 3E-05 2E-05
vn 0.79143 -0.34811 -0.50246
vn 1 -4E-05 0
vn 0.7093 -0.40147 -0.57941
vn 0.007 -0.99998 5E-05
vn 0.00694 -0.79524 -0.60625
vn 0.00694 -0.56917 -0.82219
vn 0.70933 -0.40136 -0.57945
vn 1 7E-05 -1E-05
vn 0.99997 -0.00639 -0.00326
vn 0.06174 -0.88728 -0.45708
vn 0.99997 -0.00645 -0.00327
vn 0.99985 -0.01759 5E-05
vn 0.7093 -0.40141 -0.57946
vn 0.99997 -0.00645 -0.00327
vn 0.03486 -0.56918 -0.82147
vn 0.06176 -0.88726 -0.45711
vn 0.03489 -0.56915 -0.82149
vn 0.99997 -0.00643 -0.00327
vn 1 1E-05 0
vn 0.07518 -0.99717 1E-05
vn 0.99985 -0.01756 3E-05
vn 0.99997 -0.00642 0.0033
vn 0.07515 -0.99717 -1E-05
vn 0.06172 -0.88728 -0.45707
vn 0.99985 -0.01755 1E-05
vn 1 -2E-05 0
vn 0.06176 -0.88726 0.45712
vn 0.99997 -0.00638 0.00327
vn 1 2E-05 3E-05
vn 0.06176 -0.88727 0.45709
vn 0.07516 -0.99717 1E-05
vn 0.99997 -0.00642 0.00325
vn 1 -1E-05 0
vn 0.79144 -0.34811 0.50244
vn 1 -5E-05 -1E-05
vn 1 -3E-05 0
vn 0.79149 -0.34799 0.50244
vn 0.72924 -0.39138 0.56128
vn 1 8E-05 -0
vn 0.06176 -0.88726 0.45711
vn 1 -3E-05 0
vn 0.72921 -0.3897 0.56248
vn 0.00698 0.00267 0.99997
vn 0.00698 -0.79523 0.60627
vn 0.00701 -0.94755 0.31953
vn 0.00696 0.00263 0.99997
vn 0.00696 -0.56982 0.82174
vn 0.007 -0.79522 0.60628
vn 0.03492 -0.56913 -0.8215
vn 0.03492 -0.56915 -0.82149
vn 0.72922 -0.38969 -0.56247
vn 0.05378 -0.29085 -0.95526
vn 0.72963 -0.38949 -0.56209
vn 0.03493 -0.56917 -0.82148
vn 0.7093 -0.40114 -0.57964
vn 0.03491 -0.56917 -0.82148
vn 0.72925 -0.38972 -0.56242
vn 0.79147 -0.348 -0.50247
vn 0.70934 -0.40134 -0.57945
vn 0.72926 -0.38959 -0.5625
vn 0.03489 0.99939 -3E-05
vn 0.03489 0.99939 0
vn 0.72923 0.68426 0
vn 0.0722 0.71112 0.69935
vn 0.7296 0.68387 -3E-05
vn 0.03489 0.99939 -2E-05
vn 0.72356 0.69026 0
vn 0.03488 0.99939 1E-05
vn 0.72923 0.68427 2E-05
vn 0.00701 0.99998 2E-05
vn 0.00699 0.90284 0.42991
vn 0.00698 0.87853 0.47763
vn 0.00697 0.99998 2E-05
vn 0.00698 0.97147 0.23708
vn 0.00699 0.90286 0.42988
vn 0.03487 -0.56917 0.82148
vn 0.03488 -0.56916 0.82149
vn 0.72922 -0.38972 0.56245
vn 0.06176 -0.88727 0.4571
vn 0.72923 -0.38965 0.56249
vn 0.0349 -0.56913 0.82151
vn 0.7093 -0.40176 0.57921
vn 0.0349 -0.56915 0.82149
vn 0.72924 -0.38971 0.56243
vn 0.79141 -0.3482 0.50243
vn 0.70927 -0.40153 0.5794
vn 0.72922 -0.38977 0.56242
vn 0.00698 0.99998 0
vn 0.00698 0.99998 0
vn 0.00698 0.99383 0.11066
vn 0.00698 0.99998 -2E-05
vn 0.00698 0.99383 0.11067
vn 0.00698 0.97147 0.23707
vn 0.72924 0.68426 -1E-05
vn 0.03489 0.99939 -4E-05
vn 0.03489 0.99939 -0.00013
vn 1 0.00013 0.0003
vn 0.0349 0.99939 4E-05
vn 0.99985 -0.01465 -0.00886
vn 0.70861 0.7056 -3E-05
vn 0.99985 -0.01463 -0.00881
vn 0.03484 0.99939 0
vn 0.07566 0.46229 0.8835
vn 0.03483 0.99939 2E-05
vn 1 0.00019 0.00034
vn 0.70928 0.70493 -0
vn 0.03488 0.99939 -1E-05
vn 0.72923 0.68427 1E-05
vn 0.72933 0.68416 2E-05
vn 0.03494 0.99939 0
vn 0.07569 0.46241 -0.88343
vn 0.01749 -0.99985 0.00017
vn 0.05005 -0.71686 0.69542
vn 0.01745 -0.99985 -3E-05
vn 0.01747 -0.99985 -3E-05
vn 0.21085 -0.47058 0.85679
vn 0.00875 -0.99996 -1E-05
vn 0.0087 -0.99996 -3E-05
vn 0.28615 -0.47022 0.83487
vn 0.01744 -0.99985 6E-05
vn 0.05005 -0.7168 0.69548
vn 0.71821 -0.69583 0
vn 0.01743 -0.99985 3E-05
vn 0.01743 -0.99985 0
vn 0.70271 -0.71147 -0.00067
vn 0.01746 -0.99985 -0
vn 0.71823 -0.69581 -1E-05
vn 0.00697 -0.95272 0.30377
vn 0.00699 -0.91712 0.39855
vn 0.00697 -0.93751 0.34789
vn 0.00699 -0.96424 0.26493
vn 0.00698 -0.91728 0.39818
vn 0.00699 -0.95283 0.30342
vn 0.00698 -0.97281 0.23149
vn 0.00698 -0.91719 0.39838
vn 0.00697 -0.96419 0.26514
vn 0.00698 -0.98432 0.17625
vn 0.00701 -0.91715 0.39849
vn 0.00698 -0.97932 0.20218
vn 0.00697 -0.98817 0.15319
vn 0.00696 -0.91724 0.39828
vn 0.00699 -0.98436 0.17603
vn 0.00698 -0.99331 0.11528
vn 0.00695 -0.91719 0.39838
vn 0.00697 -0.99107 0.13313
vn 0.00699 -0.99632 0.0854
vn 0.00698 -0.91708 0.39865
vn 0.00698 -0.995 0.09962
vn 0.00698 -0.99738 0.07204
vn 0.00695 -0.91731 0.39811
vn 0.00698 -0.99637 0.08482
vn 0.00698 -0.99813 0.0608
vn 0.00699 -0.91718 0.39842
vn 0.00698 -0.99735 0.07237
vn 0.00697 -0.99872 0.05015
vn 0.00699 -0.91719 0.39839
vn 0.00698 -0.99813 0.06077
vn 0.00698 -0.99917 0.04021
vn 0.00701 -0.91721 0.39835
vn 0.00698 -0.99872 0.0501
vn 0.00697 -0.99974 0.02166
vn 0.007 -0.91717 0.39844
vn 0.00699 -0.9995 0.03092
vn 0.00697 -0.99991 0.01189
vn 0.00694 -0.91712 0.39855
vn 0.00698 -0.99974 0.02181
vn 0.00696 -0.99998 -5E-05
vn 0.007 -0.91721 0.39835
vn 0.00698 -0.99991 0.01162
vn 0.00699 -0.99998 -2E-05
vn 0.00699 -0.91719 0.39839
vn 0.00698 -0.99998 -2E-05
vn 0.00699 -0.8933 0.44941
vn 0.00697 -0.9172 0.39836
vn 0.00697 -0.99998 -1E-05
vn 0.00698 -0.99998 -0.00012
vn 0.00698 -0.99998 -0.00012
vn 0.00698 -0.99985 -0.01613
vn 0.00698 -0.99998 8E-05
vn 0.00698 -0.99985 -0.01598
vn 0.00698 -0.99949 -0.03103
vn 0.00698 -0.99998 -0
vn 0.00698 -0.99949 -0.03116
vn 0.00698 -0.99886 -0.04715
vn 0.00698 -0.99998 -3E-05
vn 0.00698 -0.99886 -0.04718
vn 0.00698 -0.99782 -0.06565
vn 0.00698 -0.99998 -1E-05
vn 0.00698 -0.99782 -0.06569
vn 0.00698 -0.99611 -0.08781
vn 0.00699 -0.99998 -0
vn 0.00698 -0.99611 -0.08783
vn 0.00698 -0.99335 -0.11489
vn 0.00697 -0.99998 7E-05
vn 0.00699 -0.99336 -0.11481
vn 0.00698 -0.98892 -0.14831
vn 0.00699 -0.99998 -1E-05
vn 0.00697 -0.9889 -0.14845
vn 0.00698 -0.98167 -0.19046
vn 0.007 -0.99998 3E-05
vn 0.00698 -0.98168 -0.1904
vn 0.00698 -0.96987 -0.24351
vn 0.00699 -0.99998 -1E-05
vn 0.00698 -0.95028 -0.31131
vn 0.007 -0.99998 -2E-05
vn 0.00698 -0.95029 -0.3113
vn 0.00698 -0.91719 -0.39838
vn 0.72365 -0.69016 0
vn 0.01748 -0.99985 2E-05
vn 0.01748 -0.99985 0
vn 0.00697 -0.89333 -0.44934
vn 0.00695 -0.99998 -1E-05
vn 0.00697 -0.91719 -0.39839
vn 0.72364 -0.69018 -1E-05
vn 0.71782 -0.69623 1E-05
vn 0.01745 -0.99985 2E-05
vn 0.72363 -0.69018 3E-05
vn 0.01743 -0.99985 1E-05
vn 0.03413 -0.70675 -0.70664
vn 1 -1E-05 0
vn 0.70934 0.40137 0.57943
vn 1 -4E-05 2E-05
vn 0.99977 0.02147 0.00213
vn 1 -0 0
vn 1 1E-05 0
vn 0.70931 0.40144 0.57942
vn 1 -3E-05 -0
vn 1 4E-05 -5E-05
vn 0.05897 0.9934 0.0984
vn 0.99977 0.02154 0.00211
vn 1 -8E-05 3E-05
vn 0.05898 0.9934 0.0984
vn 0.03488 0.56918 0.82147
vn 0.99977 0.02154 0.00211
vn 0.7093 0.40143 0.57944
vn 0.99977 0.02155 0.00211
vn 0.03488 0.56914 0.8215
vn 0.71526 0.16098 -0.68007
vn 1 3E-05 -3E-05
vn 1 3E-05 -3E-05
vn 0.72644 0.49485 -0.47686
vn 0.05897 0.9934 0.09843
vn 1 -9E-05 6E-05
vn 0.72646 0.49483 -0.47687
vn 1 -1E-05 1E-05
vn 0.71523 0.16106 -0.68008
vn 0.71521 0.16104 -0.6801
vn 1 -2E-05 -3E-05
vn 1 1E-05 -2E-05
vn 1 -0 0
vn 0.70601 0 -0.7082
vn 1 2E-05 1E-05
vn 1 0 1E-05
vn 0.71521 -3E-05 -0.69891
vn 1 -1E-05 -1E-05
vn 0.70601 -3E-05 -0.7082
vn 1 1E-05 0
vn 0.70602 2E-05 -0.70819
vn 1 2E-05 0
vn 0.99996 -0.00651 -0.00654
vn 1 -2E-05 0
vn 0.0341 -0.70677 -0.70663
vn 0.99996 -0.00652 -0.00651
vn 1 -2E-05 -5E-05
vn 0.03414 -0.70676 -0.70663
vn 0.02617 -1E-05 -0.99966
vn 0.99996 -0.00651 -0.00653
vn 0.70602 -1E-05 -0.70819
vn 0.99996 -0.00654 -0.0065
vn 0.02613 -2E-05 -0.99966
vn 0.71788 -0.69617 -0
vn 1 8E-05 -3E-05
vn 1 8E-05 -0
vn 0.72368 -0.69013 0
vn 0.03418 -0.70671 -0.70668
vn 1 5E-05 -1E-05
vn 0.72364 -0.69018 0.00017
vn 1 -0 -0
vn 0.71782 -0.69623 2E-05
vn 0.00699 -0.00264 -0.99997
vn 0.00695 -0.83785 -0.54586
vn 0.00696 0.28475 -0.95858
vn 0.00704 -0.00261 -0.99997
vn 0.00696 -0.99998 1E-05
vn 0.00698 -0.83782 -0.5459
vn 0.00698 -0.89334 -0.44933
vn 0.00697 -0.83782 -0.5459
vn 0.00702 -0.00267 -0.99997
vn 0.00701 0.28472 -0.95859
vn 0.00698 0.99998 -4E-05
vn 0.00697 0.99998 2E-05
vn 0.0068 0.99998 2E-05
vn 0.00699 0.94744 0.31985
vn 0.00698 -0.00266 -0.99997
vn 0.00695 0.99998 -0
vn 0.00348 0.99999 -1E-05
vn 0.00695 0.99998 3E-05
vn 0.00696 0.94745 0.31983
vn 0.00695 0.79416 0.60767
vn 0.00698 0.56955 0.82193
vn 0.00694 0.99998 7E-05
vn 0.00698 0.79414 0.6077
vn 0.72613 0.39029 0.56605
vn 0.78611 0.35198 0.50807
vn 0.99995 0.00576 0.00819
vn 0.7256 0.3919 0.56561
vn 1 3E-05 1E-05
vn 0.70928 0.40148 0.57943
vn 0.53415 -0.84539 1E-05
vn 0.53415 -0.84539 0
vn 0.27897 -0.9603 0
vn 0.53333 -0.84591 -1E-05
vn 0.53418 -0.84537 2E-05
vn 0.53418 -0.84537 2E-05
vn 0.53418 -0.84537 2E-05
vn 0.27786 -0.96062 0
vn 0.53321 -0.84598 0
vn 0.53321 -0.84598 0
vn 0.00074 -0.95913 -0.28297
vn 0.53333 -0.84591 -0
vn 0.278 -0.96058 0
vn 0.00074 -0.95913 -0.28296
vn 0.53334 -0.8459 -2E-05
vn 0.53334 -0.8459 -1E-05
vn -1E-05 -1 -1E-05
vn -1E-05 -1 1E-05
vn 0.27806 -0.96057 1E-05
vn 0.00079 -0.95912 -0.28299
vn 0.27809 -0.96056 -0
vn 0 -1 -1E-05
vn 0.27646 -0.96103 -0
vn 5E-05 -1 -1E-05
vn 0.27807 -0.96056 0
vn 0.53343 -0.84584 0
vn 0.27654 -0.961 -0
vn 0.27816 -0.96054 -1E-05
vn 0 -1 0
vn 0 -0.94505 -0.32693
vn 1E-05 -1 2E-05
vn -1E-05 -1 2E-05
vn 2E-05 -0.94505 -0.32692
vn 1E-05 -0.95904 -0.28328
vn -1E-05 -1 -2E-05
vn 0.57024 -0.22074 0.79127
vn 0.74526 -0.62015 0.24494
vn 0.64951 -0.74999 0.1251
vn 0.57023 -0.22069 0.79128
vn 0.76963 -0.57384 0.27994
vn 0.74527 -0.62015 0.24493
vn 0.57018 -0.22078 0.7913
vn 0.64951 -0.75 0.12507
vn 0.533 -0.84611 -0.00034
vn 0.53335 -0.84589 0
vn 0.53336 -0.84589 0
vn 0.53203 -0.84672 -0.00328
vn 0.53336 -0.84589 1E-05
vn 0.53192 -0.84679 -0.00343
vn 0.5702 -0.2207 0.7913
vn 0.53308 -0.84607 -0.00034
vn 0.53211 -0.84667 -0.00329
vn 0.99939 0.03493 -0.00189
vn 0.99939 0.03491 0.00194
vn -1E-05 0.0349 0.99939
vn 0 0.03491 0.99939
vn 0.99939 0.03494 -0.0019
vn 0 0.03492 0.99939
vn -0.99939 0.0349 -0.00193
vn 2E-05 0.03489 0.99939
vn 2E-05 0.03489 0.99939
vn 3E-05 0.03489 -0.99939
vn -2E-05 0.03489 -0.99939
vn 0.99939 0.03489 0.00193
vn 0.99939 0.03485 -0.00191
vn 2E-05 0.03488 -0.99939
vn 0.99939 0.03493 0.00197
vn -0.99939 0.03494 0.0019
vn -0 0.03492 -0.99939
vn -0 0.03491 -0.99939
vn -0.99939 0.03493 0.00189
vn -0.99939 0.03491 -0.00194
vn 1E-05 0.0349 -0.99939
vn -0.99939 0.03485 0.00191
vn -2E-05 0.03488 0.99939
vn -0.99939 0.03493 -0.00197
vn -1 3E-05 -2E-05
vn -1 0 -2E-05
vn -2E-05 0 1
vn 2E-05 3E-05 -1
vn 2E-05 0 -1
vn -1 0 2E-05
vn 3E-05 0 -1
vn -1 -3E-05 2E-05
vn -1 0 2E-05
vn -2E-05 3E-05 1
vn -2E-05 0 1
vn 1 0 -2E-05
vn -3E-05 -0 1
vn -1 -0 2E-05
vn 2E-05 -4E-05 1
vn 1 3E-05 2E-05
vn 1 0 2E-05
vn 2E-05 0 -1
vn -3E-05 0 1
vn 1 -3E-05 -2E-05
vn 1 0 -2E-05
vn 3E-05 -0 -1
vn 1 -0 -2E-05
vn -2E-05 -4E-05 -1
vn -0.69469 0.71931 -2E-05
vn -0.69467 0.71933 -2E-05
vn -1E-05 0.7193 -0.6947
vn -2E-05 0.71936 0.69464
vn -2E-05 0.71934 0.69466
vn -0.69468 0.71932 -1E-05
vn -0.49117 0.71935 0.49122
vn 2E-05 0.71935 0.69465
vn -0.69466 0.71934 -1E-05
vn -0.69469 0.71931 2E-05
vn -0.49123 0.71931 0.49121
vn -0.6947 0.7193 2E-05
vn 2E-05 0.71936 -0.69464
vn 2E-05 0.71934 -0.69466
vn 0.69468 0.71932 1E-05
vn -0.49117 0.71936 -0.4912
vn -0.69467 0.71933 1E-05
vn 0 0.71934 -0.69466
vn -0 0.71932 -0.69467
vn -0.49119 0.71935 -0.49119
vn -0 0.71932 -0.69467
vn 0.69469 0.71931 2E-05
vn 0.69467 0.71933 2E-05
vn 1E-05 0.7193 0.6947
vn 0.49121 0.71934 -0.49118
vn 0.69467 0.71933 -2E-05
vn 0.69466 0.71934 -2E-05
vn 0.49117 0.71935 -0.49122
vn -2E-05 0.71935 -0.69465
vn 0.69466 0.71934 1E-05
vn 0.49117 0.71936 0.4912
vn 0.69467 0.71933 -1E-05
vn -0 0.71934 0.69466
vn 0 0.71932 0.69467
vn 0.49119 0.71935 0.49119
vn 0 0.71932 0.69467
vn -0.69466 0.71934 -2E-05
vn -0.69467 0.71933 -2E-05
vn 1E-05 0.71935 -0.69465
vn 2E-05 0.71933 0.69467
vn 2E-05 0.71934 0.69466
vn -0.69467 0.71933 1E-05
vn -0.4912 0.71935 0.49118
vn 0 0.71935 0.69465
vn -0.69465 0.71935 -2E-05
vn -0.69469 0.71931 2E-05
vn -0.49123 0.71932 0.4912
vn -0.69469 0.71931 2E-05
vn -2E-05 0.71933 -0.69467
vn -2E-05 0.71934 -0.69466
vn 0.69467 0.71933 -1E-05
vn -0.49117 0.71935 -0.49121
vn -0.69464 0.71935 -0
vn 5E-05 0.71935 -0.69465
vn -0 0.71933 -0.69467
vn -0.49121 0.71932 -0.49121
vn -0 0.71934 -0.69466
vn 0.69466 0.71934 2E-05
vn 0.69461 0.71938 -3E-05
vn -2E-05 0.71935 0.69465
vn 0.49123 0.71932 -0.4912
vn 0.69469 0.71931 -2E-05
vn 0.69469 0.71931 -2E-05
vn 0.4912 0.71935 -0.49118
vn -0 0.71935 -0.69465
vn 0.69465 0.71935 2E-05
vn 0.49117 0.71935 0.49121
vn 0.69464 0.71935 0
vn -5E-05 0.71935 0.69465
vn 0 0.71936 0.69464
vn 0.49118 0.71936 0.49118
vn 0 0.71934 0.69466
vn 3E-05 -0.70709 -0.70713
vn -2E-05 -0.7071 -0.70711
vn -0.70707 -0.70714 2E-05
vn -0.70713 -0.70708 -0
vn -0.7071 -0.70711 -0
vn -1E-05 -0.70711 0.7071
vn 3E-05 -0.70714 -0.70707
vn -0.70708 -0.70713 2E-05
vn -0.70711 -0.7071 2E-05
vn 0.70713 -0.70708 0
vn 0.7071 -0.70711 0
vn 1E-05 -0.70711 -0.7071
vn -3E-05 -0.70709 0.70713
vn 2E-05 -0.7071 0.70711
vn 0.70707 -0.70714 -2E-05
vn -3E-05 -0.70714 0.70707
vn 0.70708 -0.70713 -2E-05
vn 0.70711 -0.7071 -2E-05
vn 0.70714 -0.70708 -1E-05
vn 1E-05 -0.70708 -0.70714
vn 5E-05 -0.70706 -0.70715
vn -5E-05 -0.70706 0.70715
vn -0.70714 -0.70708 1E-05
vn -1E-05 -0.70708 0.70714
vn 0.99939 0.03489 -0.00012
vn 0.99939 0.03492 -2E-05
vn 0.70669 0.03489 0.70666
vn 0.99939 0.03492 -0.00012
vn 0.70669 0.03492 -0.70666
vn 0.99939 0.03491 -2E-05
vn 0.99939 0.03492 -0.0001
vn 0.7067 0.03488 0.70666
vn -1E-05 0.03489 0.99939
vn -1E-05 0.03488 0.99939
vn -1E-05 0.03488 0.99939
vn -0.70667 0.03492 0.70668
vn 0.99939 0.0349 -0.00014
vn 1E-05 0.03485 0.99939
vn 1E-05 0.03494 0.99939
vn -0.99939 0.03492 0.00012
vn -0.70669 0.03492 0.70666
vn -0.99939 0.03491 2E-05
vn -0.99939 0.03488 0.00014
vn -0 0.03492 0.99939
vn -0.70668 0.03488 0.70667
vn -0.99939 0.03489 0.00012
vn -0.99939 0.03492 2E-05
vn -0.70669 0.03489 -0.70666
vn -0.99939 0.03492 0.0001
vn -0.7067 0.03488 -0.70666
vn 1E-05 0.03489 -0.99939
vn 1E-05 0.03488 -0.99939
vn 1E-05 0.03488 -0.99939
vn 0.70667 0.03492 -0.70668
vn -1E-05 0.03494 -0.99939
vn -0.99939 0.0349 0.00014
vn -1E-05 0.03485 -0.99939
vn 0.99939 0.03488 -0.00014
vn 0 0.03492 -0.99939
vn 0.70668 0.03488 -0.70667
vn 0.99939 0.03491 -3E-05
vn 0.99939 0.03488 2E-05
vn 0.70669 0.03489 0.70666
vn 0.99939 0.03492 -2E-05
vn 0.70669 0.03494 -0.70666
vn 0.99939 0.03489 -2E-05
vn 0.99939 0.03489 -8E-05
vn 0.70669 0.03492 0.70666
vn -5E-05 0.03491 0.99939
vn -1E-05 0.03488 0.99939
vn -1E-05 0.03488 0.99939
vn -0.70667 0.0349 0.70668
vn 0.99939 0.03485 -0
vn 2E-05 0.0349 0.99939
vn 2E-05 0.03494 0.99939
vn -0.99939 0.03486 2E-05
vn -0.70669 0.03487 0.70666
vn -0.99939 0.03489 2E-05
vn -0.99939 0.03488 -3E-05
vn -5E-05 0.03493 0.99939
vn -0.70668 0.03489 0.70667
vn -0.99939 0.03491 3E-05
vn -0.99939 0.03488 -2E-05
vn -0.70669 0.03489 -0.70666
vn -0.99939 0.03489 8E-05
vn -0.70669 0.03492 -0.70666
vn 5E-05 0.03491 -0.99939
vn 1E-05 0.03488 -0.99939
vn 1E-05 0.03488 -0.99939
vn 0.70667 0.0349 -0.70668
vn -2E-05 0.03494 -0.99939
vn -0.99939 0.03485 0
vn -2E-05 0.0349 -0.99939
vn 0.99939 0.03488 3E-05
vn 5E-05 0.03493 -0.99939
vn 0.70668 0.03489 -0.70667
vn -1 -1E-05 1E-05
vn -1 0 1E-05
vn 0.00265 -0 1
vn 0.00268 -4E-05 -1
vn -0.00265 1E-05 -1
vn -1 0 1E-05
vn 0.00265 -6E-05 -1
vn -1 4E-05 -2E-05
vn -0.99999 -0.00438 -3E-05
vn -0.00267 -5E-05 1
vn 0.00265 -1E-05 1
vn 1 0 -1E-05
vn -0.00265 0 1
vn -1 -0 -1E-05
vn 0.00267 2E-05 1
vn 1 -2E-05 -1E-05
vn 1 0 -1E-05
vn -0.00265 -0 -1
vn 0.99999 0.00438 3E-05
vn -0.00265 0 1
vn 1 -4E-05 2E-05
vn 0.00266 -0 -1
vn 1 -0 1E-05
vn -0.00267 -2E-05 -1
vn -2E-05 -1E-05 -1
vn -2E-05 0 -1
vn -1 0 2E-05
vn 1 5E-05 -2E-05
vn 1 -4E-05 2E-05
vn -2E-05 -4E-05 -1
vn 1 0 1E-05
vn 1E-05 1E-05 -1
vn 2E-05 -0.00436 -0.99999
vn -1 2E-05 2E-05
vn -1 -5E-05 -2E-05
vn -2E-05 -5E-05 1
vn -1E-05 -5E-05 -1
vn -1 -4E-05 1E-05
vn -0.99999 -0.00441 0
vn 2E-05 -1E-05 1
vn 2E-05 0 1
vn 1 0 -2E-05
vn -1 0 -1E-05
vn -1E-05 4E-05 1
vn -2E-05 0.00436 0.99999
vn 0.99999 0.00432 -0
vn 1E-05 1E-05 1
vn 1 -3E-05 -1E-05
vn -1 -3E-05 1E-05
vn -1 0 1E-05
vn 0.00265 -0 1
vn 0.00267 5E-05 -1
vn -0.00266 -1E-05 -1
vn -1 0 -0
vn 0.00265 -5E-05 -1
vn -1 1E-05 -2E-05
vn -0.99999 -0.00437 -3E-05
vn -0.00267 3E-05 1
vn 0.00266 0 1
vn 1 0 0
vn -0.00266 -0 1
vn -1 0 0
vn 0.00266 1E-05 1
vn 1 -2E-05 -1E-05
vn 1 0 -1E-05
vn -0.00265 -0 -1
vn -0.00265 0 1
vn 1 3E-05 2E-05
vn 0.00267 1E-05 -1
vn 1 0 0
vn -0.00266 2E-05 -1
vn -1 -1E-05 1E-05
vn -1 0 1E-05
vn 0.00265 -0 1
vn 0.00268 -4E-05 -1
vn -0.00265 1E-05 -1
vn -1 0 1E-05
vn 0.00265 -6E-05 -1
vn -1 4E-05 -2E-05
vn -0.99999 -0.00438 -3E-05
vn -0.00267 -5E-05 1
vn 0.00265 -1E-05 1
vn 1 -0 -1E-05
vn 0.99999 0.00438 3E-05
vn -0.00265 0 1
vn 1 -4E-05 2E-05
vn 0.00266 -0 -1
vn 1 -0 1E-05
vn -0.00267 -2E-05 -1
vn -1 2E-05 1E-05
vn 0.00265 -0 1
vn 0.00266 2E-05 -1
vn -0.00263 2E-05 -1
vn -1 0.00117 6E-05
vn 0.00265 6E-05 -1
vn -1 -2E-05 -2E-05
vn -0.99999 -0.00437 -3E-05
vn -0.00269 -8E-05 1
vn 0.00269 -6E-05 1
vn 1 0.00121 -0.00011
vn -0.00265 2E-05 1
vn -0.99998 -0.00551 -0.00039
vn 0.00264 -4E-05 1
vn 1 -2E-05 -1E-05
vn -0.00265 -0 -1
vn 0.99999 0.00437 3E-05
vn -0.00265 -0 1
vn 1 1E-05 2E-05
vn 0.00267 -1E-05 -1
vn 1 0.00312 -0.00022
vn -0.00266 1E-05 -1
vn -1 2E-05 1E-05
vn -1 0 1E-05
vn 0.00265 -0 1
vn 0.00266 2E-05 -1
vn -0.00263 -2E-05 -1
vn -1 0.00117 6E-05
vn -1 -2E-05 -2E-05
vn -0.99999 -0.00437 -3E-05
vn -0.00265 2E-05 1
vn 0.00263 1E-05 1
vn 1 0.00122 -6E-05
vn -0.00265 2E-05 1
vn -0.99998 -0.00551 -0.00039
vn 0.00264 -4E-05 1
vn 1 -2E-05 -1E-05
vn 1 0 -1E-05
vn -0.00265 -0 -1
vn 0.99999 0.00437 3E-05
vn -0.00265 0 1
vn 1 1E-05 2E-05
vn 0.00267 -1E-05 -1
vn 1 0.00312 -0.00022
vn -0.00266 1E-05 -1
vn -1 0 1E-05
vn 0.00265 0 1
vn 0.00267 5E-05 -1
vn -0.00266 -1E-05 -1
vn -1 0 -0
vn 0.00265 -5E-05 -1
vn -1 1E-05 -2E-05
vn -0.99999 -0.00437 -3E-05
vn -0.00267 3E-05 1
vn 0.00266 0 1
vn 1 0 0
vn -0.00266 -0 1
vn -1 -0 0
vn 0.00266 1E-05 1
vn 1 0 -1E-05
vn -0.00265 -0 -1
vn 0.99999 0.00438 3E-05
vn -0.00265 0 1
vn 1 3E-05 2E-05
vn 0.00267 0 -1
vn 1 -0 0
vn -0.00266 2E-05 -1
vn 0.53342 -0.84585 -0.00099
vn 0.55747 -0.81908 -0.1354
vn 0.5333 -0.84593 -0.00033
vn 0.5334 -0.84586 -0.00065
vn 0.53322 -0.84598 0.00014
vn 0.55744 -0.81917 -0.13498
vn 0.53336 -0.84589 1E-05
vn 0.53336 -0.84589 -1E-05
vn 0.55561 -0.7165 -0.42181
vn 0.57081 -0.77645 -0.26703
vn 0.55761 -0.81898 -0.13541
vn 0.53348 -0.84581 -0.00047
vn 0.55759 -0.81904 -0.13515
vn 0.57081 -0.77645 -0.26703
vn 0.53352 -0.84578 -0.00096
vn 0.55559 -0.7165 -0.42184
vn 0.55759 -0.819 -0.1354
vn 0.53352 -0.84579 -0.00081
vn 0.55754 -0.81908 -0.13513
vn 0.53343 -0.84585 -0.00039
vn 0.55561 -0.71653 -0.42175
vn 0.51515 -0.47071 -0.71628
vn 0.57078 -0.7765 -0.26694
vn 0.55905 -0.55252 -0.61821
vn 0.57078 -0.77648 -0.26699
vn 0.51518 -0.47068 -0.71627
vn 0.55905 -0.55254 -0.61819
vn 0.53345 -0.84583 -0.00035
vn 0.57079 -0.77648 -0.26696
vn 0.27224 -0.05799 -0.96048
vn 0.29406 0.0002 -0.95579
vn 0.51514 -0.47072 -0.71628
vn 0.32228 0.00048 -0.94664
vn 0.5152 -0.47068 -0.71626
vn 0.2941 0.00027 -0.95578
vn 0.24969 -0.71422 -0.65387
vn 0.21813 -0.7975 -0.56251
vn 0.47933 -0.72911 -0.48851
vn 0.38302 -0.26264 -0.88562
vn 0.27227 -0.05778 -0.96048
vn 0.5152 -0.47049 -0.71638
vn 0.46945 -0.44835 -0.76066
vn 0.38298 -0.26289 -0.88556
vn 0.51513 -0.47072 -0.71628
vn 0.55562 -0.71652 -0.42177
vn 0.46945 -0.44831 -0.76068
vn 0.51515 -0.47068 -0.7163
vn 0.55907 -0.55247 -0.61823
vn 0.5152 -0.47062 -0.7163
vn 0.32229 0.00055 -0.94664
vn 0.23861 -0.00015 -0.97112
vn 0.26661 -4E-05 -0.96381
vn 0.2942 -0.00015 -0.95574
vn 0.33643 1E-05 -0.94171
vn 0.29424 -1E-05 -0.95573
vn 0.26654 -1E-05 -0.96382
vn 0.27225 -0.05785 -0.96049
vn 0.23862 -8E-05 -0.97111
vn 0.29405 0.00041 -0.95579
vn 0.3216 0.00202 -0.94687
vn 0.29408 0.00069 -0.95578
vn 0.30771 0.00156 -0.95148
vn 0.32258 -2E-05 -0.94654
vn 0.30844 -1E-05 -0.95124
vn 0.29424 -1E-05 -0.95573
vn 0.33647 7E-05 -0.9417
vn 0.32254 9E-05 -0.94655
vn 0.29424 8E-05 -0.95573
vn 0.33644 -0 -0.9417
vn 0.26653 0 -0.96383
vn 0.23855 2E-05 -0.97113
vn 0.23485 0.0004 -0.97203
vn 0.23853 0.00047 -0.97114
vn 0.27114 -0.05769 -0.96081
vn 0.47929 -0.72913 -0.48852
vn 0.21808 -0.79752 -0.5625
vn 0.45677 -0.74856 -0.48065
vn 0.33647 0 -0.9417
vn 0.23854 -0 -0.97113
vn 0.23854 0 -0.97113
vn 0.64756 -0.64095 -0.41213
vn 0.47923 -0.72923 -0.48843
vn 0.45665 -0.74868 -0.48056
vn 0.46893 -0.55904 0.68379
vn 0.94068 -0.30557 0.14749
vn 0.81253 -0.49841 0.3023
vn 0.46896 -0.55898 -0.68382
vn 0.64767 -0.6408 -0.4122
vn 0.81258 -0.49831 -0.30233
vn 0.64765 -0.64079 -0.41223
vn 0.45676 -0.74855 -0.48068
vn 0.81256 -0.49834 -0.30234
vn 0.25318 -0.5845 -0.77088
vn 0.00083 -0.22876 -0.97348
vn 0.1323 -0.42084 -0.89743
vn 0.43693 -0.79143 -0.42747
vn -0.00032 -0.22972 -0.97326
vn 0.25441 -0.58403 -0.77083
vn 0.53286 -0.8462 1E-05
vn 0.00017 -0.22925 -0.97337
vn 0.43532 -0.79228 -0.42753
vn 2E-05 -0.59576 -0.80316
vn -3E-05 -0.22939 -0.97333
vn 0.53337 -0.84588 3E-05
vn 0.81258 -0.49832 -0.30231
vn 0.45676 -0.74855 -0.48067
vn 0.68836 -0.72537 -2E-05
vn 0 -0.23186 -0.97275
vn -0 -0.22934 -0.97335
vn 1E-05 -0.59575 -0.80317
vn 0 -0.23181 -0.97276
vn 0 -0.21976 -0.97555
vn 0 -0.22929 -0.97336
vn 0.53354 -0.84578 -0.00092
vn 0.53338 -0.84587 -0.00017
vn 0.55563 -0.71651 -0.42176
vn 0.53335 -0.8459 -0
vn 0.53335 -0.84589 0
vn 1E-05 -0.59571 -0.8032
vn 0.53337 -0.84588 1E-05
vn 0.53339 -0.84587 -4E-05
vn 0.53335 -0.84589 -1E-05
vn 0.55902 -0.55235 0.61839
vn 0.53359 -0.84574 0.00091
vn 0.53352 -0.84579 0.00048
vn 0.53336 -0.84589 0
vn 0.6688 -0.52578 0.52561
vn 0.55582 -0.55451 0.61934
vn 0.53336 -0.84589 1E-05
vn 0.87556 -0.48311 2E-05
vn 0.53328 -0.84594 -1E-05
vn 0.53328 -0.84594 0.00012
vn 0.86442 -0.50276 9E-05
vn 0.53326 -0.84595 0.0001
vn 0.87556 -0.4831 8E-05
vn 0.66591 -0.52756 0.52749
vn 0.5335 -0.8458 1E-05
vn 0.86451 -0.50262 -2E-05
vn 0.55551 -0.71643 0.42205
vn 0.53328 -0.84594 -0.00027
vn 0.53352 -0.84579 0.00089
vn 0.53336 -0.84589 0
vn 0.55897 -0.55239 0.6184
vn 0.55554 -0.71638 0.4221
vn 0.53356 -0.84576 0.00092
vn 0.53335 -0.84589 0
vn -3E-05 -0.59582 0.80312
vn 0.53336 -0.84589 -2E-05
vn 0.4357 -0.79205 0.42758
vn 3E-05 -0.5958 0.80313
vn 0.53336 -0.84589 -2E-05
vn 0.53338 -0.84587 -1E-05
vn 0.53335 -0.84589 0
vn 0.55899 -0.55243 0.61835
vn 0.4694 -0.44842 0.76065
vn 0.55553 -0.71644 0.42202
vn 3E-05 -0.59573 0.80319
vn 0.43573 -0.792 0.42764
vn 0.25376 -0.58419 0.77092
vn 0.32317 -0.00127 0.94634
vn 0.38263 -0.26246 0.88584
vn 0.46937 -0.4484 0.76068
vn 1E-05 -0.59593 0.80303
vn 0.25372 -0.58441 0.77078
vn 0.13183 -0.42083 0.89751
vn 0.55899 -0.5524 0.61837
vn 0.32322 -0.00126 0.94632
vn 0.4694 -0.44838 0.76067
vn 0.32323 -0.00123 0.94632
vn 0.27219 -0.05807 0.96049
vn 0.38268 -0.26244 0.88582
vn 0 -0.59568 0.80322
vn 0.13182 -0.42055 0.89764
vn 0 -0.22923 0.97337
vn 0.32428 -0.00198 0.94596
vn 0.23924 -0.0004 0.97096
vn 0.27241 -0.05742 0.96047
vn 0.46783 -0.55882 0.68473
vn 0.4793 -0.7291 0.48855
vn 0.24966 -0.71422 0.65388
vn 0.46893 -0.55902 0.68381
vn 0.64392 -0.6433 0.41416
vn 0.47928 -0.72915 0.4885
vn 0.12014 0 0.99276
vn 0.23485 0 0.97203
vn 0.12014 0 0.99276
vn 0 -0.21976 0.97555
vn -0 -0.22924 0.97337
vn 0 -0.21822 0.9759
vn -1E-05 -0.54553 0.83809
vn 0 -0.59581 0.80313
vn 1E-05 -0.22928 0.97336
vn -1E-05 -0.31062 0.95053
vn -0 -0.54554 0.83808
vn -1E-05 -0.22927 0.97336
vn 0 -0.29576 0.95526
vn 0 -0.31063 0.95053
vn 0 -0.22928 0.97336
vn 0 -0.26417 0.96447
vn -0 -0.29576 0.95526
vn 0 -0.22928 0.97336
vn 0 -0.25825 0.96608
vn 0 -0.26415 0.96448
vn -0 -0.22928 0.97336
vn -0 -0.25254 0.96759
vn -0 -0.25822 0.96609
vn 0 -0.22927 0.97336
vn -0 -0.23181 0.97276
vn -0 -0.25256 0.96758
vn 0 -0.22925 0.97337
vn 0 -0.21975 0.97556
vn -0 -0.2318 0.97276
vn 0 -0.22924 0.97337
vn 0.14977 -0.80467 0.57453
vn 0.47926 -0.7292 0.48844
vn 0.45671 -0.74864 0.48058
vn 0.47938 -0.72904 0.48856
vn 0.64399 -0.64318 0.41425
vn 0.45682 -0.74848 0.48072
vn 0.32318 -0.00101 0.94634
vn 0.28108 -0.00036 0.95968
vn 0.23848 -0.00011 0.97115
vn 0.46892 -0.55902 0.68382
vn 0.81256 -0.49837 0.30228
vn 0.64392 -0.64329 0.41419
vn 0.23855 -0 0.97113
vn 0.23855 0 0.97113
vn 0.28072 0 0.95979
vn 0.64393 -0.64327 0.41419
vn 0.81256 -0.49835 0.30231
vn 0.45676 -0.74855 0.48066
vn 0.23855 -0 0.97113
vn 0.12016 -0 0.99275
vn 0.23855 1E-05 0.97113
vn 0.23856 -0 0.97113
vn 0.28073 -0 0.95979
vn 0.32258 -1E-05 0.94654
vn 0.43249 7E-05 0.90164
vn 0.32277 8E-05 0.94648
vn 0.55585 -0.55445 0.61937
vn 0.32256 -0 0.94655
vn 0.23857 -0 0.97112
vn 0.32256 -0 0.94655
vn 0.43253 -0 0.90162
vn 0.32254 -0 0.94656
vn 0.32254 0 0.94656
vn 0.43247 0.00032 0.90165
vn 0.55593 -0.55425 0.61948
vn 0.5339 0.00032 0.84555
vn 0.66866 -0.52617 0.52539
vn 0.53392 -0.00048 0.84553
vn 0.55569 -0.55489 0.61912
vn 0.12015 -0 0.99276
vn 0.23485 2E-05 0.97203
vn 0.23856 -0 0.97113
vn 0.12013 -1E-05 0.99276
vn 0.12013 -2E-05 0.99276
vn 0 -0 1
vn 0.16871 0.70713 0.68666
vn 2E-05 2E-05 1
vn 0.12015 2E-05 0.99276
vn -1E-05 -0 1
vn 0.12012 -0 0.99276
vn -1E-05 1E-05 1
vn -3E-05 0.70709 0.70712
vn 1E-05 -4E-05 1
vn 0.16869 0.7071 0.6867
vn -2E-05 4E-05 1
vn -2E-05 4E-05 1
vn 2E-05 0.70712 0.7071
vn 0.16869 0.7071 0.68669
vn 0.12013 3E-05 0.99276
vn 0.23855 3E-05 0.97113
vn 0.90335 3E-05 0.42891
vn 0.16868 0.70713 0.68667
vn 0.23857 7E-05 0.97113
vn 0.45401 2E-05 0.891
vn 0.90334 0 0.42893
vn 0.23855 0 0.97113
vn 0.44736 5E-05 0.89435
vn 0.45402 2E-05 0.89099
vn 0.23858 3E-05 0.97112
vn 0.44105 3E-05 0.89748
vn 0.44734 2E-05 0.89436
vn 0.23855 1E-05 0.97113
vn 0.41463 1E-05 0.90999
vn 0.44106 0 0.89748
vn 0.23856 0 0.97113
vn 0.38274 -2E-05 0.92386
vn 0.41464 -2E-05 0.90999
vn 0.23855 -2E-05 0.97113
vn 0.3385 2E-05 0.94097
vn 0.38273 2E-05 0.92386
vn 0.23858 0 0.97112
vn 0.32258 -1E-05 0.94654
vn 0.33849 0 0.94097
vn 0.23854 -0 0.97113
vn 0 -0.21697 0.97618
vn 0 -0.21819 0.97591
vn 0 -0.21444 0.97674
vn -0 -0.21711 0.97615
vn 0 -0.21969 0.97557
vn -0 -0.21842 0.97585
vn 0 -0.21703 0.97617
vn 0 -0.21445 0.97673
vn 0 -0.21445 0.97673
vn 0.89683 0.44238 -0.00012
vn 0.99618 0.08728 2E-05
vn 1E-05 0.08729 0.99618
vn -0 0.73723 -0.67564
vn -2E-05 0.08713 -0.9962
vn 0.99619 0.08718 -2E-05
vn 0.89684 0.44236 7E-05
vn -0.0001 0.7373 -0.67557
vn 0.99619 0.08726 -2E-05
vn 1E-05 0.73731 0.67555
vn -3E-05 0.08715 0.9962
vn -0.99619 0.08718 2E-05
vn 0.8969 0.44224 -2E-05
vn 3E-05 0.08705 0.9962
vn 0.67563 0.73724 5E-05
vn 6E-05 0.73724 0.67563
vn 0.67558 0.73728 3E-05
vn -2E-05 0.08713 0.9962
vn -0.89683 0.44237 7E-05
vn -0.99619 0.08719 -4E-05
vn 3E-05 0.08728 -0.99618
vn 0.0001 0.7373 0.67557
vn -0.99619 0.08726 2E-05
vn -0.89684 0.44236 -7E-05
vn -0.67557 0.7373 1E-05
vn -2E-05 0.08715 -0.9962
vn -1E-05 0.73725 -0.67562
vn -0.89688 0.44228 -0
vn -3E-05 0.08709 -0.9962
vn -0.6756 0.73727 -2E-05
vn 0.89683 0.44237 -7E-05
vn 0.99619 0.08718 4E-05
vn -3E-05 0.08728 0.99618
vn -0 0.73723 -0.67564
vn -2E-05 0.08713 -0.9962
vn 0.99619 0.08718 -2E-05
vn 0.89684 0.44236 7E-05
vn -0.0001 0.7373 -0.67557
vn 0.99619 0.08727 -2E-05
vn 0 0.73723 0.67564
vn 2E-05 0.08713 0.9962
vn -0.99619 0.08718 2E-05
vn 0.8969 0.44224 -2E-05
vn 3E-05 0.08705 0.9962
vn 0.67563 0.73724 5E-05
vn -3E-05 0.73727 0.6756
vn 0.67557 0.7373 -1E-05
vn 3E-05 0.08715 0.9962
vn -0.89683 0.44237 7E-05
vn -0.99619 0.08718 -4E-05
vn 3E-05 0.08728 -0.99618
vn 0.0001 0.7373 0.67557
vn -0.99619 0.08727 2E-05
vn -0.89684 0.44236 -7E-05
vn -0.67558 0.73729 -3E-05
vn 2E-05 0.08713 -0.9962
vn -1E-05 0.73725 -0.67562
vn -0.8969 0.44224 2E-05
vn -3E-05 0.08705 -0.9962
vn -0.67563 0.73724 -5E-05
vn 0.89683 0.44237 -7E-05
vn 0.99619 0.08719 4E-05
vn -3E-05 0.08728 0.99618
vn 0 0.73723 0.67564
vn 2E-05 0.08713 0.9962
vn 0.89687 0.44229 0
vn 3E-05 0.08709 0.9962
vn 0.67559 0.73728 2E-05
vn 1E-05 0.73725 0.67562
vn 0.67558 0.73729 3E-05
vn 2E-05 0.08715 0.9962
vn 0.0001 0.7373 0.67557
vn -0.99618 0.08727 2E-05
vn -0.89683 0.44237 -8E-05
vn -0.67557 0.7373 1E-05
vn -3E-05 0.08715 -0.9962
vn 3E-05 0.73727 -0.6756
vn -0.8969 0.44224 2E-05
vn -3E-05 0.08705 -0.9962
vn -0.67563 0.73724 -5E-05
vn 0.99619 0.08719 4E-05
vn -3E-05 0.08728 0.99618
vn -2E-05 0.08713 -0.9962
vn 0.99619 0.08718 -2E-05
vn 0.89684 0.44236 7E-05
vn -0.0001 0.7373 -0.67557
vn 0.99619 0.08726 -2E-05
vn 0 0.73723 0.67564
vn 2E-05 0.08713 0.9962
vn -0.99619 0.08718 2E-05
vn 0.89688 0.44228 0
vn 3E-05 0.08709 0.9962
vn 0.6756 0.73727 2E-05
vn -4E-05 0.73727 0.6756
vn 0.67557 0.7373 -1E-05
vn 2E-05 0.08715 0.99619
vn -0.99619 0.08719 -4E-05
vn 3E-05 0.08728 -0.99618
vn 0.00011 0.7373 0.67557
vn -0.99618 0.08727 2E-05
vn -0.89683 0.44237 -8E-05
vn -0.67557 0.7373 1E-05
vn -3E-05 0.08715 -0.9962
vn 3E-05 0.73727 -0.6756
vn -0.8969 0.44224 2E-05
vn -3E-05 0.08705 -0.9962
vn -0.67563 0.73724 -5E-05
vn -0 0.73723 -0.67564
vn -2E-05 0.08713 -0.9962
vn 0.99619 0.08718 -2E-05
vn 0.89684 0.44236 7E-05
vn -0.0001 0.7373 -0.67557
vn 0.99619 0.08727 -2E-05
vn 0 0.73723 0.67564
vn 2E-05 0.08713 0.9962
vn -0.99619 0.08718 2E-05
vn -3E-05 0.73727 0.6756
vn 0.67557 0.7373 -1E-05
vn 3E-05 0.08715 0.9962
vn 0.0001 0.7373 0.67557
vn -0.99619 0.08727 2E-05
vn -0.89684 0.44236 -7E-05
vn -0.67558 0.73729 -3E-05
vn 2E-05 0.08713 -0.9962
vn -1E-05 0.73725 -0.67562
vn -0 0.73723 -0.67564
vn -2E-05 0.08713 -0.9962
vn 0.99619 0.08718 -2E-05
vn 0.89683 0.44237 8E-05
vn -0.0001 0.7373 -0.67557
vn 0.99618 0.08727 -2E-05
vn 2E-05 0.08713 0.9962
vn -0.99619 0.08718 2E-05
vn 0.8969 0.44224 -2E-05
vn 3E-05 0.08705 0.9962
vn 0.67563 0.73724 5E-05
vn -3E-05 0.73727 0.6756
vn 0.67557 0.7373 -1E-05
vn 3E-05 0.08715 0.9962
vn -0.89683 0.44238 0.00012
vn -0.99618 0.08728 -2E-05
vn -1E-05 0.08729 -0.99618
vn 0.0001 0.7373 0.67557
vn -0.99619 0.08726 2E-05
vn -0.89684 0.44236 -7E-05
vn -0.67558 0.73729 -3E-05
vn 2E-05 0.08713 -0.9962
vn -1E-05 0.73725 -0.67562
vn -0.89688 0.44228 -0
vn -3E-05 0.08709 -0.9962
vn -0.6756 0.73727 -2E-05
vn -0 0.70711 -0.70711
vn 0.16871 0.7071 -0.68669
vn 0.23854 2E-05 -0.97113
vn 3E-05 1 6E-05
vn 0.23855 -1E-05 -0.97113
vn 0.16871 0.70711 -0.68668
vn 0.12014 2E-05 -0.99276
vn 2E-05 0.70712 -0.70709
vn 0.23852 2E-05 -0.97114
vn 0.23483 -0 -0.97204
vn 0.12017 0 -0.99275
vn 0.23856 -0 -0.97113
vn 0.90332 1E-05 -0.42897
vn 0.23857 2E-05 -0.97112
vn -3E-05 1 1E-05
vn 0.38275 -3E-05 -0.92385
vn 0.23855 0 -0.97113
vn 0.90334 1E-05 -0.42892
vn 0.45676 -0.74855 0.48067
vn 0.81258 -0.49832 0.30231
vn 0.68833 -0.72539 0
vn 0.23493 0 -0.97201
vn 0.23856 0 -0.97113
vn 0.23856 0 -0.97113
vn 0.38275 -0 -0.92385
vn 0.33645 -1E-05 -0.9417
vn 0.23854 0 -0.97113
vn -0 1 -5E-05
vn 1E-05 1 -5E-05
vn 0.16871 0.70708 -0.68671
vn 0 1 3E-05
vn 0.16867 0.70711 -0.68669
vn 0 1 3E-05
vn 2E-05 1 4E-05
vn 1E-05 1 4E-05
vn 0.16867 0.70713 -0.68667
vn -2E-05 0.70709 -0.70712
vn 1E-05 1 -2E-05
vn 0.1687 0.70709 -0.6867
vn -2E-05 1 1E-05
vn -2E-05 1 -4E-05
vn 2E-05 0.7071 -0.70712
vn 2E-05 0.70713 -0.70708
vn -2E-05 1 1E-05
vn 2E-05 0.70713 -0.70708
vn 0.11295 -0 -0.9936
vn 0.12013 -0 -0.99276
vn 0.23485 0 -0.97203
vn 0.90334 -3E-05 0.42892
vn 0 1 3E-05
vn 0.16868 0.70707 0.68673
vn -1E-05 0.70713 0.70709
vn 0.1687 0.70713 0.68667
vn -2E-05 1 -2E-05
vn 0.90334 -2E-05 0.42893
vn 2E-05 1 -2E-05
vn -4E-05 1 3E-05
vn -0 0.7071 0.70712
vn -2E-05 1 2E-05
vn -1E-05 1 2E-05
vn 0 1 0
vn 0.90332 2E-05 -0.42896
vn -1E-05 1 1E-05
vn -1E-05 1 -7E-05
vn 0.90332 -9E-05 0.42897
vn 0.90336 -8E-05 -0.42888
vn 0.0001 1 0
vn 0.94044 -2E-05 -0.33995
vn 0.90333 -1E-05 -0.42895
vn 0.90333 -2E-05 0.42894
vn 0.41339 6E-05 -0.91056
vn 0.38267 6E-05 -0.92388
vn 0.90334 4E-05 -0.42892
vn 0.44116 2E-05 -0.89743
vn 0.41334 2E-05 -0.91058
vn 0.90332 -4E-05 -0.42898
vn 0.44762 -0.00019 -0.89423
vn 0.4412 -0.00024 -0.89741
vn 0.90329 -2E-05 -0.42902
vn 0.454 5E-05 -0.891
vn 0.44768 5E-05 -0.8942
vn 0.90334 7E-05 -0.42892
vn 0.75962 -3E-05 -0.65036
vn 0.45401 2E-05 -0.891
vn 0.90335 5E-05 -0.4289
vn 0.94044 1E-05 -0.33997
vn 0.75964 0 -0.65034
vn 0.90334 1E-05 -0.42892
vn 0.93039 -3E-05 0.36657
vn 0.94044 -1E-05 -0.33995
vn 0.90333 2E-05 0.42894
vn 0.45402 -1E-05 0.89099
vn 0.9304 -2E-05 0.36654
vn 0.90335 -1E-05 0.42891
vn 0.81256 -0.49836 0.30229
vn 0.94071 -0.30547 0.14748
vn 0.68835 -0.72538 0
vn 0.46896 -0.55904 -0.68378
vn 0.81255 -0.49838 -0.30229
vn 0.70141 -0.21853 -0.67843
vn 0 -0.21973 -0.97556
vn 0 -0.21776 -0.976
vn 0 -0.2287 -0.9735
vn 0 -0.21978 -0.97555
vn -3E-05 -0.22903 -0.97342
vn 0 -0.21968 -0.97557
vn 0 -0.2166 -0.97626
vn 0 -0.21772 -0.97601
vn 0.32255 -0 -0.94655
vn 0.32255 0 -0.94655
vn 0.30845 -0 -0.95124
vn 0.81319 -1E-05 -0.582
vn 0.32255 1E-05 -0.94655
vn 0.32255 -0.0001 -0.94655
vn 0.43204 -0.00014 -0.90186
vn 0.55581 -0.55465 -0.61923
vn 0.32276 -0.00015 -0.94648
vn 0.8132 3E-05 -0.58199
vn 0.43209 -0 -0.90183
vn 0.32255 -0 -0.94655
vn 0.81319 -5E-05 -0.582
vn 0.32255 1E-05 -0.94655
vn 0.33647 -4E-05 -0.94169
vn 0.76927 -0.63892 -1E-05
vn 0.33648 5E-05 -0.94169
vn 0.38268 3E-05 -0.92388
vn 0.81321 -2E-05 -0.58197
vn 0.33646 -1E-05 -0.9417
vn 1 -6E-05 3E-05
vn 0.76928 -0.63891 1E-05
vn 1 -6E-05 -1E-05
vn 0.33649 2E-05 -0.94169
vn 0.31602 -0.6978 -0.64281
vn 0.38278 -2E-05 -0.92384
vn 0.4134 -2E-05 -0.91055
vn 0.27063 -0.70717 -0.6532
vn 0.38272 -7E-05 -0.92387
vn 0.31601 -0.69784 -0.64278
vn 0.76926 -0.63894 2E-05
vn 0.38268 -0 -0.92388
vn 0.2707 -0.70712 -0.65322
vn 0.31602 -0.69778 -0.64284
vn 0.41339 -2E-05 -0.91055
vn 0.44118 -2E-05 -0.89742
vn 0.38089 -0.7418 -0.55195
vn 0.4412 -4E-05 -0.89741
vn 0.44765 -3E-05 -0.89421
vn 0.38092 -0.74174 -0.55202
vn 0.31601 -0.69776 -0.64286
vn 0.44116 0.00015 -0.89743
vn 0.38095 -0.74177 -0.55196
vn 0.44765 5E-05 -0.89421
vn 0.454 4E-05 -0.891
vn 0.32659 -0.70563 -0.62883
vn 0.45404 -2E-05 -0.89098
vn 0.75963 -1E-05 -0.65036
vn 0.32645 -0.70566 -0.62886
vn 0.38091 -0.7418 -0.55194
vn 0.45398 0 -0.89101
vn 0.00881 -0.99996 -1E-05
vn 0.75962 5E-05 -0.65036
vn 0.94043 5E-05 -0.33998
vn 0.0088 -0.99996 -1E-05
vn 0.75967 0 -0.65031
vn 0.00872 -0.99996 -1E-05
vn 0.32658 -0.70563 -0.62884
vn 0.75965 -3E-05 -0.65034
vn 0.00875 -0.99996 -5E-05
vn 0.00878 -0.99996 2E-05
vn 0.94044 8E-05 -0.33996
vn 0.93037 2E-05 0.36661
vn 0.00871 -0.99996 -6E-05
vn 0.94043 3E-05 -0.34
vn 0.00876 -0.99996 1E-05
vn 0.00876 -0.99996 -1E-05
vn 0.93038 1E-05 0.3666
vn 0.45398 -1E-05 0.89101
vn 0.00871 -0.99996 -3E-05
vn 0.93037 -1E-05 0.36662
vn 0.00871 -0.99996 3E-05
vn 0.38087 -0.74179 0.55199
vn 0.45403 0 0.89098
vn 0.44733 -1E-05 0.89437
vn 0.32664 -0.70558 0.62886
vn 0.00885 -0.99996 1E-05
vn 0.454 0.0001 0.891
vn 0.38093 -0.74178 0.55196
vn 0.32646 -0.70567 0.62885
vn 0.45403 -1E-05 0.89099
vn 0.38087 -0.74177 0.55202
vn 0.44734 4E-05 0.89437
vn 0.44118 1E-05 0.89742
vn 0.27064 -0.70712 0.65325
vn 0.4412 -3E-05 0.89741
vn 0.41463 -2E-05 0.90999
vn 0.2706 -0.70713 0.65326
vn 0.31193 -0.70713 0.63456
vn 0.44113 -1E-05 0.89744
vn 0.38087 -0.74187 0.55188
vn 0.44118 -0.00013 0.89742
vn 0.31188 -0.70718 0.63453
vn 0.27063 -0.7071 0.65328
vn 0.41463 4E-05 0.90999
vn 0.38276 4E-05 0.92385
vn 0.27076 -0.70707 0.65325
vn 0.38271 6E-05 0.92387
vn 0.33846 1E-05 0.94098
vn 0.73531 -0.67773 -2E-05
vn 0.33847 -8E-05 0.94098
vn 0.32254 -5E-05 0.94656
vn 0.27068 -0.70714 0.65321
vn 0.33848 -6E-05 0.94097
vn 0.00012 -1 -9E-05
vn 0.73536 -0.67768 6E-05
vn 0.00014 -1 0
vn 0.33842 7E-05 0.94099
vn 0.43252 -2E-05 0.90162
vn 0.53034 -2E-05 0.84778
vn 0.32253 -4E-05 0.94656
vn 0.81321 -1E-05 0.58198
vn 0.32256 -2E-05 0.94655
vn 0.53034 -1E-05 0.84779
vn 0.73526 -0.67778 2E-05
vn 0.32256 6E-05 0.94655
vn 0.81322 -1E-05 0.58196
vn 0.53335 -0.84589 -2E-05
vn 0.53336 -0.84589 0
vn 0.88252 -0.47028 1E-05
vn 0.53329 -0.84593 -0
vn 0.53329 -0.84593 -0
vn 0.6686 -0.52584 -0.52579
vn 0.53335 -0.8459 3E-05
vn 0.55586 -0.55453 -0.61929
vn 0.66562 -0.52768 -0.52774
vn 0.8826 -0.47013 0
vn 0.53345 -0.84583 -2E-05
vn 0.53336 -0.84589 -0
vn 2E-05 -0.59573 -0.80318
vn 0.53333 -0.84591 -1E-05
vn 0.53334 -0.8459 4E-05
vn 0.53336 -0.84589 0
vn 0.28952 -0.90945 -0.29845
vn 0.53321 -0.84598 3E-05
vn 0.53326 -0.84595 5E-05
vn 0.28956 -0.90942 -0.29852
vn -4E-05 -0.59578 -0.80315
vn 0.53331 -0.84592 2E-05
vn 0.28967 -0.90939 -0.29851
vn 0.53338 -0.84587 -6E-05
vn -1E-05 -0.83333 -0.55278
vn 0.00068 -0.95913 -0.28296
vn -2E-05 -0.83335 -0.55275
vn 0.53331 -0.84592 4E-05
vn 0.46445 -0.55084 0.69345
vn 0.53207 -0.8467 -0.00329
vn 0.5334 -0.84586 0.0001
vn 0.46443 -0.55086 0.69344
vn 0.57022 -0.22075 0.79128
vn 0.53203 -0.84672 -0.00329
vn 0.4462 -0.68364 0.57753
vn 0.53334 -0.8459 1E-05
vn 0.53335 -0.84589 0
vn 0.44616 -0.68365 0.57755
vn 0.39271 -0.59371 0.70235
vn 0.53334 -0.8459 -3E-05
vn 1 -0.0001 3E-05
vn 0.44608 -0.68368 0.57758
vn 0.53329 -0.84593 -1E-05
vn 0.87561 -0.48302 0
vn 1 -4E-05 3E-05
vn 0.53331 -0.84592 -2E-05
vn 0.88257 -0.47018 -1E-05
vn 0.87563 -0.48299 -1E-05
vn 0.53338 -0.84588 2E-05
vn 0.28963 -0.90939 -0.29853
vn 1E-05 -0.83333 -0.55277
vn 3E-05 -0.59574 -0.80318
vn 1E-05 -0.80636 -0.59142
vn -1E-05 -0.59576 -0.80316
vn -0 -0.83334 -0.55276
vn 1E-05 -0.54552 -0.8381
vn -1E-05 -0.59575 -0.80317
vn -0 -0.80636 -0.59143
vn -0 -0.25248 -0.9676
vn -2E-05 -0.23184 -0.97275
vn 3E-05 -0.59579 -0.80314
vn 1E-05 -0.25823 -0.96608
vn -1E-05 -0.25246 -0.96761
vn 3E-05 -0.59575 -0.80317
vn -1E-05 -0.26416 -0.96448
vn 2E-05 -0.25824 -0.96608
vn 3E-05 -0.59576 -0.80316
vn 1E-05 -0.29931 -0.95415
vn 0 -0.26415 -0.96448
vn 2E-05 -0.59575 -0.80317
vn -0 -0.31065 -0.95052
vn -1E-05 -0.2993 -0.95416
vn 1E-05 -0.59577 -0.80316
vn 0 -0.31064 -0.95053
vn 1E-05 -0.31064 -0.95053
vn -0 -0.59576 -0.80317
vn 0 -0.54553 -0.83809
vn -0 -0.31063 -0.95053
vn -1E-05 -0.59577 -0.80316
vn -1E-05 -0.83333 -0.55277
vn -1E-05 -0.83333 -0.55277
vn 1E-05 -0.95904 -0.28329
vn -0 -0.81968 -0.57282
vn 0 -0.83334 -0.55277
vn 0 -0.83334 -0.55277
vn -0 -0.81969 -0.57281
vn 0 -0.80636 -0.59143
vn -0 -0.83332 -0.5528
vn 0.28995 -0.9094 0.29819
vn 0.53334 -0.8459 -0
vn 0.53335 -0.84589 1E-05
vn 0.53335 -0.84589 0
vn 3E-05 -0.83333 0.55277
vn 0.28998 -0.9094 0.29818
vn 0.53338 -0.84588 -0
vn 1E-05 -0.59581 0.80313
vn -3E-05 -0.83336 0.55273
vn 0.53335 -0.84589 -1E-05
vn 0.53335 -0.84589 0
vn 0.53336 -0.84589 1E-05
vn 0.00186 -0.9606 0.27794
vn 0.53334 -0.8459 -2E-05
vn 0.28999 -0.90941 0.29813
vn 0.53335 -0.84589 0
vn 0.00189 -0.96058 0.27798
vn 0.53335 -0.8459 -1E-05
vn 0.53336 -0.84589 2E-05
vn 0.00191 -0.96057 0.27802
vn 0.29001 -0.90939 0.29818
vn 0 -0.83331 0.55281
vn 1E-05 -0.83334 0.55276
vn 1E-05 -0.83334 0.55276
vn -0 -0.59578 0.80315
vn -1E-05 -0.96824 0.25
vn -0 -0.96036 0.27876
vn 0 -0.83335 0.55275
vn 1E-05 -0.83334 0.55276
vn -1E-05 -0.96824 0.25001
vn 1E-05 -0.83334 0.55276
vn -2E-05 -0.82011 0.5722
vn -0 -0.83334 0.55277
vn -0 -0.5958 0.80313
vn -0 -0.54551 0.8381
vn 1E-05 -0.80636 0.59143
vn 1E-05 -0.59579 0.80314
vn 1E-05 -0.80635 0.59144
vn -0 -0.59579 0.80314
vn -0 -0.80635 0.59144
vn -2E-05 -0.80637 0.59141
vn -1E-05 -0.82012 0.57219
vn -1E-05 -0.59579 0.80314
vn -0 -0.80633 0.59146
vn -0 -0.80636 0.59142
vn 1E-05 -0.59576 0.80316
vn 0.39273 -0.59371 -0.70233
vn 0.53334 -0.8459 -1E-05
vn 0.53333 -0.84591 -1E-05
vn 0.41643 -0.63335 -0.65227
vn 0.53334 -0.8459 0
vn 0.39272 -0.59371 -0.70234
vn 0.87562 -0.48301 -3E-05
vn 0.53341 -0.84586 -4E-05
vn 0.41646 -0.63336 -0.65224
vn 0.57022 -0.22069 -0.7913
vn 0.53333 -0.84591 -0.00011
vn 0.53206 -0.8467 0.00335
vn 0.46444 -0.55085 -0.69344
vn 0.53337 -0.84588 -7E-05
vn 0.57026 -0.22065 -0.79128
vn 0.53311 -0.84605 0.00037
vn 0.53213 -0.84665 0.00339
vn 0.53208 -0.84669 0.00346
vn 0.64957 -0.74995 -0.12506
vn 0.53207 -0.84669 0.00339
vn 0.53307 -0.84607 0.00035
vn 0.74524 -0.62019 -0.24493
vn 0.53201 -0.84673 0.00335
vn 0.6495 -0.75001 -0.12508
vn 0.76952 -0.57405 -0.27984
vn 0.53185 -0.84683 0.00345
vn 0.74515 -0.62033 -0.24483
vn 0.79063 -0.52662 -0.31238
vn 0.53212 -0.84666 0.00333
vn 0.76972 -0.57372 -0.27997
vn 0.80093 -0.49591 -0.33554
vn 0.53216 -0.84664 0.00334
vn 0.79054 -0.52683 -0.31224
vn 0.80111 -0.4956 -0.33558
vn 0.8154 -0.44534 -0.36986
vn 0.53213 -0.84666 0.00337
vn 0.8373 -0.31727 -0.44528
vn 0.53213 -0.84666 0.00332
vn 0.81535 -0.44536 -0.36995
vn 0.83844 -0.14154 -0.5263
vn 0.5702 -0.22073 -0.7913
vn 0.532 -0.84674 0.00337
vn 0.83726 -0.31738 -0.44526
vn 0.83845 -0.14147 -0.52629
vn 0.53204 -0.84671 0.00335
vn 0.53338 -0.84588 -4E-05
vn 0.53335 -0.84589 1E-05
vn 0.53336 -0.84589 -1E-05
vn 0.27683 -0.96092 0
vn 0.53331 -0.84592 1E-05
vn 0.53331 -0.84592 -0
vn 0.27649 -0.96102 1E-05
vn 0.53338 -0.84588 -0
vn 0.27695 -0.96088 1E-05
vn 0.27682 -0.96092 -0
vn 0.53331 -0.84592 1E-05
vn 0.53331 -0.84592 -6E-05
vn 0.2768 -0.96093 0
vn 0.53329 -0.84593 -1E-05
vn 0.53329 -0.84593 -1E-05
vn 8E-05 -1 6E-05
vn 0.27696 -0.96088 3E-05
vn 0.53344 -0.84584 6E-05
vn 0.00194 -0.96057 0.27802
vn 2E-05 -1 3E-05
vn 0.53339 -0.84587 -0
vn -1E-05 0.70711 0.7071
vn 1E-05 1 1E-05
vn -1E-05 1 1E-05
vn -2E-05 0.70713 0.70708
vn -2E-05 0.70713 0.70708
vn 2E-05 1 -1E-05
vn 2E-05 1 4E-05
vn -2E-05 0.7071 0.70712
vn 2E-05 1 -1E-05
vn 2E-05 0.70708 0.70713
vn -2E-05 -1E-05 1
vn 2E-05 0.70708 0.70713
vn 0.68832 0.72541 -8E-05
vn 3E-05 2E-05 1
vn -1E-05 0.70709 0.70712
vn 0.68839 0.72534 7E-05
vn -6E-05 -2E-05 1
vn 2E-05 -5E-05 1
vn 0.94306 -0.29993 -0.14378
vn 0.70143 -0.21845 -0.67843
vn 0.81257 -0.49832 -0.30232
vn 0.68835 0.72538 -2E-05
vn -0 0.70712 0.70709
vn -3E-05 1 -2E-05
vn 0.68834 0.72539 0
vn -0 1 2E-05
vn -0 1 0
vn 0 1 -0
vn 0 1 0
vn 0.68837 0.72536 0
vn -0 1 0
vn 0.68837 0.72536 -2E-05
vn 0.36243 0.93201 1E-05
vn 1E-05 1 -1E-05
vn 2E-05 1 1E-05
vn -1E-05 0.73727 0.6756
vn -2E-05 1 -4E-05
vn 0 1 1E-05
vn 0 0.73728 0.67558
vn -3E-05 1 -3E-05
vn 0.36242 0.93201 -4E-05
vn 1E-05 0.73727 -0.6756
vn 2E-05 1 4E-05
vn -0 1 -1E-05
vn 0.67561 0.73726 -2E-05
vn 0.36249 0.93199 -4E-05
vn 7E-05 1 2E-05
vn -0 0.73728 -0.67559
vn 0.67561 0.73726 -3E-05
vn 1E-05 1 -8E-05
vn -0.36243 0.93201 -1E-05
vn -1E-05 1 0
vn -2E-05 1 -1E-05
vn -0.36244 0.93201 1E-05
vn -0 0.73728 -0.67558
vn 3E-05 1 3E-05
vn -0.36248 0.93199 6E-05
vn -8E-05 1 -1E-05
vn -0.67563 0.73724 2E-05
vn 0 0.73728 0.67559
vn -0.67561 0.73726 2E-05
vn 3E-05 1 4E-05
vn 1E-05 1 -1E-05
vn 2E-05 1 1E-05
vn -2E-05 0.73732 0.67554
vn -2E-05 1 -4E-05
vn -3E-05 1 -2E-05
vn 0 0.73728 0.67558
vn 0 1 0
vn 0.36244 0.93201 -1E-05
vn 2E-05 0.73732 -0.67554
vn 2E-05 1 4E-05
vn 3E-05 1 2E-05
vn 8E-05 1 2E-05
vn -0 0.73728 -0.67559
vn 0.67561 0.73726 -2E-05
vn 1E-05 1 -7E-05
vn -1E-05 1 0
vn -2E-05 1 -1E-05
vn -0.36245 0.932 -1E-05
vn -0 0.73728 -0.67558
vn -0 1 -0
vn -0.36248 0.93199 6E-05
vn 0 0.73728 0.67559
vn -0.67561 0.73726 2E-05
vn 3E-05 1 4E-05
vn 0.36243 0.93201 1E-05
vn 1E-05 1 -1E-05
vn 2E-05 1 1E-05
vn -2E-05 0.73732 0.67554
vn -2E-05 1 -4E-05
vn -3E-05 1 -2E-05
vn 0 0.73728 0.67558
vn 0 1 0
vn 0.36244 0.93201 -2E-05
vn 2E-05 0.73732 -0.67554
vn 2E-05 1 4E-05
vn 3E-05 1 2E-05
vn 0.67563 0.73724 -2E-05
vn 0.36248 0.93199 -6E-05
vn 8E-05 1 1E-05
vn -0 0.73728 -0.67559
vn 0.67561 0.73726 -2E-05
vn -3E-05 1 -4E-05
vn -0.36243 0.93201 -1E-05
vn -1E-05 1 1E-05
vn -2E-05 1 -1E-05
vn -0.36245 0.932 -1E-05
vn -0 0.73728 -0.67558
vn -0 1 -0
vn -0.36248 0.93199 6E-05
vn -8E-05 1 -1E-05
vn -0.67563 0.73724 2E-05
vn 0.36245 0.932 -1E-05
vn -1E-05 0.73727 0.6756
vn -2E-05 1 -4E-05
vn 0 1 1E-05
vn 1E-05 0.73727 -0.6756
vn 2E-05 1 4E-05
vn -0 1 -1E-05
vn 0.67563 0.73724 -2E-05
vn 0.36248 0.93199 -6E-05
vn 8E-05 1 1E-05
vn -0 0.73728 -0.67559
vn 0.67556 0.7373 4E-05
vn -6E-05 1 -1E-05
vn -0.36245 0.932 1E-05
vn -1E-05 1 1E-05
vn -2E-05 1 -1E-05
vn -0.36246 0.932 -1E-05
vn -0 0.73728 -0.67558
vn -0 1 -0
vn -0.3624 0.93202 -2E-05
vn -5E-05 1 -5E-05
vn -0.6756 0.73726 -3E-05
vn 1E-05 0.73728 0.67559
vn -0.67561 0.73726 2E-05
vn -1E-05 1 7E-05
vn -1E-05 0.73727 0.6756
vn -2E-05 1 -4E-05
vn 0 1 1E-05
vn 0 1 0
vn 0.36244 0.93201 -1E-05
vn 1E-05 0.73727 -0.6756
vn 2E-05 1 4E-05
vn -0 1 -1E-05
vn 0.36248 0.93199 -6E-05
vn 8E-05 1 1E-05
vn -0 0.73728 -0.67559
vn 0.67556 0.7373 4E-05
vn -6E-05 1 -1E-05
vn -1E-05 1 1E-05
vn -2E-05 1 -1E-05
vn -0.36239 0.93202 -2E-05
vn -4E-05 1 -5E-05
vn -0.6756 0.73727 -4E-05
vn 0 0.73728 0.67559
vn -0.67561 0.73726 2E-05
vn -1E-05 1 7E-05
vn 0 1 -0
vn 0 1 -0
vn 0 1 0
vn 0.69828 0.71582 2E-05
vn -1E-05 1 3E-05
vn -1E-05 1 -0.00013
vn 0.91903 0.0623 0.38923
vn -0.00763 0.99997 -0.00322
vn -1E-05 1 -4E-05
vn 0.67831 0.73477 -2E-05
vn 0.91902 0.06224 0.38926
vn 3E-05 1 -4E-05
vn 0.6983 0.71581 -1E-05
vn 0.67831 0.73478 1E-05
vn 1E-05 1 -1E-05
vn 0.69826 0.71584 -1E-05
vn -5E-05 1 -1E-05
vn -0.00762 0.99997 0.00323
vn 0.919 0.06226 -0.3893
vn -0.0076 0.99997 0.00323
vn -0.01201 0.99986 0.01206
vn 0.99863 0.05227 -0
vn 0.69833 0.71577 4E-05
vn -0.00751 0.99997 0.00317
vn 0.91902 0.06229 -0.38926
vn 0.99863 0.05235 -5E-05
vn -0.00763 0.99997 0.00321
vn 0.70575 0.0626 -0.70569
vn -0.01203 0.99986 0.01204
vn -0.00317 0.99997 0.00764
vn 0.70572 0.0626 -0.70572
vn 0.91901 0.06229 -0.38929
vn -0.01204 0.99985 0.0121
vn 0.38924 0.06228 -0.91903
vn -0.00322 0.99997 0.00761
vn -4E-05 1 -1E-05
vn 0.38927 0.06231 -0.91901
vn 0.70575 0.06264 -0.70568
vn -0.00323 0.99997 0.00762
vn 1E-05 0.7158 -0.69831
vn -2E-05 1 -2E-05
vn -2E-05 1 -2E-05
vn 2E-05 0.73482 -0.67826
vn -2E-05 1 5E-05
vn 1E-05 0.71585 -0.69825
vn 0.38923 0.06229 -0.91903
vn -2E-05 1 1E-05
vn -3E-05 0.73478 -0.67831
vn 0 0.71581 -0.69829
vn -1E-05 1 1E-05
vn 0.00324 0.99997 0.00762
vn -0.38922 0.06235 -0.91903
vn 0.00324 0.99997 0.00762
vn 0.0121 0.99985 0.01207
vn 2E-05 0.05234 -0.99863
vn 3E-05 0.71582 -0.69829
vn 0.00315 0.99997 0.00763
vn -0.38927 0.06225 -0.91902
vn -3E-05 0.05226 -0.99863
vn 0.0032 0.99997 0.00754
vn -0.70568 0.0626 -0.70576
vn 0.01204 0.99986 0.01203
vn 0.00757 0.99997 0.00327
vn -0.7057 0.06266 -0.70574
vn -0.38929 0.0623 -0.91901
vn 0.01201 0.99985 0.01211
vn -0.91903 0.06228 -0.38923
vn 0.00761 0.99997 0.00322
vn -1E-05 1 4E-05
vn -0.91902 0.06229 -0.38925
vn -0.70568 0.06262 -0.70575
vn 0.00761 0.99997 0.00322
vn -0.6983 0.7158 -2E-05
vn -2E-05 1 -3E-05
vn -2E-05 1 2E-05
vn -0.67829 0.73479 -1E-05
vn 0 1 1E-05
vn -0.69829 0.71582 1E-05
vn -0.91903 0.06225 -0.38924
vn 1E-05 1 2E-05
vn -0.67831 0.73478 3E-05
vn -0.69822 0.71588 0
vn 7E-05 1 0
vn 0.00768 0.99997 -0.00325
vn -0.91903 0.06236 0.38921
vn 0.00762 0.99997 -0.00324
vn 0.01207 0.99985 -0.0121
vn -0.99863 0.05236 1E-05
vn -0.69826 0.71585 -3E-05
vn 0.00763 0.99997 -0.00315
vn -0.91902 0.06225 0.38925
vn -0.99863 0.05226 1E-05
vn 0.00754 0.99997 -0.00319
vn -0.70575 0.0626 0.70569
vn 0.01203 0.99986 -0.01204
vn 0.00315 0.99997 -0.0076
vn -0.70572 0.06258 0.70572
vn -0.91901 0.06226 0.38928
vn 0.01197 0.99986 -0.01206
vn -0.38923 0.06233 0.91903
vn 0.00322 0.99997 -0.00761
vn 4E-05 1 2E-05
vn -0.38927 0.06232 0.91901
vn -0.70575 0.06266 0.70569
vn 0.00324 0.99997 -0.00764
vn -1E-05 0.7158 0.69831
vn 2E-05 1 2E-05
vn 2E-05 1 2E-05
vn -2E-05 0.73482 0.67826
vn 2E-05 1 -5E-05
vn -1E-05 0.71585 0.69826
vn -0.38923 0.06229 0.91903
vn 2E-05 1 -1E-05
vn 3E-05 0.73478 0.67831
vn -1E-05 0.71581 0.69829
vn 2E-05 1 4E-05
vn -0.00323 0.99997 -0.00757
vn 0.38921 0.06234 0.91904
vn -0.00323 0.99997 -0.0076
vn -0.0121 0.99985 -0.01206
vn 0.38926 0.0623 0.91902
vn 3E-05 0.05231 0.99863
vn -0.0032 0.99997 -0.00759
vn -3E-05 0.71581 0.69829
vn -0.00315 0.99997 -0.00762
vn -3E-05 0.05233 0.99863
vn 0.70569 0.0626 0.70575
vn -0.01204 0.99986 -0.01203
vn -0.00764 0.99997 -0.00318
vn 0.38929 0.06227 0.91901
vn -0.01209 0.99985 -0.01202
vn 0.70572 0.06259 0.70572
vn 0.70567 0.0626 0.70577
vn -0.0076 0.99997 -0.0032
vn 0.91902 0.06227 0.38927
vn 0.69828 0.71582 2E-05
vn -1E-05 1 3E-05
vn -1E-05 1 -0.00013
vn 0.91903 0.06232 0.38923
vn -0.00765 0.99997 -0.00322
vn -3E-05 1 -4E-05
vn 0.91902 0.06224 0.38926
vn 3E-05 1 -4E-05
vn 0.67831 0.73477 -2E-05
vn 0.69831 0.7158 0
vn 1E-05 1 -2E-05
vn -0.0076 0.99997 0.00323
vn 0.91904 0.06233 -0.38921
vn -0.0076 0.99997 0.00323
vn -0.01205 0.99985 0.01209
vn 0.99863 0.05236 2E-05
vn 0.69827 0.71583 2E-05
vn -0.00765 0.99997 0.00315
vn 0.91902 0.06229 -0.38926
vn 0.99863 0.0523 -4E-05
vn -0.00757 0.99997 0.0032
vn 0.70575 0.0626 -0.70569
vn -0.01203 0.99986 0.01204
vn -0.00318 0.99997 0.00763
vn 0.70572 0.06258 -0.70573
vn 0.91901 0.06227 -0.38929
vn -0.01202 0.99985 0.01209
vn 0.38923 0.06233 -0.91903
vn -0.00322 0.99997 0.00761
vn -4E-05 1 -2E-05
vn 0.38927 0.06233 -0.91901
vn 0.70575 0.06266 -0.70568
vn -0.00324 0.99997 0.00764
vn -3E-05 0.73478 -0.67831
vn 0.38923 0.06229 -0.91903
vn -2E-05 1 1E-05
vn 1E-05 0.71585 -0.69826
vn 2E-05 0.73482 -0.67826
vn -2E-05 1 5E-05
vn 1E-05 0.71581 -0.69829
vn -1E-05 1 1E-05
vn 0.00324 0.99997 0.00762
vn -0.38922 0.06236 -0.91903
vn 0.00324 0.99997 0.00762
vn 0.01211 0.99985 0.01207
vn -2E-05 0.0524 -0.99863
vn 1E-05 0.71585 -0.69825
vn 0.00315 0.99997 0.00763
vn -0.38927 0.06225 -0.91902
vn -3E-05 0.05226 -0.99863
vn 0.0032 0.99997 0.00753
vn -0.70569 0.06265 -0.70575
vn 0.01208 0.99985 0.01206
vn 0.00757 0.99997 0.00327
vn -0.7057 0.06266 -0.70574
vn -0.38929 0.0623 -0.91901
vn 0.01201 0.99985 0.01211
vn -0.91903 0.06238 -0.38921
vn 0.00766 0.99997 0.00323
vn 4E-05 1 5E-05
vn -0.91902 0.06229 -0.38925
vn -0.70568 0.06262 -0.70575
vn 0.00761 0.99997 0.00322
vn -0.6983 0.7158 -2E-05
vn -2E-05 1 -3E-05
vn -2E-05 1 2E-05
vn -0.91903 0.06225 -0.38924
vn 2E-05 1 2E-05
vn -0.6783 0.73478 4E-05
vn -0.69829 0.71581 -2E-05
vn 1E-05 1 1E-05
vn 0.00762 0.99997 -0.00324
vn -0.91904 0.06231 0.38921
vn 0.00762 0.99997 -0.00324
vn 0.01203 0.99985 -0.01208
vn -0.99863 0.05237 1E-05
vn -0.69824 0.71586 -2E-05
vn 0.00764 0.99997 -0.00315
vn -0.91903 0.0623 0.38924
vn -0.99863 0.05236 3E-05
vn 0.00764 0.99997 -0.00322
vn -0.70575 0.0626 0.70569
vn 0.01202 0.99986 -0.01204
vn 0.00325 0.99997 -0.00753
vn -0.70572 0.06258 0.70572
vn -0.91901 0.06227 0.38928
vn 0.01197 0.99986 -0.01207
vn -0.38924 0.06228 0.91903
vn 0.00322 0.99997 -0.00761
vn 4E-05 1 1E-05
vn -0.38926 0.06233 0.91902
vn -0.70574 0.06266 0.70569
vn 0.00325 0.99997 -0.00764
vn -2E-05 0.73482 0.67826
vn 2E-05 1 -5E-05
vn -1E-05 0.71585 0.69825
vn -0.38923 0.06229 0.91903
vn 2E-05 1 -1E-05
vn 3E-05 0.73478 0.67831
vn -0 0.71581 0.69829
vn 2E-05 1 4E-05
vn -0.00323 0.99997 -0.00757
vn 0.38921 0.06234 0.91904
vn -0.00323 0.99997 -0.00761
vn -0.0121 0.99985 -0.01206
vn -3E-05 0.05235 0.99863
vn -3E-05 0.71582 0.69828
vn -0.00315 0.99997 -0.00764
vn 0.38927 0.06225 0.91902
vn 3E-05 0.05231 0.99863
vn -0.0032 0.99997 -0.00759
vn 0.70569 0.0626 0.70575
vn -0.01204 0.99986 -0.01203
vn -0.00764 0.99997 -0.00318
vn 0.70572 0.06262 0.70572
vn 0.3893 0.06231 0.919
vn -0.01208 0.99986 -0.01201
vn 0.91902 0.06228 0.38927
vn 0.70576 0.06259 0.70568
vn -0.0076 0.99997 -0.00321
vn -0.70584 -2E-05 0.70837
vn -0 2E-05 1
vn -0 -1E-05 1
vn 0 -0.21659 0.97626
vn 0 -0.21448 0.97673
vn 0 -0.21443 0.97674
vn -1E-05 -0.21659 0.97626
vn -1E-05 -0.21439 0.97675
vn 1E-05 -0.54554 0.83808
vn -1 -1E-05 1E-05
vn -1E-05 -0.54558 0.83806
vn -1E-05 -0.21439 0.97675
vn -0.70583 -0.15217 0.69184
vn -1 -4E-05 -9E-05
vn -1E-05 -0.21441 0.97674
vn -0.70584 -2E-05 0.70837
vn -0.70584 1E-05 0.70837
vn -1E-05 2E-05 1
vn -0 0.54426 0.83892
vn -1E-05 0.21439 0.97675
vn 0 0.21439 0.97675
vn 2E-05 0.5441 0.83902
vn 1E-05 0.21439 0.97675
vn 1E-05 0.54426 0.83892
vn -0.70584 0.15224 0.69182
vn -1E-05 0.21442 0.97674
vn -1E-05 0.54408 0.83903
vn 0.70614 0.03699 0.70711
vn -2E-05 -1E-05 1
vn 2E-05 0.00013 1
vn 0.99862 0.0525 0.00058
vn -0 0.54429 0.8389
vn 3E-05 0.21416 0.9768
vn 0.70887 0.03717 0.70436
vn 2E-05 0 1
vn 0.70613 0.03698 0.70711
vn 0.99863 0.0524 0.00058
vn -6E-05 0.21419 0.97679
vn 0.70065 0.18799 0.6883
vn 0.70614 0.03704 0.70711
vn 1E-05 -0 1
vn 3E-05 -2E-05 1
vn 0.70614 0.03705 0.7071
vn 4E-05 7E-05 1
vn 0.99863 0.0524 -1E-05
vn 0.68835 0.72538 -1E-05
vn 0.99863 0.05238 -1E-05
vn -2E-05 8E-05 1
vn 0.99612 -0.08802 -7E-05
vn 0.99612 -0.08802 -7E-05
vn 0.99612 -0.08802 -7E-05
vn 0.29482 -0.02576 0.9552
vn -0.32986 -0.36039 0.87253
vn -0.06981 -0.2776 0.95816
vn 0.99645 -0.08424 -0.00013
vn 0.99645 -0.08424 -0.00013
vn 0.99645 -0.08424 -0.00013
vn 0.50762 -0.04446 0.86043
vn -0.16279 -0.274 0.94785
vn -0.3299 -0.36047 0.87248
vn 0.50764 -0.04438 0.86042
vn -0.32986 -0.3604 0.87253
vn 0.29483 -0.02582 0.9552
vn 0.29485 -0.0258 0.9552
vn -0.06982 -0.27764 0.95814
vn 0 4E-05 1
vn 0.70441 -0.06162 0.70711
vn 1E-05 2E-05 1
vn 1E-05 -4E-05 1
vn 0.29484 -0.02581 0.9552
vn -1E-05 -1E-05 1
vn 0.70443 -0.06168 0.70709
vn 0.70442 -0.06162 0.7071
vn -0 0 1
vn 1E-05 2E-05 1
vn 0.6756 -0.73727 -2E-05
vn -0 -9E-05 1
vn -5E-05 -5E-05 1
vn 0.67564 -0.73723 1E-05
vn 0.99619 -0.08721 -2E-05
vn -2E-05 -2E-05 1
vn 0.70443 -0.06161 0.7071
vn -5E-05 -6E-05 1
vn 0.9962 -0.08714 4E-05
vn -1E-05 -0.70709 0.70712
vn -3E-05 0 1
vn 2E-05 0 1
vn 3E-05 -0.70712 0.7071
vn -2E-05 -0.70712 0.7071
vn 1E-05 1E-05 1
vn 0.67558 -0.73729 0
vn -1E-05 2E-05 1
vn 1E-05 -0.70709 0.70713
vn -2E-05 -0.7071 0.70711
vn 2E-05 2E-05 1
vn 4E-05 1E-05 1
vn -0.67557 -0.7373 -1E-05
vn -2E-05 2E-05 1
vn -3E-05 3E-05 1
vn 2E-05 -0.70712 0.70709
vn -7E-05 1E-05 1
vn -1E-05 -1 -1E-05
vn -0.67556 -0.73731 2E-05
vn 5E-05 -1 6E-05
vn -3E-05 5E-05 1
vn -0.30581 -0.02675 0.95172
vn 2E-05 1E-05 1
vn 2E-05 -1E-05 1
vn -0.70442 -0.06162 0.7071
vn -0.67561 -0.73726 -2E-05
vn -1E-05 -0 1
vn -0.50765 -0.04443 0.86042
vn -0.70441 -0.06161 0.70711
vn 1E-05 -1E-05 1
vn -0.3058 -0.02677 0.95172
vn -0.50762 -0.04442 0.86044
vn 2E-05 3E-05 1
vn 0.24968 -0.71421 -0.65388
vn -2E-05 -0.64196 -0.76674
vn 0.2181 -0.79751 -0.56251
vn -0.30578 -0.02676 0.95172
vn -0.00133 0.00023 1
vn 0.00141 -0.21332 0.97698
vn -0.30582 -0.02695 0.95171
vn 0.00141 -0.21351 0.97694
vn -0 -0.21678 0.97622
vn -2E-05 -0.7071 0.70711
vn 3E-05 -0.7071 0.70711
vn 0.70714 -1E-05 0.70707
vn -0.7071 1E-05 0.70711
vn -0.70708 1E-05 0.70713
vn -0 -0.70713 0.70709
vn -0.7071 0 0.70711
vn -0 -0.70713 0.70709
vn -0 -0.7071 0.70711
vn 0.70711 -1E-05 0.70711
vn 0.70715 4E-05 0.70707
vn 0 0.70713 0.70709
vn 0.70711 1E-05 0.7071
vn -2E-05 -0.70708 0.70713
vn 0.70713 1E-05 0.70708
vn -2E-05 0.70713 0.70709
vn -2E-05 0.7071 0.70711
vn -0.70714 1E-05 0.70707
vn 0.7071 -0 0.70711
vn -0 0.70713 0.70709
vn -0 0.7071 0.70711
vn -1E-05 0.70706 0.70715
vn -0.70712 2E-05 0.7071
vn -0.7071 2E-05 0.70711
vn 0.27646 -0.96102 1E-05
vn 0.27693 -0.96089 1E-05
vn 6E-05 -1 -0
vn 1E-05 -1 1E-05
vn 0 -1 1E-05
vn -1E-05 -0.96037 0.27872
vn -2E-05 -1 0
vn 0.27643 -0.96103 -1E-05
vn -2E-05 -1 -1E-05
vn 0 -0.96824 0.25002
vn 0 -1 2E-05
vn 1E-05 -0.96037 0.27873
vn 0.45676 -0.74859 0.48062
vn -6E-05 -1 -4E-05
vn -8E-05 -0.96825 0.24999
vn 0.68836 -0.72537 0
vn 2E-05 -1 -2E-05
vn 2E-05 -1 0
vn 0.45676 -0.74857 0.48064
vn 0.68834 -0.72539 -2E-05
vn -3E-05 -1 2E-05
vn 0.45674 -0.74856 0.48067
vn -0 -0.96825 0.25
vn 0 -0.83334 0.55276
vn 0.14983 -0.80449 0.57475
vn -2E-05 -0.83323 0.55293
vn -2E-05 -0.82001 0.57234
vn 0.14981 -0.80459 0.57462
vn 0.45675 -0.74856 0.48066
vn -1E-05 -0.83334 0.55277
vn -1 -5E-05 -1E-05
vn 4E-05 -0.80633 0.59146
vn 1E-05 -0.54551 0.83811
vn 0 -0.39665 0.91797
vn -1E-05 -0.80636 0.59142
vn 0 -0.80636 0.59142
vn -0.48163 -0.71031 0.51331
vn -2E-05 -0.8063 0.59151
vn -1 7E-05 -4E-05
vn 5E-05 0.12182 0.99255
vn 1E-05 -0.80635 0.59144
vn -0.47856 -0.71163 0.51436
vn 0 -0.39671 0.91794
vn 0 -0.8064 0.59137
vn 0 0.12196 0.99254
vn 2E-05 -0.21983 0.97554
vn -1E-05 -0.21668 0.97624
vn 0 -0.54559 0.83805
vn 2E-05 -0.23151 0.97283
vn -2E-05 -0.21973 0.97556
vn -2E-05 -0.54554 0.83809
vn -1E-05 -0.25248 0.9676
vn -2E-05 -0.23152 0.97283
vn 1E-05 -0.54552 0.8381
vn -0 -0.25821 0.96609
vn 2E-05 -0.25245 0.96761
vn -0 -0.54553 0.83809
vn -1E-05 -0.26416 0.96448
vn -0 -0.25824 0.96608
vn -2E-05 -0.54554 0.83808
vn -0 -0.29932 0.95415
vn 1E-05 -0.26415 0.96448
vn -2E-05 -0.54552 0.8381
vn 1E-05 -0.31062 0.95053
vn -1E-05 -0.29932 0.95415
vn 1E-05 -0.54551 0.8381
vn -1E-05 -0.31063 0.95053
vn 0 -0.31063 0.95053
vn 1E-05 -0.54553 0.83809
vn -1 4E-05 -0
vn 1E-05 -0.54555 0.83808
vn -1 -2E-05 -3E-05
vn -0.26395 -0.13725 0.95472
vn 1E-05 -0.21651 0.97628
vn -1E-05 -0.21962 0.97558
vn -0.26398 -0.13728 0.95471
vn -0.30582 -0.0267 0.95171
vn 1E-05 -0.21653 0.97628
vn -0.6968 -0.2376 0.67677
vn 2E-05 -0.21977 0.97555
vn 0 -0.23155 0.97282
vn -0.6968 -0.23754 0.67679
vn -0.9962 -0.08709 1E-05
vn 6E-05 -0.2197 0.97557
vn -0.26398 -0.1374 0.95469
vn 1E-05 -0.21978 0.97555
vn -0.99619 -0.08718 -5E-05
vn -0.69678 -0.2376 0.67679
vn -1E-05 -0.23154 0.97282
vn -4E-05 -0.25251 0.96759
vn -0.69648 -0.24554 0.67426
vn 4E-05 -0.25245 0.96761
vn 1E-05 -0.25816 0.9661
vn -0.69678 -0.23792 0.67668
vn 1E-05 -0.25255 0.96758
vn -0.6965 -0.24559 0.67422
vn -0.6965 -0.24567 0.67419
vn -2E-05 -0.2583 0.96606
vn -0.00018 -0.26178 0.96513
vn -0.69652 -0.24564 0.67418
vn -0 -0.26413 0.96449
vn -1E-05 -0.29931 0.95415
vn -0.62882 -0.77755 -1E-05
vn -5E-05 -0.29931 0.95416
vn -6E-05 -0.31065 0.95053
vn -0.62881 -0.77756 3E-05
vn -0.99619 -0.08726 -3E-05
vn -2E-05 -0.29927 0.95417
vn -0.69651 -0.24569 0.67417
vn -3E-05 -0.29932 0.95415
vn -0.99618 -0.08731 -7E-05
vn 0 -0.80956 0.58704
vn 2E-05 -0.31061 0.95054
vn 0 -0.31061 0.95054
vn -2E-05 -0.80961 0.58697
vn -0 -0.80955 0.58705
vn -0 -0.3107 0.95051
vn -0.62878 -0.77758 0
vn 1E-05 -0.31063 0.95053
vn -4E-05 -0.80949 0.58713
vn 8E-05 -0.80961 0.58697
vn -1E-05 -0.31072 0.9505
vn 6E-05 -0.29581 0.95525
vn 0.70666 -0.70756 -2E-05
vn 2E-05 -0.29577 0.95526
vn 2E-05 -0.26415 0.96448
vn 9E-05 -0.80959 0.587
vn -4E-05 -0.29578 0.95526
vn 0.00016 -1 -3E-05
vn 0.70664 -0.70757 1E-05
vn 0.00014 -1 2E-05
vn -3E-05 -0.29576 0.95526
vn 0.69678 -0.23762 0.67678
vn 1E-05 -0.26416 0.96448
vn -0 -0.25825 0.96608
vn 0.69644 -0.2456 0.67428
vn 0.70663 -0.70758 8E-05
vn -3E-05 -0.26408 0.9645
vn 0.69678 -0.23764 0.67677
vn 0.69691 -0.24064 0.67558
vn 1E-05 -0.26418 0.96447
vn 0.6968 -0.23763 0.67676
vn -0 -0.25829 0.96607
vn 0.0001 -0.2514 0.96788
vn 0.69679 -0.23753 0.67681
vn 1E-05 -0.25245 0.96761
vn 0 -0.23174 0.97278
vn 0.69679 -0.23767 0.67675
vn 2E-05 -0.23186 0.97275
vn -2E-05 -0.21977 0.97555
vn 0.99602 -0.08912 8E-05
vn 0.99602 -0.08912 8E-05
vn 0.99602 -0.08912 8E-05
vn 0.50766 -0.04442 0.86041
vn 7E-05 -0.21979 0.97555
vn -0.16271 -0.27398 0.94787
vn 0.26399 -0.13719 0.95472
vn 0.69675 -0.23744 0.67688
vn 0 -0.21959 0.97559
vn 0.26387 -0.13712 0.95476
vn -0.00019 -0.21938 0.97564
vn 0.5075 -0.04419 0.86052
vn 0.14983 -0.80459 0.57461
vn -1E-05 -0.82012 0.57219
vn 0 -0.80636 0.59143
vn -1E-05 -0.39667 0.91796
vn 2E-05 -0.80634 0.59145
vn -1E-05 -0.80634 0.59145
vn 1E-05 -0.76109 0.64865
vn -1E-05 -0.80634 0.59146
vn 3E-05 -0.39665 0.91797
vn 0.47928 -0.72902 0.48869
vn -0.00011 -0.80622 0.59162
vn -2E-05 -0.761 0.64875
vn 0.14986 -0.80461 0.57459
vn -1E-05 -0.80628 0.59153
vn 0.47929 -0.72915 0.48848
vn 1 7E-05 2E-05
vn 0.99003 -0.14083 0
vn 0.85419 -0.51997 0
vn 1 -3E-05 -2E-05
vn 0.85414 -0.52005 -1E-05
vn 0.4995 -0.86632 1E-05
vn 0.71523 -0 -0.69889
vn 0.02619 1E-05 -0.99966
vn 0.02619 0 -0.99966
vn 0.71523 -0 -0.69889
vn 0.70603 0.00189 -0.70818
vn 0.02616 -1E-05 -0.99966
vn 0.72643 0.49485 -0.47689
vn 0.0262 0.22989 -0.97286
vn 0.0262 0.4949 -0.86856
vn 0.72644 0.49488 -0.47685
vn 0.71523 0.16108 -0.68008
vn 0.02618 0.22984 -0.97288
vn 1 -4E-05 0
vn 0.96523 0.26141 -0
vn 0.99002 -0.14093 0
vn -1E-05 1 6E-05
vn 0.60369 0.79722 -2E-05
vn 0.96523 0.26142 -0
vn 1 1E-05 4E-05
vn 0 1 -0
vn 0.96523 0.26142 -4E-05
vn 0.71632 3E-05 -0.69778
vn 0.02617 3E-05 -0.99966
vn 0.02617 -2E-05 -0.99966
vn 0.71634 -0.00011 -0.69775
vn 0.02604 -0.00011 -0.99966
vn 0.02519 -0.67356 -0.7387
vn 5E-05 -1 -6E-05
vn -0.83547 -0.54953 0
vn -0.98791 -0.15501 0
vn -4E-05 -1 5E-05
vn -0.48961 -0.87194 -0
vn -0.83548 -0.54952 -1E-05
vn -1 2E-05 -0
vn -0.98791 -0.15501 0
vn -0.96363 0.26725 0
vn -1 1E-05 0
vn 1E-05 -1 -4E-05
vn -0.98791 -0.15501 -0
vn -1 -2E-05 -2E-05
vn -0.96362 0.26727 0
vn -0.60146 0.7989 -1E-05
vn 0.02414 0.63178 -0.77477
vn 0.02628 0.22187 -0.97472
vn 0.07167 0.15144 -0.98587
vn 0.02413 0.6318 -0.77476
vn 0.07164 0.15145 -0.98586
vn 0.12706 0.06401 -0.98983
vn 0.41645 -0.63337 -0.65224
vn 0.02619 -3E-05 -0.99966
vn 0.02619 -2E-05 -0.99966
vn 0.57023 -0.22068 -0.79129
vn 0.02412 0.63174 -0.77481
vn 0.12709 0.06394 -0.98983
vn 0.46447 -0.55082 -0.69345
vn 0.57023 -0.22065 -0.7913
vn 0.12708 0.06397 -0.98983
vn 0.41642 -0.63338 -0.65225
vn 0.39273 -0.59373 -0.70232
vn 0.02616 -1E-05 -0.99966
vn 1 -4E-05 3E-05
vn 0.41644 -0.63339 -0.65223
vn 0.0262 2E-05 -0.99966
vn 0.7163 5E-05 -0.69779
vn 1 1E-05 -5E-05
vn 0.02618 5E-05 -0.99966
vn 0.7163 -3E-05 -0.6978
vn 0.7163 0.00013 -0.6978
vn 0.02619 1E-05 -0.99966
vn -0 1 -1E-05
vn -0 1 -0
vn 0.60369 0.79722 1E-05
vn -1 -2E-05 -2E-05
vn -0.60146 0.7989 -1E-05
vn 1E-05 1 1E-05
vn -2E-05 1 0
vn -1 2E-05 0
vn -2E-05 1 4E-05
vn 0.72646 0.49481 -0.47687
vn 0.02622 0.49489 -0.86856
vn 0.02619 0.71979 -0.6937
vn 0.72642 0.49487 -0.47688
vn 0.02616 0.71981 -0.69367
vn 0.05898 0.9934 0.09837
vn 0.04528 0.99238 0.1146
vn 0.02617 0.76586 -0.64248
vn 0.02617 0.77191 -0.63519
vn 0.79739 0.59361 -0.10859
vn 0.0261 0.7719 -0.6352
vn 0.02615 0.78375 -0.62053
vn 0.04465 0.99238 0.11482
vn 0.02548 0.77213 -0.63495
vn 0.04465 0.98951 0.13741
vn 0.79743 0.59355 -0.10863
vn 0.04543 0.98951 0.13712
vn 0.02618 0.77187 -0.63524
vn 0.94229 0.06727 -0.32798
vn 0.02616 0.78375 -0.62052
vn 0.02614 0.79551 -0.60538
vn 0.94228 0.06719 -0.328
vn 0.79747 0.5935 -0.10864
vn 0.02622 0.78369 -0.6206
vn 0.92396 0.11289 -0.36545
vn 0.0262 0.79551 -0.60537
vn 0.0262 0.81068 -0.58491
vn 0.92396 0.1129 -0.36545
vn 0.94229 0.06728 -0.32798
vn 0.02617 0.79554 -0.60534
vn 0.77794 0.56 -0.28496
vn 0.02619 0.81069 -0.58488
vn 0.02621 0.82593 -0.56316
vn 0.77791 0.56005 -0.28497
vn 0.92397 0.1129 -0.36543
vn 0.0262 0.81072 -0.58484
vn 0.72646 0.60908 -0.31825
vn 0.02621 0.82595 -0.56313
vn 0.02621 0.85745 -0.5139
vn 0.70601 0.58516 -0.39892
vn 0.02617 0.82598 -0.56309
vn 0.72642 0.60915 -0.31819
vn 0.77794 0.55998 -0.28501
vn 0.02623 0.82591 -0.56319
vn 0.70595 0.58514 -0.39906
vn 0.72644 0.60911 -0.31821
vn 0.02616 0.85746 -0.51389
vn 0.02616 0.88602 -0.4629
vn 0.57026 -0.22066 -0.79127
vn 0.02505 0.88604 -0.46293
vn 0.02412 0.63176 -0.77479
vn 0.31231 0.74154 -0.59379
vn 0.02511 0.88603 -0.46294
vn 0.57022 -0.22067 -0.7913
vn 0.72723 0.60834 -0.31789
vn 0.02667 0.88595 -0.46301
vn 0.31304 0.741 -0.59408
vn 1 -4E-05 -0
vn 0.99002 -0.14093 -0
vn 0.96523 0.26141 0
vn 1 2E-05 -2E-05
vn 0.96523 0.2614 1E-05
vn 0.60451 0.7966 -1E-05
vn 0.71523 0.16102 0.68008
vn 0.0262 0.49492 0.86854
vn 0.0262 0.2298 0.97289
vn 0.71524 -0 0.69888
vn 0.02617 -1E-05 0.99966
vn 0.72643 -2E-05 0.68724
vn 1 -0 1E-05
vn 1E-05 -1 -3E-05
vn 0.99003 -0.14088 1E-05
vn 0.39273 -0.59371 0.70233
vn 0.02615 -0 0.99966
vn 0.02617 1E-05 0.99966
vn 0.71632 -0 0.69778
vn 0.02617 -1E-05 0.99966
vn 0.02617 2E-05 0.99966
vn 0.44617 -0.68365 0.57754
vn 0.0262 4E-05 0.99966
vn 0.39276 -0.59369 0.70233
vn 0.7163 5E-05 0.69779
vn 0.02616 -2E-05 0.99966
vn 0.44615 -0.68362 0.57759
vn 0.57023 -0.22078 0.79126
vn 0.12705 0.06389 0.98984
vn 0.07188 0.15099 0.98592
vn 0.46447 -0.55083 0.69344
vn 0.12709 0.06396 0.98983
vn 0.57022 -0.22073 0.79128
vn 0.57022 -0.22039 0.79137
vn 0.07192 0.15125 0.98588
vn 0.02627 0.22208 0.97467
vn 0.57025 -0.22071 0.79127
vn 0.0263 0.2218 0.97474
vn 0.02419 0.63164 0.77488
vn -1 2E-05 0
vn -0.96363 0.26725 -0
vn -0.98791 -0.15501 -0
vn 2E-05 1 -1E-05
vn -0.60065 0.79951 0
vn -0.96363 0.26725 -2E-05
vn -1 -3E-05 -1E-05
vn -3E-05 1 -5E-05
vn -0.96363 0.26724 -3E-05
vn 0.81019 -0.58616 1E-05
vn 0.02632 -0.58616 0.80977
vn 0.02605 -9E-05 0.99966
vn 0.7163 1E-05 0.6978
vn 0.7163 -2E-05 0.6978
vn 0.02619 2E-05 0.99966
vn 0.81022 -0.58612 -0
vn 0.02603 -0.0001 0.99966
vn 0.71631 -9E-05 0.69778
vn 0.31235 0.74155 0.59375
vn 0.0242 0.63168 0.77485
vn 0.02508 0.88605 0.46291
vn 0.31235 0.74154 0.59377
vn 0.55772 0.51678 0.64953
vn 0.02422 0.63165 0.77487
vn 0.57023 -0.22072 0.79128
vn 0.02421 0.63163 0.77489
vn 0.55771 0.51679 0.64953
vn 0.54426 0.69312 0.4726
vn 0.02622 0.88602 0.46291
vn 0.02622 0.85743 0.51393
vn 0.31402 0.74052 0.59415
vn 0.02669 0.88594 0.46303
vn 1 0.00042 0.0004
vn 0.70601 0.62775 0.32784
vn 1 0.00048 0.00045
vn 0.02659 0.88597 0.46298
vn 0.54424 0.69314 0.4726
vn 0.70602 0.62768 0.32796
vn 0.02616 0.88601 0.46292
vn 0.54419 0.69323 0.47253
vn 0.02617 0.85749 0.51383
vn 0.02615 0.82601 0.56305
vn 0.53464 0.69824 0.47605
vn 0.02618 0.82596 0.56312
vn 0.0262 0.80922 0.58692
vn 0.85139 0.25881 0.45623
vn 0.02623 0.80916 0.587
vn 0.02635 0.79616 0.60451
vn 0.60922 0.67799 0.41132
vn 0.53469 0.69816 0.4761
vn 0.02623 0.80919 0.58696
vn 0.85138 0.25891 0.4562
vn 0.60919 0.67804 0.41128
vn 0.02617 0.80925 0.58689
vn 0.88671 0.20323 0.41526
vn 0.02623 0.79625 0.6044
vn 0.02644 0.78449 0.61957
vn 0.8867 0.20335 0.41522
vn 0.85135 0.25909 0.45615
vn 0.02614 0.79629 0.60435
vn 0.62113 0.73594 0.2694
vn 0.02649 0.78443 0.61966
vn 0.02619 0.7713 0.63594
vn 0.62113 0.73594 0.26941
vn 0.88673 0.20316 0.41525
vn 0.02652 0.7844 0.61969
vn 0.62111 0.73596 0.26941
vn 0.02617 0.77129 0.63595
vn 0.0262 0.76588 0.64245
vn 0.62113 0.73594 0.26941
vn 0.02621 0.76586 0.64247
vn 0.04244 0.99178 0.12071
vn 0.71523 0.161 0.68009
vn 0.02617 0.71986 0.69362
vn 0.02617 0.49494 0.86853
vn 0.71525 0.16108 0.68005
vn 0.70602 0.50996 0.4914
vn 0.0262 0.71983 0.69365
vn 1 0 -8E-05
vn 0.60453 0.79658 0
vn 2E-05 1 1E-05
vn -2E-05 1 -2E-05
vn -2E-05 1 1E-05
vn -0.60065 0.79951 1E-05
vn 1 2E-05 0
vn -2E-05 1 -4E-05
vn -2E-05 1 0
vn 0.32657 -0.70567 0.6288
vn 0.00874 -0.99996 5E-05
vn 0.00871 -0.99996 2E-05
vn 0.0402 -0.98774 -0.15087
vn 0.00845 -0.99996 0.00137
vn 0.00866 -0.99996 0.00018
vn 0.04103 -0.99554 -0.08498
vn 0.06505 -0.98446 -0.16311
vn 0.00901 -0.99996 0.00091
vn 0.0402 -0.98773 -0.1509
vn 0.00867 -0.99996 0.00017
vn 0.06423 -0.98419 -0.16508
vn 0.32644 -0.70571 0.62882
vn 0.04051 -0.99544 -0.08632
vn 0.00858 -0.99996 0.00014
vn 0.03919 -0.99583 0.08235
vn 0.00865 -0.99996 -0.00016
vn 0.00846 -0.99996 -0.00131
vn 0.32648 -0.70564 -0.62887
vn 0.0086 -0.99996 -0.0002
vn 0.03918 -0.99583 0.08236
vn 0.01497 -0.99307 0.11654
vn 0.00846 -0.99996 -0.00127
vn 0.00872 -0.99996 5E-05
vn 0.04062 -0.98766 0.15128
vn 0.00846 -0.99996 -0.00132
vn 0.01497 -0.99308 0.1165
vn 0.06421 -0.9842 0.16503
vn 0.03921 -0.99584 0.08231
vn 0.00846 -0.99996 -0.00136
vn 0.04062 -0.98767 0.15121
vn 0.06421 -0.98419 0.16508
vn 0.00846 -0.99996 -0.00135
vn 0.01356 -0.99176 0.12741
vn 0.00873 -0.99996 0.0001
vn 0.0107 -0.99695 0.07732
vn 0.01357 -0.99177 0.12729
vn 0.01497 -0.99308 0.11648
vn 0.00872 -0.99996 -2E-05
vn 0.40053 -0.91628 0
vn 0.00874 -0.99996 1E-05
vn 0.00874 -0.99996 0
vn 0.69974 -0.71439 0
vn 0.00873 -0.99996 2E-05
vn 0.40056 -0.91627 -1E-05
vn 0.21082 -0.4706 0.85679
vn 0.00873 -0.99996 -2E-05
vn 0.00872 -0.99996 1E-05
vn 0.40107 -0.91605 9E-05
vn 0.00873 -0.99996 2E-05
vn 0.21072 -0.47056 0.85683
vn 0.01071 -0.99696 -0.07719
vn 0.00873 -0.99996 -6E-05
vn 0.00846 -0.99996 0.00126
vn 0.01371 -0.99218 -0.12407
vn 0.01071 -0.99697 -0.07702
vn 0.00847 -0.99996 0.00148
vn 0.01497 -0.99316 -0.11578
vn 0.0137 -0.99224 -0.12357
vn 0.00844 -0.99996 0.00196
vn 0.04021 -0.98772 -0.15094
vn 0.01497 -0.99307 -0.11655
vn 0.00846 -0.99996 0.00127
vn 0.68837 -0.72536 -2E-05
vn 1E-05 -0.94505 -0.32693
vn 4E-05 -1 -3E-05
vn 0.68837 -0.72536 0
vn 4E-05 -1 0
vn 0.68837 -0.72536 2E-05
vn -0 -0.94506 -0.3269
vn -0 -0.83332 -0.55279
vn 1E-05 -0.95904 -0.28326
vn 0.68834 -0.72538 -4E-05
vn 2E-05 -0.83335 -0.55275
vn 2E-05 -0.94504 -0.32695
vn 0.45674 -0.74857 -0.48066
vn -2E-05 -0.8197 -0.57279
vn -2E-05 -0.83333 -0.55277
vn 0.45676 -0.74856 -0.48065
vn -0 -0.83333 -0.55277
vn 0.68838 -0.72535 -4E-05
vn 0.45676 -0.74855 -0.48067
vn 2E-05 -0.80632 -0.59147
vn 3E-05 -0.81967 -0.57284
vn 1E-05 -0.80636 -0.59142
vn -1E-05 -0.54551 -0.8381
vn 1E-05 -0.80636 -0.59142
vn -0 -0.73885 -0.67387
vn 0 -0.80634 -0.59145
vn -0 -0.80634 -0.59145
vn 0.21808 -0.79758 -0.56241
vn 0 -0.73895 -0.67376
vn 0 -0.80643 -0.59133
vn 0.21813 -0.79741 -0.56263
vn 0 -0.80626 -0.59156
vn 0.45676 -0.74847 -0.4808
vn 0.26398 -0.13739 -0.95469
vn 2E-05 -0.21662 -0.97626
vn 1E-05 -0.21978 -0.97555
vn 0.26397 -0.13736 -0.9547
vn 0.30566 -0.02675 -0.95177
vn -2E-05 -0.21659 -0.97626
vn 0.6968 -0.23764 -0.67676
vn 2E-05 -0.21976 -0.97555
vn 1E-05 -0.23187 -0.97275
vn 0.69679 -0.23756 -0.67679
vn 0.9962 -0.08714 -1E-05
vn -2E-05 -0.2197 -0.97557
vn 0.26396 -0.13731 -0.95471
vn 1E-05 -0.21967 -0.97557
vn 0.99619 -0.08719 -4E-05
vn 0.69679 -0.23759 -0.67678
vn 2E-05 -0.23184 -0.97276
vn 4E-05 -0.25254 -0.96759
vn 0.6965 -0.24557 -0.67423
vn -2E-05 -0.25256 -0.96758
vn 1E-05 -0.25824 -0.96608
vn 0.69678 -0.23771 -0.67675
vn 2E-05 -0.25258 -0.96758
vn 0.69652 -0.24566 -0.67417
vn 0.6965 -0.24556 -0.67423
vn 1E-05 -0.25819 -0.96609
vn 0.00022 -0.26173 -0.96514
vn 0.69647 -0.24586 -0.67415
vn -1E-05 -0.26427 -0.96445
vn -4E-05 -0.29945 -0.95411
vn 0.62881 -0.77756 1E-05
vn 4E-05 -0.29932 -0.95415
vn -5E-05 -0.31069 -0.95051
vn 0.62882 -0.77755 -8E-05
vn 0.99619 -0.08723 6E-05
vn 2E-05 -0.29927 -0.95417
vn 0.69651 -0.24567 -0.67418
vn 5E-05 -0.29932 -0.95415
vn 0.99618 -0.08728 7E-05
vn 0 -0.80956 -0.58704
vn -2E-05 -0.31061 -0.95054
vn 0 -0.31061 -0.95054
vn 2E-05 -0.80961 -0.58697
vn 0 -0.80955 -0.58705
vn 0 -0.3107 -0.95051
vn 0.62877 -0.77759 -1E-05
vn -1E-05 -0.31066 -0.95052
vn 2E-05 -0.80954 -0.58706
vn -0.0001 -0.80959 -0.587
vn -2E-05 -0.31067 -0.95052
vn -4E-05 -0.29578 -0.95526
vn -0.70667 -0.70754 2E-05
vn 1E-05 -0.29576 -0.95526
vn -3E-05 -0.26415 -0.96448
vn -0.0001 -0.80959 -0.587
vn 4E-05 -0.29578 -0.95526
vn -0.00016 -1 3E-05
vn -0.70663 -0.70759 5E-05
vn -0.00012 -1 1E-05
vn -3E-05 -0.29571 -0.95528
vn -0.69676 -0.2377 -0.67677
vn 6E-05 -0.26425 -0.96445
vn 2E-05 -0.25834 -0.96605
vn -0.69641 -0.24562 -0.6743
vn -0.70664 -0.70757 -5E-05
vn 4E-05 -0.26409 -0.9645
vn -0.69678 -0.23756 -0.67681
vn -0.69689 -0.24062 -0.6756
vn 1E-05 -0.26415 -0.96448
vn -0.69683 -0.23749 -0.67678
vn -4E-05 -0.2581 -0.96612
vn 0.00019 -0.25417 -0.96716
vn -0.69681 -0.23761 -0.67676
vn -0 -0.25258 -0.96758
vn 1E-05 -0.23342 -0.97238
vn -0.69681 -0.23757 -0.67677
vn -2E-05 -0.23342 -0.97238
vn 3E-05 -0.21975 -0.97556
vn -0.99625 -0.08649 -0.00022
vn -0.99625 -0.08649 -0.00022
vn -0.99625 -0.08649 -0.00022
vn -0.26411 -0.13711 -0.9547
vn -6E-05 -0.21965 -0.97558
vn 0.16203 -0.27359 -0.9481
vn -0.2641 -0.13711 -0.9547
vn -0.69674 -0.23744 -0.67689
vn -0 -0.2195 -0.97561
vn -1 -2E-05 4E-05
vn -3E-05 -0.54551 -0.8381
vn -1E-05 -0.80632 -0.59148
vn -1 3E-05 -2E-05
vn -0.70584 -0.15216 -0.69184
vn -1E-05 -0.54548 -0.83812
vn -1 4E-05 1E-05
vn -1 -2E-05 3E-05
vn 1E-05 -0.54554 -0.83808
vn -1 7E-05 -2E-05
vn -3E-05 -0.80633 -0.59146
vn -0.49144 -0.70608 -0.50984
vn -0.48963 0.10616 -0.86544
vn -0.48918 -0.70706 -0.51064
vn -4E-05 -0.80638 -0.5914
vn 1E-05 -0.39668 -0.91796
vn -0.48967 0.1062 -0.86542
vn 1E-05 -0.80635 -0.59144
vn -1E-05 -0.47023 -0.88254
vn -1E-05 -0.39666 -0.91797
vn 1E-05 -0.80636 -0.59143
vn -0 -0.56537 -0.82483
vn 0 -0.47023 -0.88255
vn -2E-05 -0.80634 -0.59145
vn -0.00037 -0.6418 -0.76687
vn 0 -0.56537 -0.82483
vn -2E-05 -0.80635 -0.59144
vn -0 -0.73886 -0.67386
vn 0 -0.64198 -0.76672
vn -1E-05 -0.80635 -0.59144
vn 0.70597 0.62773 0.32796
vn 1 2E-05 -1E-05
vn 1 8E-05 -1E-05
vn 0.81006 0.33391 -0.48198
vn 1 0 2E-05
vn 1 -3E-05 -0
vn 0.90245 0.35597 0.24263
vn 1 9E-05 0
vn 0.70598 0.62775 0.3279
vn 0.90458 0.42447 0.03954
vn 1 -0.00011 3E-05
vn 0.9082 0.34575 0.23587
vn 0.90447 0.42469 0.03955
vn 0.79899 0.32896 -0.50339
vn 1 0.00015 2E-05
vn 1 0 0
vn 0.70602 0.62768 0.32796
vn 1 0 -1E-05
vn 1 -1E-05 1E-05
vn 1 0 0
vn 1 -0 0
vn 0.70605 0.62768 0.32788
vn 1 -2E-05 3E-05
vn 1 0.00043 0.0004
vn 1 0 0
vn 0.54981 0.53223 0.64377
vn 1 0.00046 0.0004
vn 1 0.00193 0.00245
vn 0.31402 0.74057 0.5941
vn 1 0.00044 0.00038
vn 0.54981 0.53222 0.64378
vn 0.54981 0.53221 0.64379
vn 1 0.00189 0.00244
vn 1 -1E-05 -2E-05
vn 1 0 0
vn 0.95439 -0.29856 -1E-05
vn 1 0.00017 -1E-05
vn 1 0.00017 -0
vn 1 -0 0
vn 1 -0 0
vn 0.95888 -0.0698 0.2751
vn 0.54964 0.53244 0.64374
vn 1 0.00019 3E-05
vn 0.95489 -0.29696 1E-05
vn 1 7E-05 -0
vn 0.95436 -0.29865 1E-05
vn 0.95886 -0.0699 0.27514
vn 1 5E-05 5E-05
vn 0.95533 -0.29552 -0.00248
vn 0.95887 -0.06996 -0.27508
vn 1 2E-05 -1E-05
vn 0.99999 0.00224 -0.00278
vn 1 -0 0
vn 1 -0 0
vn 0.95484 -0.29709 0.00281
vn 1 -0.00011 -0.0001
vn 0.83736 -0.3207 -0.4427
vn 0.95884 -0.07013 -0.27516
vn 0.83732 -0.32076 -0.44272
vn 1 -0.00019 -8E-05
vn 0.55051 0.53177 -0.64355
vn 0.99999 0.00218 -0.00281
vn 1 0.00115 -0.00093
vn 0.83813 -0.13437 -0.52866
vn 0.99999 0.00219 -0.00281
vn 0.5505 0.53178 -0.64355
vn 0.95887 -0.07004 -0.27506
vn 0.99999 0.00216 -0.00279
vn 0.83813 -0.13441 -0.52865
vn 0.313 0.74103 -0.59406
vn 1 0.00118 -0.00095
vn 1 1E-05 -4E-05
vn 0.5505 0.5318 -0.64354
vn 1 0.00115 -0.00096
vn 0.31305 0.74102 -0.59405
vn 1 3E-05 0
vn 0.70603 0.58513 -0.39893
vn 1 -4E-05 -0
vn 1 -3E-05 1E-05
vn 1 -0 0
vn 0.72723 0.60835 -0.31788
vn 0.31302 0.74099 -0.59409
vn 1 3E-05 -0
vn 0.70599 0.58518 -0.39893
vn 0.72641 0.60914 -0.31824
vn 1 5E-05 0
vn 0.70605 0.5851 -0.39895
vn 1 -4E-05 2E-05
vn 1 -6E-05 -1E-05
vn 0.80031 0.3415 0.49283
vn 1 6E-05 -0
vn 1 4E-05 1E-05
vn 0.84305 0.30059 0.44599
vn 0.70589 0.58522 -0.39904
vn 1 3E-05 -3E-05
vn 0.84376 0.30571 0.44114
vn 1 6E-05 3E-05
vn 0.8003 0.34149 0.49286
vn 1 -0 0
vn 0.91973 -0.39256 0
vn 1 -1E-05 -1E-05
vn 1 -1E-05 0
vn 1 -1E-05 0
vn 1 0 0
vn 1 -0 0
vn 0.80054 0.34159 0.49239
vn 1 7E-05 -1E-05
vn 0.2422 0.55233 0.79767
vn 0.7206 -0.69335 7E-05
vn 0.24219 0.55237 0.79764
vn 1 -3E-05 0.00172
vn 0.91973 -0.39255 0
vn 0.72048 -0.69348 -0
vn 1 -0 -2E-05
vn 1 -0 0
vn 1 0 0
vn 0.79902 0.34268 -0.4941
vn 0.24222 0.55231 -0.79767
vn 1 0 -0.00012
vn 0.21071 -0.47001 -0.85714
vn 1 -0 0
vn 0.24222 0.55236 -0.79763
vn 0.79879 0.34263 -0.49451
vn 1 1E-05 -2E-05
vn 0.81004 0.33398 -0.48197
vn 0.2107 -0.47009 -0.8571
vn 0.91952 -0.39304 0.00019
vn 1 -1E-05 1E-05
vn 0.70933 -0.40138 0.57944
vn 1 1E-05 0
vn 1 2E-05 -5E-05
vn 0.07569 0.46228 0.8835
vn 0.99985 0.00106 -0.01707
vn 1 -0.00019 0.00028
vn 0.70928 -0.40148 0.57943
vn 0.72922 -0.38969 0.56247
vn 1 -6E-05 -2E-05
vn 0.07568 0.46231 0.88348
vn 1 -0.00019 0.00032
vn 0.72932 -0.38963 0.56239
vn 0.70934 -0.40134 0.57945
vn 1 8E-05 -0
vn 0.99992 0.01134 -0.00569
vn 0.04389 -0.88816 0.45743
vn 0.99992 0.0112 -0.00564
vn 0.99954 0.03024 5E-05
vn 0.70931 -0.40141 0.57944
vn 0.99992 0.01114 -0.00571
vn 0.03489 -0.56915 0.82149
vn 0.0439 -0.88818 0.4574
vn 0.03487 -0.5692 0.82146
vn 0.99992 0.01115 -0.0057
vn 0.04107 -0.99916 -2E-05
vn 0.99954 0.03019 -3E-05
vn 0.99992 0.01118 0.00571
vn 0.04111 -0.99915 -5E-05
vn 0.04392 -0.88816 0.45742
vn 0.99954 0.03021 2E-05
vn 0.04397 -0.88818 -0.45738
vn 0.99992 0.01124 0.00572
vn 1 2E-05 4E-05
vn 0.04391 -0.8882 -0.45736
vn 0.04106 -0.99916 -3E-05
vn 0.99992 0.01117 0.00571
vn 0.70933 -0.40138 -0.57944
vn 1 8E-05 1E-05
vn 1 2E-05 -0
vn 0.72926 -0.38959 -0.56249
vn 0.04399 -0.88819 -0.45737
vn 1 6E-05 0
vn 0.70924 -0.40152 -0.57945
vn 0.72919 -0.38994 -0.56235
vn 1 -0.00013 0
vn 0.70864 -0.40181 -0.57999
vn 1 -0.00013 -0.00028
vn 0.99985 0.00113 0.01707
vn 0.07568 0.46239 -0.88344
vn 0.99985 0.00112 0.01712
vn 1 0.00016 -0.00028
vn 0.70861 -0.40185 -0.57999
vn 0.99985 0.00109 0.01704
vn 0.03489 -0.56913 -0.82151
vn 0.07567 0.46234 -0.88347
vn 0.03487 -0.5691 -0.82153
vn 0.99985 0.00108 0.01709
vn 0.07568 0.4624 -0.88344
vn 1 0.0002 -0.00031
vn 0.99985 -0.0146 0.00886
vn 0.07571 0.46233 -0.88347
vn 0.99985 -0.01461 0.00887
vn 1 0.00036 1E-05
vn 0.7094 0.70481 1E-05
vn 1 -0.00011 4E-05
vn 1 -0.00015 2E-05
vn 0.72936 0.68413 -1E-05
vn 0.07569 0.4624 -0.88344
vn 1 0.00032 -1E-05
vn 0.70924 0.70497 -1E-05
vn 0.72916 0.68435 0
vn 1 7E-05 1E-05
vn 0.70875 0.70546 0
vn 1 0.00016 1E-05
vn 0.99985 -0.01477 -0.00882
vn 0.07571 0.46231 0.88348
vn 1 0.00016 0.00027
vn 0.99985 0.00111 -0.01707
vn -1E-05 0.5444 0.83882
vn 1E-05 0.80445 0.59402
vn 1E-05 0.80445 0.59402
vn 0.00325 0.39516 0.91861
vn -6E-05 0.80439 0.5941
vn -0.00012 0.80442 0.59406
vn 0 0.54408 0.83904
vn -0 0.54424 0.83893
vn 0 0.80433 0.59419
vn 1E-05 0.80433 0.59418
vn 1E-05 0.54409 0.83903
vn -0 0.80433 0.59418
vn 0 0.39511 0.91863
vn 1E-05 0.80434 0.59417
vn 0 0.80434 0.59417
vn -0 0.54428 0.83891
vn -1E-05 0.80443 0.59405
vn -1E-05 0.80438 0.59412
vn -8E-05 0.39505 0.91866
vn -0.00012 0.80431 0.59421
vn 0.00018 0.80438 0.59412
vn 0.99864 0.05218 -0.00019
vn -1E-05 0.80436 0.59415
vn 1E-05 0.54427 0.83891
vn 0.7394 0.56245 0.37006
vn 3E-05 0.80437 0.59413
vn 0.99864 0.05221 -0.00026
vn 0.18107 0.39678 0.89988
vn 3E-05 0.80435 0.59415
vn 0.7394 0.56244 0.37007
vn -7E-05 0.39527 0.91857
vn 0.00338 0.80462 0.59378
vn 0.02821 0.39661 0.91755
vn 0.99864 0.05214 -0.00021
vn 2E-05 0.54428 0.8389
vn 0.99863 0.0524 0.00062
vn -1 -2E-05 2E-05
vn 0 0.54406 0.83905
vn 0 0.80432 0.5942
vn -1 -0 1E-05
vn 1E-05 0.5441 0.83902
vn -1 1E-05 0
vn -0.70584 0.15218 0.69183
vn -3E-05 0.54409 0.83903
vn -1 -1E-05 -2E-05
vn -0.70713 0.5687 0.42019
vn -1 -0.00011 4E-05
vn -1E-05 0.8043 0.59423
vn -0.70711 -0.08619 0.70183
vn -0.70711 0.56876 0.42013
vn -1E-05 0.80435 0.59416
vn -2E-05 0.39508 0.91865
vn -0.70708 -0.08619 0.70186
vn -2E-05 0.80434 0.59417
vn 0 0.39511 0.91863
vn 0 0.80434 0.59417
vn -1E-05 0.39511 0.91863
vn 0.70887 0.03718 0.70436
vn 0.70614 0.03686 0.70711
vn 0.99863 0.05235 -2E-05
vn 0.99863 0.05233 1E-05
vn 0.70885 0.03718 0.70438
vn 0.99863 0.05233 1E-05
vn 0.99863 0.05234 0
vn 0.68832 0.7254 0
vn 0.99863 0.05235 -2E-05
vn 0.99863 0.05235 0
vn 0.99863 0.05233 0
vn 0.99863 0.05234 0
vn 0.67828 0.7348 1E-05
vn 0.69828 0.71583 -1E-05
vn 0.99863 0.05234 1E-05
vn 0.99863 0.05235 2E-05
vn 0.99863 0.05234 2E-05
vn 0.92175 0.06831 -0.38172
vn 0.99863 0.05237 2E-05
vn 0.67827 0.73482 -2E-05
vn 0.99863 0.05236 -3E-05
vn 0.99863 0.05234 0
vn 0.99863 0.05234 0
vn 0.7052 0.07391 -0.70515
vn 0.92176 0.06832 -0.3817
vn 0.70516 0.07391 -0.70518
vn 0.70522 0.0739 -0.70513
vn 0.99863 0.05232 0
vn 0.92176 0.06833 -0.38169
vn 0.70521 0.07391 -0.70514
vn 0.70518 0.07391 -0.70517
vn 0.38168 0.06832 -0.92176
vn -2E-05 0.73479 -0.67829
vn -3E-05 0.05233 -0.99863
vn 0.38927 0.06231 -0.91901
vn 0.7052 0.07386 -0.70515
vn 0.38169 0.06831 -0.92176
vn -0 0.05233 -0.99863
vn 2E-05 0.05231 -0.99863
vn 2E-05 0.05231 -0.99863
vn -1E-05 0.73478 -0.67831
vn 2E-05 0.05233 -0.99863
vn -1E-05 0.73479 -0.67829
vn -2E-05 0.71582 -0.69828
vn 0.91902 0.06235 0.38925
vn 0.67826 0.73482 -4E-05
vn 0.99863 0.05238 -1E-05
vn 0.70514 0.07397 0.7052
vn 0.92176 0.06832 0.38169
vn 0.99863 0.05234 -1E-05
vn 0.70514 0.0739 0.70521
vn 0.99863 0.05235 -0
vn 0.99863 0.05234 0
vn 1E-05 0.7348 0.67829
vn 0.00012 0.71582 0.69828
vn -2E-05 0.05234 0.99863
vn -2E-05 0.05234 0.99863
vn -2E-05 0.05234 0.99863
vn 0.38171 0.06831 0.92175
vn -2E-05 0.05231 0.99863
vn 1E-05 0.73478 0.67831
vn -2E-05 0.05231 0.99863
vn 0 0.05234 0.99863
vn 0 0.05234 0.99863
vn 0.70514 0.07391 0.7052
vn 0.38169 0.06831 0.92176
vn 0.70518 0.07391 0.70517
vn 0.70513 0.0739 0.70522
vn -1E-05 0.05232 0.99863
vn 0.38169 0.06833 0.92176
vn 0.70513 0.07391 0.70522
vn 0.70516 0.07391 0.70518
vn 0.92176 0.06832 0.3817
vn -0.38927 0.06231 0.91901
vn 2E-05 0.73479 0.67829
vn -2E-05 0.05231 0.99863
vn -0.7052 0.07387 0.70515
vn -0.38169 0.06832 0.92176
vn 1E-05 0.05234 0.99863
vn -0.7052 0.07391 0.70514
vn 1E-05 0.05235 0.99863
vn 1E-05 0.05234 0.99863
vn -0.67825 0.73483 -1E-05
vn -0.69821 0.71589 1E-05
vn -0.99862 0.05244 -1E-05
vn -0.99863 0.05231 2E-05
vn -0.99863 0.05232 1E-05
vn -0.92176 0.06831 0.3817
vn -0.99863 0.05231 -2E-05
vn -0.67834 0.73474 2E-05
vn -0.99863 0.05231 3E-05
vn -0.99863 0.05234 0
vn -0.99863 0.05234 0
vn -0.70521 0.07391 0.70514
vn -0.92177 0.06831 0.38168
vn -0.70517 0.0739 0.70517
vn -0.70519 0.07395 0.70515
vn -0.99863 0.05233 2E-05
vn -0.92176 0.06833 0.3817
vn -0.7052 0.07391 0.70514
vn -0.70517 0.07391 0.70518
vn -0.38168 0.06831 0.92177
vn -0.91903 0.06235 -0.38923
vn -0.67826 0.73482 5E-05
vn -0.99863 0.05235 -2E-05
vn -0.70513 0.07386 -0.70522
vn -0.92176 0.06829 -0.38171
vn -0.99863 0.05232 2E-05
vn -0.70514 0.07392 -0.7052
vn -0.99863 0.05235 1E-05
vn -0.99863 0.05234 1E-05
vn -0.70513 0.07391 -0.70521
vn -0.38168 0.0683 -0.92177
vn -0.70517 0.07391 -0.70518
vn -0.70514 0.07391 -0.70521
vn -0.70517 0.07391 -0.70517
vn -0.92177 0.06832 -0.38168
vn 0.67831 0.73477 -0
vn 0.99863 0.05233 -1E-05
vn 0.70477 0.08169 -0.70472
vn 0.67831 0.73478 0
vn 0.99863 0.05231 -3E-05
vn 0.99863 0.05231 0
vn 0.00421 0.99999 -0.00177
vn 0.70479 0.08168 -0.7047
vn 0.00678 0.99995 -0.00675
vn 1E-05 1 5E-05
vn 0.70478 0.08166 -0.70471
vn 0.00419 0.99999 -0.00178
vn 0.67827 0.73481 3E-05
vn 0.70478 0.08167 -0.70471
vn -1E-05 1 2E-05
vn 0.00677 0.99995 0.00676
vn 0.70471 0.08168 0.70478
vn 0.99863 0.05233 4E-05
vn 0.00673 0.99995 0.0068
vn 0.99863 0.05232 -1E-05
vn 0.0042 0.99999 0.00179
vn 0.69825 0.71586 -5E-05
vn 0.00415 0.99999 0.00175
vn 0.99863 0.05238 -5E-05
vn 0.69825 0.71585 -0.00044
vn 0.99863 0.05238 -0
vn 0.67826 0.73482 -0
vn -4E-05 0.73481 0.67827
vn -1E-05 0.05236 0.99863
vn 0.70472 0.08171 0.70477
vn 0 0.73478 0.67831
vn 2E-05 0.05236 0.99863
vn 0 0.05236 0.99863
vn 0.00178 0.99999 0.00422
vn 0.7047 0.08167 0.70479
vn 0.00675 0.99995 0.00678
vn -5E-05 1 -1E-05
vn 0.70472 0.08167 0.70477
vn 0.00178 0.99999 0.00417
vn -1E-05 0.73479 0.6783
vn 0.7047 0.08165 0.70479
vn -1E-05 1 0
vn -0.00677 0.99995 0.00676
vn -0.70478 0.08168 0.70471
vn -4E-05 0.05233 0.99863
vn -0.00682 0.99995 0.00676
vn 0 0.0523 0.99863
vn -0.00182 0.99999 0.00422
vn 3E-05 0.71585 0.69825
vn -0.00177 0.99999 0.00417
vn 3E-05 0.05241 0.99863
vn 0.00014 0.71582 0.69828
vn 1E-05 0.05233 0.99863
vn -2E-05 0.7348 0.67829
vn -0.6784 0.73469 -1E-05
vn -0.99864 0.05218 1E-05
vn -0.7048 0.08147 0.70471
vn -0.67827 0.73481 0
vn -0.99863 0.0524 3E-05
vn -0.99863 0.0524 0
vn -0.00417 0.99999 0.00175
vn -0.70478 0.08168 0.70471
vn -0.00672 0.99995 0.00673
vn 1E-05 1 -5E-05
vn -0.70477 0.08167 0.70472
vn -0.00417 0.99999 0.00178
vn -0.67828 0.7348 -5E-05
vn -0.70479 0.08169 0.70469
vn 3E-05 1 -4E-05
vn -0.00676 0.99995 -0.00678
vn -0.70472 0.08167 -0.70477
vn -0.99863 0.05233 -4E-05
vn -0.00416 0.99999 -0.00178
vn -0.0067 0.99995 -0.00679
vn -0.99863 0.05237 -1E-05
vn -0.69834 0.71576 -0
vn -0.00425 0.99999 -0.00182
vn -0.99863 0.0523 -1E-05
vn -0.67836 0.73473 0
vn -0.69835 0.71576 0.00044
vn -0.99863 0.05224 0
vn -0.00676 0.99995 -0.00678
vn -0.00176 0.99999 -0.00418
vn -0.70471 0.08167 -0.70478
vn -0.69827 0.71584 0
vn 4E-05 1 -2E-05
vn -0.00421 0.99999 -0.00177
vn 0 1 -3E-05
vn 0 1 0
vn -0.69829 0.71582 0
vn -0.67828 0.73481 -0.00044
vn 3E-05 1 -0
vn -0.69827 0.71583 -1E-05
vn 0.6983 0.7158 0
vn 2E-05 1 3E-05
vn 2E-05 1 0
vn 0.69829 0.71582 0
vn 0.67829 0.73479 0.00044
vn -1E-05 1 0
vn 0.69828 0.71582 -3E-05
vn -0 1 -2E-05
vn 0.00419 0.99999 0.00175
vn 0 0.7158 0.69831
vn -2E-05 1 2E-05
vn 0 1 2E-05
vn 2E-05 0.71585 0.69826
vn -0.00014 0.73482 0.67826
vn -1E-05 1 -5E-05
vn 2E-05 0.71582 0.69829
vn 0 1 -0
vn -0.00176 0.99999 0.00419
vn -0.70472 0.08168 -0.70477
vn -0.00178 0.99999 -0.00418
vn 5E-05 1 0
vn 0.00014 0.73482 -0.67826
vn 1E-05 1 5E-05
vn -2E-05 0.71585 -0.69826
vn -0.7047 0.08165 -0.70479
vn 2E-05 1 -0
vn 1E-05 0.73479 -0.6783
vn -2E-05 0.71578 -0.69832
vn 1E-05 1 -4E-05
vn 0.00176 0.99999 -0.00424
vn -2E-05 0.05241 -0.99863
vn 0.00175 0.99999 -0.00413
vn 0.00675 0.99996 -0.00667
vn 4E-05 0.0523 -0.99863
vn 1E-05 0.7158 -0.6983
vn 0.00181 0.99999 -0.00422
vn 0.70478 0.08168 -0.70471
vn 0.00678 0.99995 -0.00675
vn 0.00422 0.99999 -0.00177
vn 0.70478 0.08167 -0.70471
vn 5E-05 0.05232 -0.99863
vn 0.00676 0.99995 -0.00677
vn 0.7048 0.08162 -0.70469
vn 0.00424 0.99999 -0.00179
vn 6E-05 1 4E-05
vn 0.67828 0.7348 3E-05
vn 0.70479 0.08166 -0.7047
vn -0 1 1E-05
vn 0.69825 0.71586 -3E-05
vn -5E-05 1 -3E-05
vn 0.00414 0.99999 0.00175
vn 0.99863 0.05233 -2E-05
vn 0.00416 0.99999 0.00178
vn 0.00675 0.99995 0.00681
vn 0.69828 0.71583 -4E-05
vn 0.00421 0.99999 0.0018
vn 0.99863 0.05229 -1E-05
vn 0.70471 0.08167 0.70478
vn 0.00676 0.99995 0.00678
vn 0.00179 0.99999 0.00422
vn 0.70471 0.08168 0.70478
vn 0.99863 0.05234 4E-05
vn 0.00676 0.99995 0.00675
vn 0.70472 0.08167 0.70477
vn 0.00178 0.99999 0.00418
vn -5E-05 1 -1E-05
vn -0.00014 0.73482 0.67826
vn -1E-05 1 -5E-05
vn 2E-05 0.71585 0.69826
vn 0.7047 0.08165 0.70479
vn -2E-05 1 0
vn -1E-05 0.73479 0.67829
vn 4E-05 0.71582 0.69829
vn 0 1 -0
vn -0.00176 0.99999 0.00419
vn -0 0.05231 0.99863
vn -0.00182 0.99999 0.00422
vn -0.00683 0.99995 0.00676
vn -1E-05 0.05231 0.99863
vn 1E-05 0.71581 0.6983
vn -0.00179 0.99999 0.00421
vn -0.70478 0.08168 0.70471
vn -0.00676 0.99995 0.00676
vn -0.00416 0.99999 0.00175
vn -0.70478 0.08163 0.70472
vn -2E-05 0.05229 0.99863
vn -0.00679 0.99995 0.0068
vn -0.7048 0.08164 0.7047
vn -0.00422 0.99999 0.00179
vn -4E-05 1 -4E-05
vn -0.70479 0.08169 0.70469
vn -0 1 -0
vn -0.67828 0.7348 -5E-05
vn -0.69827 0.71583 0
vn 3E-05 1 -2E-05
vn -0.00417 0.99999 -0.00176
vn -0.99862 0.05247 3E-05
vn -0.00405 0.99999 -0.0017
vn -0.00663 0.99996 -0.00674
vn -0.99863 0.0523 -1E-05
vn -0.6983 0.71581 2E-05
vn -0.00418 0.99999 -0.00176
vn -0.7047 0.08167 -0.70479
vn -0.00675 0.99995 -0.00678
vn -0.00178 0.99999 -0.00422
vn -0.70472 0.08168 -0.70477
vn -0.99863 0.05233 -4E-05
vn -0.00676 0.99995 -0.00678
vn 2E-05 0.7348 -0.67829
vn -0.00014 0.71582 -0.69828
vn -1E-05 0.05233 -0.99863
vn -0 0.05235 -0.99863
vn -0 0.05234 -0.99863
vn 0.70521 0.07391 -0.70514
vn 0 0.05236 -0.99863
vn 0 0.73478 -0.67831
vn -2E-05 0.05236 -0.99863
vn 0.6783 0.73479 0
vn 0.99863 0.05235 -0
vn 0.70477 0.08171 -0.70472
vn 0.92176 0.06833 -0.38169
vn 0.70522 0.0739 -0.70513
vn 0.99863 0.05232 1E-05
vn 0.38169 0.06831 -0.92176
vn -1E-05 0.05233 -0.99863
vn 0.7052 0.07387 -0.70515
vn 0.70516 0.07391 -0.70518
vn 0.7052 0.07391 -0.70515
vn 0.92176 0.06832 -0.38169
vn 0.38169 0.06832 -0.92176
vn 0.70521 0.07391 -0.70513
vn 0.70518 0.07391 -0.70517
vn 0.99863 0.05231 -3E-05
vn 0.99863 0.05231 0
vn 0.99863 0.05234 0
vn 0.92175 0.06831 -0.38172
vn 0.99863 0.05234 2E-05
vn 0.99863 0.05234 2E-05
vn -0.70472 0.08171 -0.70477
vn 4E-05 0.73481 -0.67828
vn -0 0.05234 -0.99863
vn -0.38169 0.06833 -0.92176
vn -0.70513 0.0739 -0.70522
vn 1E-05 0.05232 -0.99863
vn -0.38171 0.06831 -0.92175
vn 2E-05 0.05234 -0.99863
vn 2E-05 0.05234 -0.99863
vn -0.99863 0.05235 1E-05
vn -0.99863 0.05234 1E-05
vn -0.70514 0.07391 -0.7052
vn -0.99863 0.0524 0
vn -0.67827 0.73481 0
vn -0.99863 0.0524 3E-05
vn -0.99863 0.05234 0
vn -0.92176 0.06829 -0.38171
vn -0.99863 0.05232 2E-05
vn -0.70513 0.07387 -0.70522
vn -0.70517 0.07391 -0.70518
vn -0.70514 0.07391 -0.70521
vn -0.38168 0.0683 -0.92177
vn -0.92177 0.06832 -0.38168
vn -0.70514 0.07391 -0.70521
vn -0.70517 0.07391 -0.70517
vn -0.70478 0.08157 0.70472
vn -0.67835 0.73474 -1E-05
vn -0.99863 0.05226 -0
vn -0.92176 0.06833 0.38169
vn -0.70519 0.07395 0.70515
vn -0.99863 0.05233 2E-05
vn -0.92176 0.06831 0.3817
vn -0.99863 0.05231 2E-05
vn -0.99863 0.05232 1E-05
vn 0 0.31539 0.94896
vn -0.0013 0.71582 0.69828
vn 1E-05 0.05234 0.99863
vn -2E-05 0.73478 0.67831
vn -1E-05 0.7158 0.6983
vn -0 0.31536 0.94897
vn 1E-05 0.05235 0.99863
vn 1E-05 0.05234 0.99863
vn -0.7052 0.07391 0.70514
vn -0 0.18269 0.98317
vn -0 0.31535 0.94898
vn 1E-05 0.0523 0.99863
vn 0 0.05235 0.99863
vn -0 0.18269 0.98317
vn 0 0.05235 0.99863
vn -0.38169 0.06831 0.92176
vn 0 0.05233 0.99863
vn -0.7052 0.07386 0.70515
vn -0.70517 0.07393 0.70517
vn -0.70521 0.07391 0.70514
vn -0.92177 0.06831 0.38168
vn -0.38168 0.06831 0.92177
vn -0.7052 0.07391 0.70514
vn -0.70517 0.07391 0.70518
vn 0.51692 0.85603 0.00181
vn 0.59544 0.8034 0.0014
vn 0.55784 0.82994 0.00166
vn -6E-05 1 2E-05
vn 0.59522 0.80356 3E-05
vn 0.51668 0.85618 3E-05
vn 0 0.31543 0.94895
vn -0 0.7348 0.67829
vn -0 0.31543 0.94895
vn 0 0 1
vn -0 1 -0.00015
vn 0.59517 0.8036 -0.00018
vn -0 1 -0.00017
vn -2E-05 0.05233 0.99863
vn 1E-05 0.05231 0.99863
vn 0 0.05236 0.99863
vn 0 0.73478 0.67831
vn 0.70472 0.0817 0.70477
vn -3E-05 0.73481 0.67828
vn 1E-05 0.05234 0.99863
vn -0 0.18277 0.98316
vn -1E-05 0.05231 0.99863
vn 6E-05 0.73478 0.6783
vn -0 0.31547 0.94894
vn 1E-05 0.18286 0.98314
vn -3E-05 0.73484 0.67824
vn 0.38171 0.06831 0.92175
vn -2E-05 0.05234 0.99863
vn -2E-05 0.05234 0.99863
vn 0.70513 0.0739 0.70522
vn -0 0.05232 0.99863
vn 7E-05 1 8E-05
vn -0.51668 0.85618 5E-05
vn -0.55764 0.83008 7E-05
vn 0 0.05234 0.99863
vn -1E-05 1 2E-05
vn -1E-05 1 4E-05
vn -0.51667 0.85619 9E-05
vn 2E-05 1 -0.00011
vn -0.55764 0.83009 -0.00013
vn -0.5952 0.80358 -8E-05
vn 1E-05 0.73479 0.67829
vn 2E-05 0.71582 0.69828
vn -2E-05 0.05233 0.99863
vn -0.38927 0.06231 0.91901
vn 2E-05 0.73479 0.67829
vn 3E-05 0.05233 0.99863
vn 0.70514 0.07391 0.70521
vn 0.99863 0.05235 -0
vn 0.99863 0.05234 0
vn 0.99863 0.05233 0
vn 0.70514 0.07397 0.7052
vn 0.92176 0.06832 0.38169
vn 0.99863 0.05234 -1E-05
vn 0.67826 0.73482 -4E-05
vn 0.99863 0.05238 -1E-05
vn 0.91902 0.06235 0.38925
vn 0.70514 0.07391 0.7052
vn 0.38169 0.06831 0.92176
vn 0.70518 0.0739 0.70517
vn 0.99863 0.05234 1E-05
vn 0.67828 0.7348 1E-05
vn 0.69828 0.71583 -7E-05
vn -0.67825 0.73483 -1E-05
vn -0.69821 0.71589 -4E-05
vn -0.99862 0.05244 -1E-05
vn -0.91903 0.06235 -0.38923
vn -0.67824 0.73484 -1E-05
vn -0.99863 0.05235 -2E-05
vn -1E-05 0.7348 -0.67829
vn -0.00012 0.71582 -0.69828
vn 2E-05 0.05234 -0.99863
vn 0.38927 0.06231 -0.91901
vn -2E-05 0.7348 -0.67829
vn 2E-05 0.05231 -0.99863
vn -0 0.54309 -0.83967
vn -1E-05 0.54301 -0.83973
vn 1E-05 0.80277 -0.59629
vn -0.70712 0.56765 -0.42162
vn -0 0.80278 -0.59628
vn -0 0.54301 -0.83973
vn -1E-05 0.80278 -0.59628
vn -2E-05 0.5431 -0.83967
vn 1E-05 0.80278 -0.59628
vn 0 0.3972 -0.91773
vn -1E-05 0.80278 -0.59627
vn 0 0.80278 -0.59627
vn 2E-05 0.39725 -0.91771
vn 1E-05 0.8028 -0.59624
vn -0.70709 0.5677 -0.42159
vn -1 5E-05 -0
vn -1 0 -3E-05
vn 1E-05 0.54307 -0.83969
vn -0.70715 0.5676 -0.42163
vn 1E-05 0.54296 -0.83976
vn -1 -7E-05 -0
vn -1 -4E-05 -3E-05
vn -1E-05 0.54297 -0.83976
vn -1 3E-05 -1E-05
vn 0.99863 0.05235 2E-05
vn -1E-05 0.54321 -0.8396
vn 1E-05 0.80272 -0.59636
vn 0.99862 0.05245 -0.00058
vn 0.70065 0.18798 -0.6883
vn 2E-05 0.54312 -0.83966
vn 0.99863 0.05234 -0
vn 0.99862 0.05242 -0.00059
vn -1E-05 0.54317 -0.83962
vn 0.99863 0.05233 0
vn 0.99863 0.05236 -3E-05
vn -1E-05 0.80268 -0.59641
vn 0.69173 0.59231 -0.41313
vn 0.99863 0.05227 2E-05
vn -1E-05 0.80273 -0.59634
vn -3E-05 0.14833 -0.98894
vn 0.69172 0.59232 -0.41314
vn 4E-05 0.8027 -0.59638
vn 1E-05 0.3972 -0.91773
vn -2E-05 0.14843 -0.98892
vn 2E-05 0.80277 -0.59629
vn -1 0.00028 -0
vn -0.85543 -0.42617 -0.29432
vn -0.97326 -0.19134 -0.12711
vn -0.98035 -0.08257 -0.17918
vn -0.97315 -0.19178 -0.12732
vn -0.85709 -0.42455 -0.2918
vn 0.21811 -0.79752 -0.56249
vn 0 -0.64198 -0.76672
vn 1E-05 -0.73888 -0.67384
vn -0.98959 -0.11991 -0.07965
vn -1 5E-05 -0.00012
vn -0.9732 -0.19162 -0.12716
vn -0.99352 -0.09762 -0.05824
vn -0.98958 -0.12005 -0.07955
vn -0.97318 -0.19173 -0.1271
vn -0.99353 -0.09749 -0.05821
vn -0.97316 -0.19171 -0.12728
vn -1 0.00016 0.00031
vn -0.98035 -0.0825 -0.17918
vn -1 0.00013 0.00026
vn -0.97316 -0.19171 -0.12732
vn -1 8E-05 3E-05
vn -0.71034 -0.57469 -0.40638
vn -0.85537 -0.42632 -0.29427
vn -0.85689 0.06362 -0.51156
vn -0.8571 -0.42451 -0.29185
vn -0.71379 -0.57223 -0.40381
vn -1 1E-05 -1E-05
vn -1 0 1E-05
vn -0.85532 -0.42642 -0.29426
vn -0.97317 0.02795 -0.2284
vn -0.85709 -0.42454 -0.29182
vn -0.85691 0.06363 -0.51153
vn -0.98034 -0.08255 -0.17921
vn -0.85709 -0.42452 -0.29184
vn -0.97317 0.02791 -0.22838
vn -1 -9E-05 -1E-05
vn -0.49138 -0.70614 -0.50981
vn -0.71028 -0.57479 -0.40635
vn -0.48967 0.10627 -0.8654
vn -0.71381 -0.5722 -0.40381
vn -0.48925 -0.70702 -0.51065
vn -0.71399 0.08595 -0.69486
vn -0.71376 -0.57228 -0.40377
vn -0.48961 0.10613 -0.86546
vn -0.8569 0.06365 -0.51154
vn -0.71379 -0.57221 -0.40384
vn -0.71398 0.08602 -0.69487
vn -0.70583 3E-05 -0.70838
vn -0.70583 -1E-05 -0.70838
vn -1 -2E-05 -0
vn -1 0 0
vn -0.70585 -1E-05 -0.70836
vn -1 -3E-05 2E-05
vn -1 1E-05 2E-05
vn -1 -0 0
vn 0.24971 -0.71419 -0.6539
vn -1E-05 -0.56535 -0.82485
vn -1E-05 -0.64194 -0.76675
vn -1 -1E-05 0
vn -1 0 0
vn -0.98961 -0.11971 -0.0796
vn -0.99841 -0.04691 -0.03122
vn -1 0.00019 3E-05
vn -1 -0.00109 0
vn -1 -0.00109 0
vn -1 -0.00109 0
vn 0.2497 -0.71421 -0.65387
vn 0.46895 -0.559 -0.68382
vn 1E-05 -0.47023 -0.88254
vn -0.99355 -0.09733 -0.05821
vn -0.99841 -0.04692 -0.03122
vn -0.98961 -0.11975 -0.07953
vn -1 -0.00033 0
vn -1 -0.00033 0
vn -1 -0.00033 0
vn -1 0.00198 0.00181
vn -0.99835 -0.04813 -0.03122
vn -1 -0.00107 0
vn -0.99355 -0.0973 -0.05824
vn -1 0.00019 -1E-05
vn -0.99841 -0.04687 -0.03124
vn -1 0 0
vn -0.93203 -0.36239 -0
vn -1 6E-05 -3E-05
vn -1 4E-05 1E-05
vn -1 0 0
vn -0.73727 -1E-05 -0.6756
vn -1 -2E-05 1E-05
vn -1 -0 -1E-05
vn -1 2E-05 0
vn -1 -0 0
vn -0.93201 -0.36244 -1E-05
vn -0.73727 -5E-05 -0.6756
vn -1 -2E-05 1E-05
vn -1 0 0
vn -0.73728 -6E-05 0.67559
vn -1 -7E-05 1E-05
vn -1 -3E-05 -2E-05
vn -1 -0 0
vn -0.93198 -0.36251 0
vn -1 -5E-05 -4E-05
vn -0.73724 -0.67563 -1E-05
vn -0.73729 3E-05 0.67558
vn -0.73731 -0.67555 1E-05
vn -1 4E-05 -3E-05
vn -0.93199 0.3625 3E-05
vn -1 3E-05 -1E-05
vn -1 3E-05 -0
vn -0.73727 5E-05 0.6756
vn -1 2E-05 -1E-05
vn -0.93201 0.36244 1E-05
vn -1 -0 0
vn -0.73729 0.67557 2E-05
vn -1 -1E-05 -1E-05
vn -0.73728 4E-05 -0.67559
vn -0.93201 0.36243 2E-05
vn -1 -4E-05 -5E-05
vn -0.7373 0.67557 -1E-05
vn -0.93198 -0.3625 -3E-05
vn -1 -4E-05 1E-05
vn -1 -3E-05 1E-05
vn -1 -0 0
vn -0.73727 1E-05 -0.6756
vn -1 0 0
vn -1 -1E-05 -5E-05
vn -1 -0 0
vn -1 -0 0
vn -0.93199 -0.3625 -0
vn -0.73726 -0.0001 -0.67561
vn -1 -8E-05 0
vn -0.73727 -1E-05 0.6756
vn -1 -0 -0
vn -1 1E-05 5E-05
vn -1 0 0
vn -0.93198 -0.36251 -0
vn -1 -5E-05 -4E-05
vn -0.73725 -0.67562 -1E-05
vn -0.73726 -1E-05 0.67561
vn -0.73729 -0.67558 -2E-05
vn -1 0 0
vn -0.93198 0.3625 2E-05
vn -1 4E-05 -1E-05
vn -1 3E-05 -1E-05
vn -0.73726 0.0001 0.67561
vn -1 8E-05 -0
vn -0.93199 0.3625 0
vn -0.73729 0.67558 2E-05
vn -1 -0 -0
vn -0.73729 -3E-05 -0.67558
vn -0.93198 0.36251 0
vn -1 5E-05 4E-05
vn -0.73725 0.67562 1E-05
vn -0.93199 -0.3625 -3E-05
vn -1 -3E-05 1E-05
vn -1 -3E-05 0
vn -1 0 0
vn -0.73728 6E-05 -0.67559
vn -1 7E-05 -1E-05
vn -1 3E-05 2E-05
vn -1 -2E-05 0
vn -0.93201 -0.36244 -1E-05
vn -0.73727 -5E-05 -0.6756
vn -0.73727 1E-05 0.6756
vn -1 2E-05 -1E-05
vn -1 0 1E-05
vn -0.93201 -0.36243 -2E-05
vn -1 4E-05 5E-05
vn -0.7373 -0.67557 1E-05
vn -0.73726 -1E-05 0.67561
vn -0.73729 -0.67558 -2E-05
vn -1 0 1E-05
vn -0.93203 0.36239 0
vn -1 -6E-05 3E-05
vn -1 -4E-05 -1E-05
vn -0.73727 5E-05 0.6756
vn -1 2E-05 -1E-05
vn -0.93201 0.36244 1E-05
vn -0.73729 0.67557 2E-05
vn -1 -1E-05 -0
vn -0.73729 -3E-05 -0.67558
vn -0.93198 0.36251 -0
vn -1 5E-05 4E-05
vn -0.73724 0.67563 1E-05
vn -0.93199 -0.3625 -3E-05
vn -1 -3E-05 1E-05
vn -1 -3E-05 0
vn -1 -0 0
vn -0.93201 -0.36244 -1E-05
vn -0.73727 -5E-05 -0.6756
vn -1 -2E-05 1E-05
vn -0.93201 -0.36243 -2E-05
vn -1 4E-05 5E-05
vn -0.7373 -0.67557 1E-05
vn -1 -0 0
vn -0.93203 0.36239 0
vn -1 -6E-05 3E-05
vn -1 -4E-05 -1E-05
vn -0.73727 5E-05 0.6756
vn -1 2E-05 -1E-05
vn -0.93201 0.36244 1E-05
vn -1 0 0
vn -0.93198 0.36251 -0
vn -1 5E-05 3E-05
vn -0.73724 0.67563 1E-05
vn -1 -2E-05 0
vn -0.93199 0.3625 3E-05
vn -1 3E-05 -1E-05
vn -1 3E-05 -0
vn -0.73726 0.0001 0.67561
vn -1 8E-05 -0
vn -0.93199 0.36249 -0
vn -0.932 0.36245 -3E-05
vn -1 5E-05 3E-05
vn -0.73724 0.67563 1E-05
vn -0.93203 -0.36239 -0
vn -1 6E-05 -3E-05
vn -1 4E-05 1E-05
vn -0.93201 -0.36244 -1E-05
vn -0.73727 -5E-05 -0.6756
vn -1 0 0
vn -0.93198 -0.36251 0
vn -1 -5E-05 -4E-05
vn -0.73724 -0.67563 -1E-05
vn -0.93199 0.3625 3E-05
vn -1 3E-05 -1E-05
vn -1 3E-05 -0
vn -0.73727 5E-05 0.6756
vn -1 2E-05 -1E-05
vn -0.93201 0.36244 1E-05
vn -0.93201 0.36243 2E-05
vn -1 -4E-05 -5E-05
vn -0.7373 0.67557 -1E-05
vn -1 -0 0
vn -0.03492 -0.99939 1E-05
vn -0.03494 -0.99939 1E-05
vn -0.03496 0.00014 0.99939
vn -0.03488 -0.70667 -0.70669
vn -0.03488 -0.00012 -0.99939
vn -0.03488 -0.99939 -4E-05
vn -0.03488 -0.70669 -0.70667
vn -0.03491 -0.99939 -1E-05
vn -0.03488 -0.99939 -1E-05
vn -1 0 0
vn -0.03488 0.70667 0.70669
vn -0.03488 0.00012 0.99939
vn -0.03488 0.99939 3E-05
vn -0.03489 -0.70666 0.70669
vn -0.03489 0.00012 0.99939
vn -0.0349 -2E-05 0.99939
vn -0.03491 0.70666 0.70669
vn -0.03489 2E-05 0.99939
vn -0.03491 0.00011 0.99939
vn -0.03492 -0.99939 0
vn -0.03489 0.00015 0.99939
vn -0.03487 -0.70667 0.70668
vn -0.03492 0.99939 -1E-05
vn -0.03494 0.99939 -1E-05
vn -0.03496 -0.00014 -0.99939
vn -0.03488 0.70669 0.70667
vn -0.03491 0.99939 1E-05
vn -0.03488 0.99939 1E-05
vn -0.03489 -2E-05 -0.99939
vn -0.03491 -0.00011 -0.99939
vn -0.03491 -0.70666 -0.70669
vn -0.03488 0.70666 -0.70669
vn -0.03489 -0.00012 -0.99939
vn -0.0349 2E-05 -0.99939
vn -0.03487 0.70667 -0.70668
vn -0.03488 0.99939 -2E-05
vn -0.03489 -0.00015 -0.99939
vn -0.03492 -0.99939 1E-05
vn -0.03494 -0.99939 1E-05
vn -0.03496 0.00014 0.99939
vn -0.03488 -0.70667 -0.70669
vn -0.03488 -0.00012 -0.99939
vn -0.03491 -0.99939 1E-05
vn -0.03488 -0.70668 -0.70667
vn -0.03491 -0.99939 -1E-05
vn -0.03488 -0.99939 -1E-05
vn -0.03488 0.70667 0.70669
vn -0.03488 0.00012 0.99939
vn -0.03491 0.99939 -1E-05
vn -0.03488 -0.70666 0.70669
vn -0.03489 0.00012 0.99939
vn -0.0349 -2E-05 0.99939
vn -0.03491 0.70666 0.70669
vn -0.03489 2E-05 0.99939
vn -0.03491 0.00011 0.99939
vn -0.03493 -0.99939 0
vn -0.03489 0.00015 0.99939
vn -0.03491 -0.70666 0.7067
vn -1 0 0
vn -0.03493 0.99939 -1E-05
vn -0.03494 0.99939 -1E-05
vn -0.03496 -0.00014 -0.99939
vn -0.03488 0.70669 0.70667
vn -0.03491 0.99939 1E-05
vn -0.03488 0.99939 1E-05
vn -0.03489 3E-05 -0.99939
vn -0.03491 -0.00011 -0.99939
vn -0.03491 -0.70666 -0.70669
vn -0.03488 0.70666 -0.70669
vn -0.03489 -0.00012 -0.99939
vn -0.0349 2E-05 -0.99939
vn -0.03493 0.99939 -0
vn -0.03486 -0.00011 -0.99939
vn -0.03491 0.70666 -0.70669
vn -0.03492 -0.99939 1E-05
vn -0.03494 -0.99939 1E-05
vn -0.03496 0.00014 0.99939
vn -0.03488 -0.70667 -0.70669
vn -0.03488 -0.00012 -0.99939
vn -0.03491 -0.99939 1E-05
vn -0.03488 -0.70669 -0.70667
vn -0.03491 -0.99939 -1E-05
vn -0.03488 -0.99939 -1E-05
vn -0.03488 -0.70666 0.70669
vn -0.03489 0.00012 0.99939
vn -0.0349 -2E-05 0.99939
vn -0.03491 0.70666 0.70669
vn -0.03489 2E-05 0.99939
vn -0.03491 0.00011 0.99939
vn -0.03492 -0.99939 0
vn -0.03489 0.00015 0.99939
vn -0.03491 -0.70666 0.70669
vn -0.03492 0.99939 -1E-05
vn -0.03494 0.99939 -1E-05
vn -0.03496 -0.00014 -0.99939
vn -0.03488 0.70668 0.70667
vn -0.03491 0.99939 1E-05
vn -0.03488 0.99939 1E-05
vn -0.03489 -2E-05 -0.99939
vn -0.03491 -0.00011 -0.99939
vn -0.03491 -0.70666 -0.70669
vn -0.03488 0.70666 -0.70669
vn -0.03489 -0.00012 -0.99939
vn -0.0349 2E-05 -0.99939
vn -0.03493 0.99939 -0
vn -0.03486 -0.00012 -0.99939
vn -0.03487 0.70667 -0.70668
vn -0.7071 -0.0811 -0.70245
vn -1 -1E-05 -1E-05
vn -1 -1E-05 -0
vn -0.70711 -0.08117 -0.70243
vn -0.7071 0.56765 -0.42164
vn -1 -2E-05 1E-05
vn -1 -0 0
vn -0.70708 -0.08113 -0.70246
vn -1 -3E-05 -2E-05
vn -1 -1E-05 -2E-05
vn -1 1E-05 0
vn -1 0 0
vn -0.70267 -0.08167 -0.70681
vn -1 1E-05 0
vn -1 0.00013 -1E-05
vn -0.7071 -0.08109 -0.70245
vn -1 -3E-05 2E-05
vn -0.70268 -0.08166 -0.70681
vn -1 1E-05 0
vn -0.7638 0.5897 -0.26242
vn -1 -3E-05 3E-05
vn -1 -5E-05 1E-05
vn -0.73462 0.5933 -0.32913
vn -0.70267 -0.08161 -0.70682
vn -1 3E-05 -1E-05
vn -0.73464 0.59328 -0.32912
vn -1 -2E-05 -1E-05
vn -0.76376 0.58976 -0.26241
vn -1 0 0
vn -0.76374 0.58978 -0.26242
vn -1 5E-05 -2E-05
vn -1 6E-05 -0
vn -1 -0.00051 0
vn -1 -0.00051 0
vn -1 -0.00051 0
vn -0.7638 0.64546 1E-05
vn -1 -3E-05 2E-05
vn -1 -3E-05 2E-05
vn -0.76381 0.58968 -0.26242
vn -1 -9E-05 0
vn -0.76381 0.64544 -3E-05
vn -1 -0.00096 0
vn -1 -0.00096 0
vn -1 -0.00096 0
vn -0.76372 0.64554 -1E-05
vn -1 6E-05 0
vn -1 6E-05 0
vn -1 0.00163 0
vn -0.76369 0.64558 -0
vn -1 0.00011 -2E-05
vn -1 0.00011 -2E-05
vn -0.76379 0.64547 2E-05
vn -1 -4E-05 0
vn -0.76379 0.64547 2E-05
vn -0.7636 0.58993 0.2625
vn -1 0.00027 2E-05
vn -1 0.00027 1E-05
vn -0.76387 0.64537 -0
vn -1 -0.00017 -4E-05
vn -0.76387 0.58962 0.26241
vn -0.76376 0.58977 0.26239
vn -1 1E-05 -0
vn -1 1E-05 -0
vn -0.73996 0.58869 0.32543
vn -1 -6E-05 -0
vn -1 -6E-05 -1E-05
vn -0.76373 0.58979 0.26243
vn -1 9E-05 1E-05
vn -0.73989 0.58878 0.32544
vn -0.73994 0.58872 0.32542
vn -1 0 -0
vn -1 -6E-05 1E-05
vn -0.7071 -0.08618 0.70184
vn -1 2E-05 -1E-05
vn -1 2E-05 -1E-05
vn -0.71011 -0.08585 0.69884
vn -0.73996 0.58871 0.3254
vn -1 -8E-05 -2E-05
vn -0.71007 -0.08583 0.69888
vn -1 -1E-05 -1E-05
vn -0.7071 -0.08616 0.70185
vn -0.70711 0.56873 0.42016
vn -1 -1E-05 2E-05
vn -1 -1E-05 -2E-05
vn -0.70709 -0.08614 0.70186
vn -1 0 -0
vn -0.7071 0.56877 0.42014
vn -0.7071 0.56878 0.42012
vn -1 1E-05 2E-05
vn -1 3E-05 0
vn -0.70709 0.5688 0.42011
vn -1 3E-05 -2E-05
vn -1 3E-05 -2E-05
vn -0.70585 1E-05 0.70836
vn -1 3E-05 -2E-05
vn -1 -1E-05 -2E-05
vn -0.70584 1E-05 0.70838
vn -1 2E-05 -0
vn -0.70584 -3E-05 0.70838
vn -0.70127 -0.58186 0.41189
vn -1 -5E-05 0
vn -1 -5E-05 -0
vn -0.70129 -0.58186 0.41186
vn -0.48161 -0.71037 0.51325
vn -1 3E-05 1E-05
vn 0.46894 -0.55899 -0.68383
vn 0.70144 -0.21851 -0.67841
vn 2E-05 -0.47024 -0.88254
vn -0.8553 -0.42644 0.2943
vn -0.70129 -0.58188 0.41184
vn -1 1E-05 4E-05
vn -0.8553 -0.42646 0.29428
vn -1 -1E-05 4E-05
vn -0.9984 -0.04708 0.03127
vn -1 -0.00054 0
vn -0.99838 -0.0476 0.03122
vn -1 0.00251 -0.00181
vn -1 -4E-05 0
vn -0.99388 -0.09488 0.05649
vn -0.9984 -0.04708 0.03124
vn -1 1E-05 -1E-05
vn -0.98965 -0.11945 0.07948
vn -0.85544 -0.42614 0.29433
vn -0.99842 -0.04673 0.03121
vn -0.99386 -0.09517 0.05647
vn -0.98957 -0.12012 0.07947
vn -0.99839 -0.04739 0.03122
vn -1 -0.0001 0
vn -1 -0 0
vn -0.70258 0.08673 0.7063
vn -1 -2E-05 3E-05
vn -1 1E-05 -3E-05
vn -1 1E-05 0
vn -0.99389 0.01346 0.10958
vn -0.99389 -0.09486 0.05649
vn -1 -1E-05 2E-05
vn -0.99388 0.01345 0.1096
vn -1 -0 2E-05
vn -0.70259 0.08677 0.70628
vn -1 -0 0
vn -0.76379 -0.58972 0.26242
vn -1 5E-05 -3E-05
vn -1 5E-05 -2E-05
vn -0.73612 -0.59335 0.32566
vn -1 6E-05 1E-05
vn -0.76379 -0.5897 0.26245
vn -0.70261 0.0867 0.70628
vn -1 -1E-05 0
vn -0.73607 -0.59344 0.32562
vn -1 0 0
vn -0.76374 -0.58978 0.26243
vn -1 -4E-05 0
vn -1 -4E-05 1E-05
vn -1 -2E-05 0
vn -1 0.00051 0
vn -1 0.00051 0
vn -1 0.00051 0
vn -0.76379 -0.64547 1E-05
vn -1 6E-05 -2E-05
vn -1 1E-05 -0
vn -0.76379 -0.64546 2E-05
vn -0.7638 -0.58969 0.26244
vn -1 7E-05 -0
vn -1 0.00096 0
vn -1 0.00096 0
vn -1 0.00096 0
vn -0.76372 -0.64555 2E-05
vn -1 -6E-05 0
vn -1 -6E-05 0
vn -1 -0.00158 -0
vn -1 -0.00158 0
vn -0.76369 -0.64558 0
vn -1 -6E-05 2E-05
vn -1 -0.00011 2E-05
vn -0.76378 -0.64547 -2E-05
vn -0.76379 -0.64547 -2E-05
vn -1 3E-05 -0
vn -0.76361 -0.58993 -0.26244
vn -1 -0.00026 -2E-05
vn -1 -0.00026 -2E-05
vn -0.76383 -0.58965 -0.26243
vn -0.76387 -0.64538 0
vn -1 0.00018 -1E-05
vn -0.76373 -0.58979 -0.26242
vn -1 -4E-05 -1E-05
vn -1 -5E-05 -1E-05
vn -0.74031 -0.58934 -0.32344
vn -1 1E-05 0
vn -1 3E-05 -3E-05
vn -0.74028 -0.58937 -0.32347
vn -0.76374 -0.58977 -0.26244
vn -1 -4E-05 -0
vn -0.74029 -0.58935 -0.32347
vn -1 -1E-05 3E-05
vn -1 -0 2E-05
vn -0.9934 0.01395 -0.11381
vn -1 -3E-05 -1E-05
vn -1 -3E-05 -1E-05
vn -0.71032 0.08578 -0.69863
vn -0.71012 0.086 -0.69881
vn -1 0 -2E-05
vn -0.7403 -0.58936 -0.32343
vn -1 -2E-05 3E-05
vn -0.71009 0.08582 -0.69886
vn -0.85533 0.06313 -0.51423
vn -0.7103 0.08579 -0.69865
vn -1 1E-05 0
vn -0.9732 0.028 -0.22823
vn -0.85532 0.06313 -0.51423
vn -1 1E-05 1E-05
vn -0.9934 0.01403 -0.11381
vn -0.9732 0.02807 -0.22822
vn -1 7E-05 0
vn -0.98035 -0.08255 -0.17919
vn -0.99341 0.01392 -0.11378
vn -1 0.00011 0.00027
vn -0.44227 0.89688 -0
vn -0.0872 0.99619 -1E-05
vn -0.08717 -1E-05 0.99619
vn -0.73731 5E-05 -0.67556
vn -0.08715 3E-05 -0.9962
vn -0.08718 0.99619 4E-05
vn -0.44232 0.89686 -1E-05
vn -0.73725 -0 -0.67562
vn -0.08715 0.9962 4E-05
vn -0.7373 -3E-05 0.67556
vn -0.08715 -2E-05 0.9962
vn -0.08718 -0.99619 -3E-05
vn -0.44228 0.89688 0
vn -0.08718 -2E-05 0.99619
vn -0.73731 0.67555 -0
vn -0.73725 1E-05 0.67562
vn -0.73731 0.67555 5E-05
vn -0.08719 1E-05 0.99619
vn -0.44227 -0.89688 2E-05
vn -0.08719 -0.99619 3E-05
vn -0.08718 -0 -0.99619
vn -0.73726 4E-05 0.67561
vn -0.08715 -0.99619 1E-05
vn -0.44231 -0.89686 2E-05
vn 1 -0 0
vn 1 0 0
vn -0.73731 -0.67556 0
vn -0.44228 -0.89688 -0
vn -0.08718 2E-05 -0.99619
vn -0.73726 -1E-05 -0.67561
vn -0.73731 -0.67555 -4E-05
vn -0.0872 -1E-05 -0.99619
vn 0.00696 -0.89329 0.44943
vn 0.00694 -0.99998 6E-05
vn 0.00697 0.00264 0.99997
vn 0.00696 -0.89329 0.44943
vn 0.00694 -0.99998 6E-05
vn 0.00697 0.00264 0.99997
vn 0.72924 -0.38968 0.56246
vn 0.0349 -0.56916 0.82149
vn 0.0349 -0.56913 0.8215
vn 0.70928 -0.4015 0.57941
vn 0.03488 -0.56914 0.8215
vn 0.72923 -0.38967 0.56249
vn 0.07569 0.4623 0.88349
vn 0.72935 -0.3896 0.56237
vn 0.0349 -0.56915 0.82149
vn 0.72922 -0.38967 -0.56249
vn 0.03492 -0.56913 -0.82151
vn 0.04396 -0.88817 -0.4574
vn 0.03489 -0.56914 -0.8215
vn 0.03489 -0.56916 -0.82148
vn 0.72924 -0.38969 -0.56246
vn 0.70932 -0.40143 -0.57942
vn 0.03493 -0.56915 -0.82149
vn 0.72923 -0.38965 -0.56249
vn 0.33792 0.53588 0.77372
vn 0.03492 0.56905 0.82156
vn 0.03492 0.56905 0.82156
vn 0.24084 0.55274 0.79779
vn 0.03496 0.56918 0.82147
vn 0.13989 0.56391 0.8139
vn 0.3378 0.53628 0.7735
vn 0.1398 0.56415 0.81375
vn 0.03486 0.5694 0.82132
vn 0.28617 -0.47022 0.83486
vn 0.03492 0.56916 0.82148
vn 0.24079 0.55272 0.79782
vn 0.2862 -0.47019 0.83488
vn 0.04619 0.29629 0.95398
vn 0.03493 0.56916 0.82148
vn 0.79751 0.59345 -0.10859
vn 0.33764 0.53596 0.77379
vn 0.03505 0.56907 0.82154
vn 0.79741 0.59357 -0.10863
vn 0.03486 0.56919 0.82146
vn 0.04543 0.98952 0.13708
vn 0.72561 0.39189 0.56561
vn 0.03488 0.56916 0.82149
vn 0.03488 0.56916 0.82149
vn 0.72562 0.39186 0.56561
vn 0.7093 0.40102 0.57972
vn 0.0349 0.56912 0.82151
vn 0.70577 0.40454 0.58157
vn 0.03519 0.56911 0.8215
vn 0.0352 0.56914 0.82149
vn 0.70576 0.40455 0.58159
vn 0.72614 0.39258 0.56445
vn 0.03522 0.56916 0.82147
vn 0.72922 0.38968 0.56248
vn 0.03492 0.56912 0.82152
vn 0.03492 0.56915 0.82149
vn 0.72925 0.38971 0.56243
vn 0.70605 0.40254 0.58263
vn 0.03491 0.56915 0.82149
vn 0.73037 0.38905 0.56143
vn 0.03492 0.56918 0.82147
vn 0.04694 0.29085 0.95562
vn 0.14631 0.56364 -0.81296
vn 0.0349 0.56942 -0.8213
vn 0.0349 0.56942 -0.8213
vn 0.14624 0.56363 -0.81298
vn 0.24338 0.55262 -0.7971
vn 0.03487 0.56941 -0.82132
vn 0.49254 0.4956 -0.71539
vn 0.0349 0.56913 -0.8215
vn 0.24342 0.55235 -0.79728
vn 0.04454 0.87557 -0.48103
vn 0.03491 0.56915 -0.82149
vn -0.00552 0.53199 -0.84674
vn 0.14651 0.56389 -0.81275
vn 0.03488 0.56977 -0.82106
vn 0.24086 0.55323 -0.79744
vn 0.0555 -0.42467 -0.90365
vn 0.24079 0.55272 -0.79782
vn 0.0349 0.56914 -0.8215
vn 0.72561 0.39189 -0.5656
vn 0.03489 0.56916 -0.82149
vn 0.03489 0.56916 -0.82149
vn 0.72563 0.39183 -0.56562
vn 0.7093 0.40197 -0.57906
vn 0.03491 0.56913 -0.8215
vn 0.70577 0.40236 -0.5831
vn 0.03518 0.56916 -0.82147
vn 0.03518 0.56914 -0.82149
vn 0.70573 0.40239 -0.58312
vn 0.72615 0.39053 -0.56586
vn 0.03518 0.56918 -0.82146
vn 0.72923 0.38968 -0.56247
vn 0.03493 0.56916 -0.82149
vn 0.03488 0.56915 -0.8215
vn 0.72923 0.38968 -0.56247
vn 0.70604 0.4039 -0.5817
vn 0.03489 0.56914 -0.8215
vn 0.72924 0.38966 -0.56247
vn 0.03489 0.56914 -0.8215
vn 0.05898 0.99337 -0.09868
vn 0.40988 -0.91213 0.00369
vn 0.78859 -0.5302 -0.31146
vn 0.45166 -0.89003 -0.06213
vn 0.83534 -0.54973 7E-05
vn 0.80119 -0.49953 -0.32949
vn 0.7886 -0.53018 -0.31149
vn 0.83545 -0.54957 8E-05
vn 0.78868 -0.53005 -0.3115
vn 0.41005 -0.91206 0.00367
vn 0.21598 -0.9764 -0.0014
vn 0.45166 -0.89002 -0.06219
vn -0.00029 -1 -0.00046
vn 0.41011 -0.91203 0.00362
vn 0.45189 -0.8899 -0.06219
vn 0.21621 -0.97635 -0.00142
vn 0.20723 -0.97829 -0
vn 2E-05 -1 0
vn 2E-05 -1 -0
vn 0.21537 -0.97653 0
vn -9E-05 -1 0
vn 0.20712 -0.97831 -0
vn 0.20741 -0.97825 0.0017
vn -0.0003 -1 0.00045
vn 0.45049 -0.8907 0.06087
vn 0.39889 -0.91699 -0.00376
vn 0.45028 -0.89081 0.06082
vn 0.78859 -0.5303 0.31132
vn 0.20763 -0.97821 0.00171
vn 0.45069 -0.8906 0.06089
vn 0.39931 -0.91681 -0.00369
vn 0.57021 -0.22064 0.79132
vn 0.7906 -0.52667 0.31237
vn 0.7697 -0.57376 0.27995
vn 0.80095 -0.49596 0.33542
vn 0.79046 -0.52697 0.31221
vn 0.57017 -0.22085 0.79128
vn 0.39926 -0.91683 -0.00364
vn 0.7888 -0.52992 0.31142
vn 0.80125 -0.49938 0.32957
vn 0.99863 -0.05234 -1E-05
vn 0.70843 0.0493 -0.70406
vn 0.99863 -0.05236 -2E-05
vn 0.99863 -0.05232 -1E-05
vn 0.99863 -0.05234 -1E-05
vn 0.99863 -0.05233 -3E-05
vn 0.70851 0.04908 -0.704
vn 0.99863 -0.05242 2E-05
vn 0.99863 -0.05227 0.00022
vn 0.7084 0.04919 -0.70409
vn 0.99863 -0.05232 1E-05
vn 0.70841 0.04935 -0.70407
vn 0.70839 0.04924 -0.7041
vn 0.99863 -0.05237 -1E-05
vn 0.99863 -0.05237 -0
vn -2E-05 -0.52805 -0.84921
vn 0.99863 -0.05236 2E-05
vn 0.99863 -0.05233 0
vn -1E-05 -0.52798 -0.84926
vn -1E-05 0.12181 -0.99255
vn 0.99863 -0.05231 -2E-05
vn 0.70841 0.04927 -0.70408
vn 0.99863 -0.05229 -3E-05
vn -3E-05 0.12179 -0.99256
vn 0.99863 -0.05234 0
vn 0.6897 -0.67286 -0.26754
vn 0.99863 -0.05234 -0
vn 0.99863 -0.05234 -3E-05
vn 0.99863 -0.05234 -0
vn 0.99863 -0.05234 -0
vn 0.68978 -0.67275 -0.26761
vn 3E-05 -0.52796 -0.84927
vn 0.99863 -0.05224 2E-05
vn 0.99863 -0.05234 -0
vn 0.00012 -0.99705 0.07678
vn 0.99863 -0.05224 -5E-05
vn 0.99863 -0.05224 -4E-05
vn 0.99863 -0.05234 0
vn 0.99863 -0.05234 0
vn -2E-05 -0.99705 0.07675
vn -4E-05 -0.92192 -0.38738
vn 0.99863 -0.05234 -0
vn 0.68969 -0.67285 -0.26757
vn 0.99863 -0.05233 -2E-05
vn -2E-05 -0.92191 -0.38739
vn 0.99863 -0.05234 0
vn 0.68969 -0.67285 0.26758
vn 0.99863 -0.05237 -1E-05
vn 0.99863 -0.05235 1E-05
vn 0.99863 -0.05234 0.0001
vn 0.99863 -0.05234 -0
vn 0.68966 -0.67289 0.26756
vn -6E-05 -0.99705 0.07678
vn 0.99863 -0.05238 1E-05
vn 0.99863 -0.05233 2E-05
vn -2E-05 -0.47401 0.88052
vn 0.99863 -0.0523 3E-05
vn 0.99863 -0.05234 2E-05
vn -1E-05 -0.47393 0.88056
vn -0 -0.92187 0.3875
vn 0.99863 -0.05234 -2E-05
vn 0.68973 -0.67281 0.2676
vn 0.99863 -0.0523 4E-05
vn -4E-05 -0.92188 0.38748
vn 0.7084 0.04934 0.70409
vn 0.99863 -0.05231 1E-05
vn 0.99863 -0.05235 1E-05
vn 0.7084 0.04928 0.70409
vn 2E-05 -0.4739 0.88058
vn 0.99863 -0.05233 1E-05
vn 0.70841 0.04934 0.70408
vn 0.99863 -0.05236 -0
vn 0.70837 0.0493 0.70412
vn 0.70848 0.04912 0.70402
vn 0.99863 -0.05229 -0.00021
vn 0.99863 -0.05237 -2E-05
vn 0.99863 -0.05235 -0
vn 0.70846 0.04912 0.70404
vn 0.99863 -0.05237 -1E-05
vn 0.99863 -0.05236 4E-05
vn 0.94067 -0.30559 0.14748
vn 0.99862 -0.05247 -0
vn 0.99862 -0.05246 0
vn 0.7014 -0.21868 0.67839
vn 0.70848 0.04917 0.70402
vn 0.99863 -0.05232 2E-05
vn 0.46897 -0.55895 0.68384
vn 0.70145 -0.21852 0.6784
vn 0.99863 -0.05235 -1E-05
vn 0.46894 -0.55901 0.68382
vn 0.99863 -0.05234 -1E-05
vn 0.94069 -0.30554 0.1475
vn 0.94072 -0.30544 0.1475
vn 0.99863 -0.0523 -0
vn 0.99863 -0.0523 0
vn 0.68836 -0.72536 0
vn 0.99863 -0.05229 2E-05
vn 0.99863 -0.05229 0
vn 0.94071 -0.30545 0.14751
vn 0.99863 -0.05235 -2E-05
vn 0.68835 -0.72538 2E-05
vn 0.6883 -0.72543 -2E-05
vn 0.6883 -0.72543 0
vn 0.99863 -0.05238 0
vn 0.94307 -0.29992 -0.14376
vn 0.99863 -0.05233 -0
vn 0.99863 -0.05233 -0
vn 0.81258 -0.49831 -0.30233
vn 0.68837 -0.72536 -1E-05
vn 0.99863 -0.05229 1E-05
vn 0.94304 -0.29999 -0.14377
vn 0.81254 -0.49837 -0.30233
vn 0.99863 -0.05238 -1E-05
vn 0.99863 -0.05232 0
vn 0.94308 -0.29988 -0.1438
vn 0.99863 -0.05226 -1E-05
vn 0.99863 -0.05226 -1E-05
vn 0.7085 0.04907 -0.704
vn 0.99863 -0.05231 -1E-05
vn 0.99863 -0.05237 -1E-05
vn 0.7014 -0.21874 -0.67838
vn 0.99863 -0.05237 1E-05
vn 0.70852 0.04907 -0.70399
vn 0.94308 -0.29986 -0.14378
vn 0.99863 -0.05226 0
vn 0.70143 -0.21841 -0.67845
vn 0 -0.99705 0.07678
vn -1E-05 -0.9219 -0.38742
vn -1E-05 -0.9219 -0.38742
vn 0 -0.50157 -0.86511
vn 1E-05 -0.9219 -0.38742
vn 2E-05 -0.9219 -0.38742
vn 2E-05 -0.52801 -0.84924
vn -0 -0.92191 -0.38741
vn -3E-05 -0.50157 -0.86512
vn 0.68968 -0.67287 -0.26756
vn -5E-05 -0.92191 -0.38742
vn 3E-05 -0.52802 -0.84923
vn 3E-05 -0.99705 0.07676
vn 0 -1 -0
vn -0 -0.92191 -0.3874
vn -0.70707 -0.65193 -0.27392
vn 3E-05 -0.92192 -0.38737
vn 5E-05 -1 5E-05
vn 1E-05 -0.5016 -0.8651
vn -2E-05 -0.92191 -0.3874
vn -1 -1E-05 2E-05
vn -0.70709 -0.6519 -0.27395
vn -1 -4E-05 3E-05
vn 0 -0.9219 -0.38743
vn -0 -0.92191 0.3874
vn 1E-05 -0.92191 0.3874
vn 1E-05 -1 1E-05
vn -1 0 1E-05
vn -2E-05 -1 1E-05
vn -2E-05 -0.9219 0.38743
vn 2E-05 -0.99705 0.07677
vn 0 -0.92191 0.38739
vn 0 -1 -2E-05
vn -1 -2E-05 3E-05
vn 5E-05 -1 1E-05
vn -1 -1E-05 -3E-05
vn -0.70715 -0.65184 -0.27394
vn -0.00012 -1 3E-05
vn -1 0.0001 1E-05
vn 2E-05 -0.47395 0.88055
vn -2E-05 -0.9219 0.38742
vn -1E-05 -0.9219 0.38742
vn -0.70712 -0.65186 0.27398
vn -1 2E-05 6E-05
vn -2E-05 -0.9219 0.38744
vn 3E-05 -0.47395 0.88055
vn -1E-05 -0.50154 0.86513
vn -0 -0.9219 0.38743
vn -0.70708 -0.65193 0.27391
vn 4E-05 -0.92192 0.38738
vn -1E-05 -0.50159 0.86511
vn 0.68972 -0.67283 0.26755
vn -3E-05 -0.92191 0.3874
vn 1E-05 -0.99705 0.07677
vn -0.47928 0.10679 0.87114
vn -0.47857 -0.71159 0.51441
vn -0.70713 -0.57773 0.40768
vn -0.47928 0.10687 0.87113
vn -2E-05 0.12186 0.99255
vn -0.47859 -0.71158 0.51441
vn -0.70699 0.08717 0.70183
vn -0.70714 -0.57771 0.40768
vn -0.85548 -0.42626 0.29403
vn -0.47928 0.10681 0.87114
vn -0.70714 -0.57773 0.40764
vn -0.70701 0.08717 0.70181
vn -0.98956 -0.12019 0.07948
vn -0.97313 -0.192 0.12708
vn -0.85516 -0.42675 0.29425
vn -0.85545 0.06321 0.51401
vn -0.85548 -0.42625 0.29404
vn -0.97321 -0.19159 0.12711
vn -0.707 0.08721 0.70181
vn -0.85547 -0.42625 0.29407
vn -0.85545 0.06319 0.51402
vn -0.99394 -0.09431 0.0565
vn -0.97331 -0.19106 0.12711
vn -0.98968 -0.11926 0.07948
vn -0.99388 0.01351 0.10959
vn -0.97321 -0.19157 0.1271
vn -0.99389 -0.09483 0.05648
vn -0.98039 -0.08251 0.17898
vn -0.97318 -0.19173 0.12712
vn -0.99389 0.01333 0.10957
vn -0.9804 -0.0824 0.17896
vn -0.85544 0.06322 0.51403
vn -0.9732 -0.19165 0.12711
vn -0.70709 -0.08114 -0.70245
vn 1E-05 -0.11474 -0.9934
vn -0.70709 0.56766 -0.42164
vn 4E-05 0.39721 -0.91773
vn -0.70713 0.56768 -0.42154
vn 4E-05 -0.11477 -0.99339
vn 0.70613 0.03703 -0.70711
vn 0.70887 0.03716 -0.70436
vn 0.99863 0.05234 2E-05
vn 0.99863 0.05233 1E-05
vn 0.70613 0.037 -0.70711
vn 0.99863 0.05234 2E-05
vn 0.99863 0.05235 2E-05
vn 0.99863 0.05234 -0
vn 0.99863 0.05234 -0
vn 0.70826 -0.04415 -0.70457
vn 0.99862 0.05243 -4E-05
vn 0.69171 0.59231 -0.41316
vn 0.99863 0.05234 0
vn 0.70826 -0.04416 -0.70457
vn 0.99863 0.05231 -0
vn 0.99862 0.05243 -3E-05
vn 0 0.14829 -0.98894
vn 0.70826 -0.04417 -0.70457
vn 0.69174 0.59228 -0.41317
vn 0.99863 0.05234 0
vn 3E-05 1 3E-05
vn -2E-05 1 3E-05
vn -0 0.00275 1
vn 0.99863 0.05234 -0
vn -2E-05 -9E-05 -1
vn -1E-05 -0.00278 -1
vn 4E-05 1 1E-05
vn 0.99863 0.05234 0
vn 0.99863 0.05234 -0
vn 0 1 0
vn 0 -4E-05 -1
vn -1E-05 1 0
vn 0.99863 0.05234 -0
vn -2E-05 5E-05 1
vn 5E-05 0.00279 1
vn 0 -1 0
vn 0.99863 0.05233 0
vn -2E-05 8E-05 1
vn 4E-05 1 0
vn -2E-05 0.00276 1
vn 0.99863 0.05234 0
vn -1E-05 -1 3E-05
vn -1E-05 -1 3E-05
vn 6E-05 -0.00281 -1
vn 0 5E-05 1
vn 1E-05 -1 1E-05
vn 0 -1 1E-05
vn 0.99863 0.05234 -0
vn 0.99863 0.05234 0
vn 1E-05 -3E-05 -1
vn 6E-05 -1 -0
vn 5E-05 -0.00276 -1
vn 0.99863 0.05233 -1E-05
vn 0.70827 -0.04415 -0.70456
vn 0.99863 0.05235 2E-05
vn 0.99863 0.05235 -2E-05
vn 0.99863 0.05234 -0
vn 0.99863 0.05234 -0
vn 0.99863 0.05234 1E-05
vn 0.70826 -0.0443 -0.70456
vn 0.99863 0.05236 -2E-05
vn 0.99863 0.05235 -2E-05
vn 0.99863 0.05234 0
vn 0.99863 0.05233 0
vn 0.99048 0.13767 -0
vn 0.99866 0.05185 -0
vn 0.99866 0.05185 0
vn 0.99031 0.13888 0
vn 0.98589 0.1674 -0
vn 0.99859 0.05307 -1E-05
vn 0.68845 0.72528 1E-05
vn 0.99864 0.05218 5E-05
vn 0.98604 0.16653 -3E-05
vn 0.68833 0.7254 2E-05
vn 0.68833 0.7254 0
vn 0.99863 0.05234 0
vn 0.70613 0.03699 -0.70712
vn 0.99863 0.05227 -2E-05
vn 0.68838 0.72536 -1E-05
vn -1E-05 5E-05 1
vn 5E-05 0.99085 0.13495
vn 3E-05 -0.06464 0.99791
vn 1E-05 0.99772 0.06747
vn -0 0.99086 0.13493
vn 1E-05 1 0
vn -0 5E-05 1
vn 2E-05 1 2E-05
vn -0 0.99085 0.13493
vn -1E-05 3E-05 1
vn 1E-05 -0.06465 0.99791
vn -2E-05 -1 0
vn 0.99863 0.05234 -0
vn -2E-05 -1 0
vn -0 -1 0
vn 2E-05 -0.0708 -0.99749
vn 0.99863 0.05234 0
vn -0 5E-05 1
vn 0 -1 -0
vn -0.00026 -1 -0
vn 1E-05 -6E-05 -1
vn 1E-05 -0.0708 -0.99749
vn -5E-05 0.99086 -0.13491
vn 1E-05 -7E-05 -1
vn -2E-05 -1 1E-05
vn -1E-05 -0.07079 -0.99749
vn 0.99863 0.05234 0
vn 0.99051 0.13744 -0
vn 0.99867 0.05161 -0
vn 0.99867 0.05161 0
vn 8E-05 0.99773 -0.06735
vn 7E-05 1E-05 -1
vn 0.00012 0.99085 -0.13494
vn 0.99028 0.13907 0
vn 0.99026 0.13926 0
vn 0.99858 0.05326 -0
vn -1E-05 5E-05 1
vn 5E-05 0.99085 0.13495
vn 3E-05 -0.06464 0.99791
vn 1E-05 1 -0
vn -1E-05 0.99772 0.06742
vn -0 0.99086 0.13493
vn -0 5E-05 1
vn 2E-05 1 1E-05
vn -1E-05 0.99086 0.13493
vn 0.99863 0.05234 0
vn -1E-05 3E-05 1
vn 1E-05 -0.06465 0.99791
vn -2E-05 -1 0
vn 0.99863 0.05234 -0
vn -2E-05 -1 0
vn -0 -1 0
vn 2E-05 -0.0708 -0.99749
vn 0.99863 0.05234 -0
vn 0.99863 0.05234 1E-05
vn 0.99863 0.05234 -0
vn 0 4E-05 1
vn 0 -1 -1E-05
vn -0.00026 -1 -1E-05
vn 1E-05 -6E-05 -1
vn 1E-05 -0.0708 -0.99749
vn -5E-05 0.99086 -0.13491
vn 0.99863 0.05234 0
vn 1E-05 -7E-05 -1
vn -2E-05 -1 0
vn -1E-05 -0.07079 -0.99749
vn 0.99036 0.1385 0
vn 0.99862 0.05251 0
vn 0.68822 0.7255 -2E-05
vn -2E-05 -2E-05 -1
vn 2E-05 0.99085 -0.13494
vn -1E-05 0.99773 -0.06735
vn 0.73941 0.56244 0.37005
vn 0.99864 0.05219 -0.00023
vn 0.99868 0.05137 -0.00063
vn 0.73935 0.56253 0.37003
vn 0.99867 0.05152 -0.00064
vn 0.99871 0.05067 -0.00116
vn 0.73946 0.56235 0.37009
vn 0.99872 0.05048 -0.00113
vn 0.99867 0.05156 -0.00041
vn 0.99863 0.05234 2E-05
vn 0.70841 -0.04932 0.70408
vn 0.99863 0.05231 -1E-05
vn 0.99863 0.05232 -1E-05
vn 0.99863 0.05234 -1E-05
vn 0.77085 -0.0377 0.6359
vn 0.73939 0.56244 0.37008
vn 0.99865 0.052 -7E-05
vn 0.77085 -0.03769 0.6359
vn 0.99863 0.05234 3E-05
vn 0.70839 -0.04931 0.7041
vn 0.70839 -0.04926 0.7041
vn 0.99863 0.05232 -0
vn 0.99863 0.05235 -1E-05
vn -2E-05 0.50221 0.86475
vn 0.99863 0.05229 3E-05
vn 0.99863 0.05234 -2E-05
vn 1E-05 0.50223 0.86473
vn -2E-05 -0.12176 0.99256
vn 0.99863 0.05232 1E-05
vn 0.70838 -0.04929 0.70411
vn 0.99863 0.05227 -1E-05
vn 3E-05 -0.12182 0.99255
vn 0.68971 0.67217 0.26925
vn 0.99863 0.05236 3E-05
vn 0.99863 0.05237 -2E-05
vn 0.68971 0.67217 0.26923
vn 1E-05 0.50227 0.86471
vn 0.99863 0.05238 -1E-05
vn 7E-05 0.99674 0.08073
vn 0.99863 0.05229 -2E-05
vn 0.99863 0.05229 -2E-05
vn 1E-05 0.9209 0.38981
vn 0.99863 0.05232 -4E-05
vn 2E-05 0.99674 0.08068
vn 0.68977 0.67211 0.26923
vn 0.99863 0.05233 -3E-05
vn 5E-05 0.92089 0.38981
vn 0.68966 0.6721 -0.26954
vn 0.99863 0.0524 -3E-05
vn 0.99863 0.0524 -2E-05
vn 0.68967 0.67211 -0.26948
vn -0.0001 0.99675 0.08062
vn 0.99862 0.05242 -0
vn -1E-05 0.50225 -0.86472
vn 0.99863 0.05231 1E-05
vn 0.99863 0.05231 1E-05
vn -1E-05 0.50223 -0.86474
vn 1E-05 0.92073 -0.3902
vn 0.99863 0.05229 0
vn 0.68973 0.67202 -0.26956
vn 0.99863 0.05227 -3E-05
vn 2E-05 0.92071 -0.39025
vn 0.70827 -0.04424 -0.70456
vn -1E-05 0.50223 -0.86473
vn 0.99863 0.05232 -1E-05
vn 0.70828 -0.04429 -0.70454
vn 0.70828 -0.04428 -0.70455
vn 0.99863 0.05237 0
vn 5E-05 1 1E-05
vn 0 1 1E-05
vn 0 -4E-05 -1
vn -3E-05 0.99773 -0.06732
vn -4E-05 1 -3E-05
vn -1E-05 -2E-05 -1
vn 0 0.99772 0.06745
vn -0 1 -0
vn -0.00018 1 0
vn 0.98578 0.16806 0
vn 0.98578 0.16806 -0
vn 0.9902 0.13969 0
vn 0.98603 0.16658 -0
vn 0.68844 0.72529 1E-05
vn 0.98603 0.16658 -2E-05
vn 0.9906 0.13678 0
vn 0.98624 0.16531 0
vn 0.99057 0.13697 -0
vn 0.98616 0.16582 -0
vn 0.99051 0.13747 0
vn 0.689 0.72477 3E-05
vn -2E-05 -2E-05 -1
vn -3E-05 0.99773 -0.06732
vn -1E-05 1 -3E-05
vn -0 1 -0
vn -0.00018 1 0
vn 0 0.99772 0.06745
vn 0 1 0
vn 0 -4E-05 -1
vn 5E-05 1 0
vn -0.44227 0.89688 -2E-05
vn -0.08719 0.99619 -3E-05
vn -0.08717 0 0.99619
vn -0.7373 3E-05 -0.67556
vn -0.08715 2E-05 -0.9962
vn -0.08718 0.99619 3E-05
vn -0.44231 0.89686 -2E-05
vn -0.73726 -4E-05 -0.67561
vn -0.08715 0.99619 -1E-05
vn -0.73731 -5E-05 0.67556
vn -0.08715 -3E-05 0.9962
vn -0.08718 -0.99619 -4E-05
vn -0.44228 0.89688 0
vn -0.08718 -2E-05 0.99619
vn -0.73731 0.67556 -0
vn -0.73726 1E-05 0.67561
vn -0.73731 0.67555 4E-05
vn -0.0872 1E-05 0.99619
vn -0.44227 -0.89688 0
vn -0.0872 -0.99619 1E-05
vn -0.08717 1E-05 -0.99619
vn -0.73725 0 0.67562
vn -0.08715 -0.9962 -4E-05
vn -0.44232 -0.89686 2E-05
vn -0.73731 -0.67555 0
vn -0.44228 -0.89688 -0
vn -0.08718 2E-05 -0.99619
vn -0.73725 -1E-05 -0.67562
vn -0.73731 -0.67555 -5E-05
vn -0.08719 -1E-05 -0.99619
vn -0.44227 0.89688 -0
vn -0.0872 0.99619 -1E-05
vn -0.08718 -1E-05 0.99619
vn -0.73731 3E-05 -0.67556
vn -0.08715 2E-05 -0.9962
vn -0.08719 0.99619 3E-05
vn -0.44232 0.89686 3E-05
vn -0.73724 0 -0.67563
vn -0.08714 0.9962 4E-05
vn -0.73731 -3E-05 0.67556
vn -0.08715 -2E-05 0.9962
vn -0.08719 -0.99619 -3E-05
vn -0.44228 0.89688 0
vn -0.08718 -2E-05 0.99619
vn -0.73731 0.67555 -0
vn -0.73726 1E-05 0.67561
vn -0.73731 0.67555 4E-05
vn -0.0872 1E-05 0.99619
vn -0.44227 -0.89688 0
vn -0.0872 -0.99619 1E-05
vn -0.08718 1E-05 -0.99619
vn -0.73724 -0 0.67563
vn -0.08714 -0.9962 -4E-05
vn -0.44232 -0.89686 -3E-05
vn -0.73731 -0.67555 0
vn -0.44228 -0.89688 -0
vn -0.08718 2E-05 -0.99619
vn -0.73726 -1E-05 -0.67561
vn -0.73731 -0.67555 -4E-05
vn -0.0872 -1E-05 -0.99619
vn -0.73731 5E-05 -0.67556
vn -0.08715 3E-05 -0.9962
vn -0.08718 0.99619 4E-05
vn -0.7373 -3E-05 0.67556
vn -0.08715 -2E-05 0.9962
vn -0.08719 -0.99619 -3E-05
vn -0.44228 0.89688 0
vn -0.08718 -2E-05 0.99619
vn -0.73731 0.67555 -0
vn -0.73725 1E-05 0.67562
vn -0.73731 0.67555 5E-05
vn -0.08719 1E-05 0.99619
vn -0.44227 -0.89688 2E-05
vn -0.08719 -0.99619 3E-05
vn -0.08717 -0 -0.99619
vn -0.73726 4E-05 0.67561
vn -0.08715 -0.99619 1E-05
vn -0.44231 -0.89686 2E-05
vn -0.73731 -0.67556 0
vn -0.44228 -0.89688 -0
vn -0.08718 2E-05 -0.99619
vn 0.77085 -0.03768 0.6359
vn 0.04848 -0.11919 0.99169
vn 0.7394 0.56244 0.37006
vn 0.18108 0.39679 0.89987
vn 0.73941 0.56244 0.37005
vn 0.04849 -0.11926 0.99168
vn -0.44228 0.89688 -1E-05
vn -0.08711 0.9962 1E-05
vn -0.08718 -2E-05 0.99619
vn -0.73731 3E-05 -0.67556
vn -0.08715 2E-05 -0.99619
vn -0.08719 0.99619 3E-05
vn -0.44232 0.89686 -2E-05
vn -0.73725 -0 -0.67562
vn -0.08715 0.9962 4E-05
vn -0.73731 -3E-05 0.67556
vn -0.08715 -2E-05 0.9962
vn -0.08719 -0.99619 -3E-05
vn -0.44228 0.89688 0
vn -0.08717 -2E-05 0.99619
vn -0.73731 0.67556 -0
vn -0.73726 1E-05 0.67561
vn -0.73731 0.67555 4E-05
vn -0.0872 1E-05 0.99619
vn -0.73724 -0 0.67563
vn -0.08714 -0.9962 -4E-05
vn -0.44232 -0.89686 -3E-05
vn -0.73731 -0.67555 0
vn -0.44228 -0.89688 -0
vn -0.08718 2E-05 -0.99619
vn -0.7373 3E-05 -0.67556
vn -0.08715 2E-05 -0.9962
vn -0.08718 0.99619 3E-05
vn -0.73731 -5E-05 0.67556
vn -0.08715 -3E-05 0.9962
vn -0.08718 -0.99619 -4E-05
vn -0.44228 0.89688 0
vn -0.08718 -2E-05 0.99619
vn -0.73731 0.67556 -0
vn -0.73726 1E-05 0.67561
vn -0.73731 0.67555 4E-05
vn -0.0872 1E-05 0.99619
vn -0.44227 -0.89688 0
vn -0.0872 -0.99619 1E-05
vn -0.08718 1E-05 -0.99619
vn -0.73725 0 0.67562
vn -0.08715 -0.9962 -4E-05
vn -0.44232 -0.89686 2E-05
vn -0.73731 -0.67555 0
vn -0.44228 -0.89688 -0
vn -0.08718 2E-05 -0.99619
vn -0.70708 -0.70714 -3E-05
vn -0.70709 -0.50002 0.50001
vn -0.70712 -6E-05 0.70709
vn -0.70712 6E-05 0.7071
vn -0.7071 -0.70712 5E-05
vn -0.70712 6E-05 0.70709
vn -0.70711 0.50001 0.49998
vn -0.70711 3E-05 0.70711
vn -0.70711 3E-05 0.70711
vn -0.70714 -0.70707 -1E-05
vn -0.70711 -0.7071 -1E-05
vn -0.70713 -0.49998 0.49999
vn -0.70711 3E-05 -0.7071
vn -0.70711 -0.49999 -0.5
vn -0.70711 -0.7071 -5E-05
vn -0.70713 -0.70708 -0
vn -0.70708 1E-05 -0.70713
vn -0.70714 -0.70708 0
vn -0.70711 2E-05 -0.70711
vn -0.70711 2E-05 -0.70711
vn -0.70711 -0.49998 -0.50001
vn -0.7071 0.70712 -0
vn -0.70712 -6E-05 -0.70709
vn -0.70712 -6E-05 -0.7071
vn -0.70709 0.50002 -0.50001
vn -0.70712 6E-05 -0.7071
vn -0.70708 0.70713 3E-05
vn -0.70711 0.49999 0.5
vn -0.70711 0.7071 5E-05
vn -0.70711 -3E-05 0.7071
vn -0.70713 0.70708 0
vn -0.70708 -1E-05 0.70713
vn -0.70714 0.70708 -0
vn -0.70713 0.49998 -0.49999
vn -0.70714 0.70707 1E-05
vn -0.70711 0.7071 1E-05
vn -0.70712 1E-05 0.70709
vn -0.70712 1E-05 0.7071
vn -0.70709 -0.70712 1E-05
vn -0.70713 0.70708 0
vn -0.70713 0.70709 1E-05
vn -0.70708 -1E-05 0.70714
vn -0.70712 0.5 0.49998
vn -0.70711 2E-05 0.70711
vn -0.70711 2E-05 0.70711
vn -0.70711 0.49999 0.5
vn -0.70711 0.7071 5E-05
vn -0.70711 -3E-05 0.7071
vn -0.70713 -0.70708 -0
vn -0.70713 -0.70709 -1E-05
vn -0.70708 1E-05 -0.70714
vn -0.70709 -0.50002 0.50001
vn -0.70712 -6E-05 0.7071
vn -0.70711 -0.7071 -2E-05
vn -0.70711 -0.7071 -1E-05
vn -0.70713 -0.49998 0.49999
vn -0.70714 -0.70707 -1E-05
vn -0.70712 -1E-05 -0.70709
vn -0.70712 -1E-05 -0.7071
vn -0.70709 0.70712 -1E-05
vn -0.70711 -0.49999 -0.5
vn -0.70711 -0.7071 -5E-05
vn -0.70711 3E-05 -0.7071
vn -0.70711 -2E-05 -0.70711
vn -0.70712 -0.5 -0.49998
vn -0.70711 -2E-05 -0.70711
vn -0.70709 0.50002 -0.50001
vn -0.70712 6E-05 -0.7071
vn -0.70711 0.7071 1E-05
vn -0.70711 0.7071 1E-05
vn -0.70713 0.49998 -0.49999
vn -0.70714 0.70707 1E-05
vn -0.70713 0.70709 1E-05
vn -0.70712 0.70709 1E-05
vn -0.70707 -1E-05 0.70714
vn -0.70712 0.5 0.49998
vn -0.70711 2E-05 0.7071
vn -0.70711 2E-05 0.70711
vn -0.70711 0.49999 0.5
vn -0.70711 0.7071 5E-05
vn -0.70711 -3E-05 0.7071
vn -0.70709 -0.50002 0.50001
vn -0.70712 -6E-05 0.7071
vn -0.70711 -0.7071 -1E-05
vn -0.70711 -0.7071 -1E-05
vn -0.70713 -0.49998 0.49999
vn -0.70714 -0.70707 -1E-05
vn -0.70712 -1E-05 -0.70709
vn -0.70712 -1E-05 -0.7071
vn -0.70709 0.70712 -0
vn -0.70711 -0.49999 -0.5
vn -0.70711 -0.7071 -5E-05
vn -0.70711 3E-05 -0.7071
vn -0.70711 -2E-05 -0.70711
vn -0.70712 -0.5 -0.49998
vn -0.70711 -2E-05 -0.7071
vn -0.70709 0.50002 -0.50001
vn -0.70712 6E-05 -0.7071
vn -0.70711 0.7071 1E-05
vn -0.70714 0.70708 1E-05
vn -0.70712 0.49995 -0.50002
vn -0.70713 0.70708 1E-05
vn 0.57021 -0.22088 0.79125
vn 0.83721 -0.3176 0.44522
vn 0.81525 -0.44567 0.36979
vn 0.83859 -0.51249 0.18471
vn 0.81213 -0.45734 0.36233
vn 0.83736 -0.32069 0.4427
vn 0.80125 -0.49515 0.33588
vn 0.5704 -0.22004 0.79135
vn 0.81556 -0.44493 0.37
vn 0.39903 -0.91693 -0.00376
vn 0.80111 -0.49964 0.32953
vn 0.81209 -0.45748 0.36225
vn 0.83904 -0.51172 0.18479
vn 0.40005 -0.91649 -0.0034
vn 0.81257 -0.4565 0.36242
vn 0.5702 -0.22084 0.79127
vn 0.83844 -0.14163 0.52627
vn 0.83725 -0.31754 0.44518
vn 0.95538 -0.29536 -0.00244
vn 0.8375 -0.32036 0.44268
vn 0.83814 -0.1341 0.52871
vn 0.95523 -0.29585 -0.00249
vn 0.83528 -0.54982 -5E-05
vn 0.83731 -0.32086 0.44267
vn 0.83876 -0.51223 0.18466
vn 0.83747 -0.32036 0.44273
vn 0.83558 -0.54937 2E-05
vn 0.57027 -0.22069 0.79126
vn 0.55771 0.51681 0.64951
vn 0.83844 -0.14146 0.52631
vn 0.95887 -0.06989 0.27511
vn 0.83816 -0.13427 0.52864
vn 0.54975 0.53235 0.64373
vn 0.95887 -0.06984 0.27513
vn 0.95535 -0.29547 -0.00244
vn 0.83814 -0.13423 0.52867
vn 1 4E-05 -3E-05
vn 0.44617 -0.68362 0.57758
vn 1 5E-05 2E-05
vn 0.71629 -3E-05 0.6978
vn 0.44616 -0.68363 0.57758
vn 1 2E-05 3E-05
vn 0.83867 -0.51256 -0.18415
vn 0.81219 -0.45725 -0.3623
vn 0.80126 -0.4994 -0.32951
vn 0.95489 -0.29695 0.00283
vn 0.83742 -0.32053 -0.44269
vn 0.81223 -0.45718 -0.36232
vn 0.83862 -0.51265 -0.18415
vn 0.95484 -0.29712 0.00282
vn 0.81214 -0.45733 -0.36232
vn 0.83872 -0.51247 -0.18416
vn 0.80132 -0.4993 -0.32953
vn 0.8355 -0.54949 5E-05
vn 0.55757 0.51705 -0.64944
vn 0.31228 0.74161 -0.59372
vn 0.57027 -0.22063 -0.79127
vn 0.83843 -0.14155 -0.52631
vn 0.5576 0.51693 -0.64952
vn 0.5702 -0.22071 -0.79131
vn 0.95888 -0.06956 -0.27515
vn 0.83816 -0.13397 -0.52871
vn 0.83754 -0.32022 -0.4427
vn 1 1E-05 2E-05
vn 0.41643 -0.6334 -0.65222
vn 1 -3E-05 -2E-05
vn 0.87559 -0.48306 -3E-05
vn 0.41646 -0.6334 -0.65221
vn 1 -2E-05 -3E-05
vn 1 1E-05 -4E-05
vn 0.49952 -0.8663 -3E-05
vn -1E-05 -1 1E-05
vn -2E-05 -1 -1E-05
vn -1E-05 -1 -1E-05
vn -0.48958 -0.87196 -0
vn 1 2E-05 0
vn -2E-05 -1 5E-05
vn -2E-05 -1 0
vn 0.73863 -0.67411 4E-05
vn 0.02522 -0.67354 -0.73872
vn 0.01978 -0.88826 -0.45891
vn 0.71629 -8E-05 -0.6978
vn 0.02518 -0.67358 -0.73869
vn 1 -7E-05 -1E-05
vn 0.73857 -0.67417 -2E-05
vn 1 -9E-05 1E-05
vn 0.02518 -0.67357 -0.73869
vn 0.45352 -0.89124 -1E-05
vn 0.01978 -0.88825 -0.45894
vn 0.01264 -0.98804 -0.15369
vn 0.73865 -0.67409 -5E-05
vn 0.01981 -0.88824 -0.45896
vn 0.45354 -0.89123 -2E-05
vn 0.01372 -0.99217 -0.12412
vn 0.01261 -0.98806 -0.15354
vn 0.01072 -0.99697 -0.07705
vn 0.06134 -0.99512 -0.07735
vn 0.01262 -0.98801 -0.15387
vn 0.01382 -0.99213 -0.12446
vn 0.0614 -0.99512 -0.07725
vn 0.45352 -0.89125 -0.0001
vn 0.0127 -0.98802 -0.15378
vn 0.32647 -0.70562 0.6289
vn 0.06426 -0.98419 -0.16504
vn 0.04055 -0.99545 -0.08619
vn 0 -1 -0.00016
vn 0.0402 -0.98771 -0.15105
vn 0.0642 -0.98416 -0.16522
vn 0.03225 -0.99606 -0.08259
vn 2E-05 -1 0.00024
vn 0.06423 -0.98423 -0.16484
vn 0.38078 -0.74186 0.55195
vn 0.03205 -0.99604 -0.0829
vn 0.06407 -0.98419 -0.16511
vn 0.38088 -0.74181 0.55196
vn 0.06423 -0.98418 -0.16509
vn 0.3265 -0.70568 0.62883
vn 0.05276 -0.99861 0.00018
vn 0.01379 -0.99217 -0.1241
vn 0.01498 -0.9931 -0.11631
vn 0.05278 -0.99861 -6E-05
vn 0.10952 -0.99398 -0.0001
vn 0.01381 -0.99214 -0.12434
vn 0.06137 -0.99512 -0.07729
vn 0.01381 -0.99213 -0.12445
vn 0.10956 -0.99398 -0.00016
vn 0.70145 -0.21846 -0.67841
vn 1E-05 -0.25884 -0.96592
vn 0 -0.4702 -0.88256
vn -2E-05 -0.3623 -0.93206
vn -3E-05 -0.47024 -0.88254
vn 0 -0.25892 -0.9659
vn 1E-05 -1 7E-05
vn 0.0402 -0.98775 -0.1508
vn -0 -1 0.00012
vn 0.01497 -0.99308 -0.1165
vn 0.0402 -0.98772 -0.15095
vn -0 -1 -2E-05
vn 0.01357 -0.99178 0.12722
vn 0.01071 -0.99696 0.07713
vn 0.01261 -0.98805 0.15361
vn 0.06139 -0.99513 0.07714
vn 0.01262 -0.98804 0.15368
vn 0.02137 -0.84497 0.53438
vn 0.06088 -0.99815 0.00018
vn 0.01359 -0.99176 0.12742
vn 0.01264 -0.98802 0.15383
vn 0.06135 -0.99512 0.07722
vn 0.06087 -0.99815 0.00011
vn 0.0126 -0.98802 0.15379
vn 0.53107 -0.84733 -5E-05
vn 0.02136 -0.84501 0.53433
vn 0.02625 -0.58622 0.80973
vn 0.10956 -0.99398 3E-05
vn 0.02135 -0.84496 0.5344
vn 0.5311 -0.84731 1E-05
vn 0.06136 -0.99513 0.07718
vn 0.02139 -0.84494 0.53443
vn 0.10955 -0.99398 8E-05
vn 0.53113 -0.84729 -0
vn 0.02636 -0.58613 0.80979
vn 0.8102 -0.58615 0
vn 0.53338 -0 -0.84588
vn 0.55578 -0.55452 -0.61937
vn 0.432 4E-05 -0.90187
vn 0.6685 -0.52598 -0.52579
vn 0.55571 -0.55468 -0.61929
vn 0.53342 -0.00016 -0.84585
vn -0 -0.36236 -0.93204
vn -0 -0.25926 -0.96581
vn -0 -0.39669 -0.91795
vn -0 -1 6E-05
vn 0.04062 -0.98765 0.15131
vn 0.01498 -0.99307 0.11656
vn 0.24971 -0.71425 -0.65383
vn -0 -0.47028 -0.88251
vn 1E-05 -0.56545 -0.82478
vn 0.015 -0.99309 0.1164
vn 0.01358 -0.99178 0.12721
vn -1E-05 -1 -7E-05
vn 0.06088 -0.99815 -4E-05
vn -1E-05 -1 -3E-05
vn 0.01358 -0.99178 0.12723
vn 0.38089 -0.74181 -0.55194
vn 0.03918 -0.99583 0.08235
vn 0.06416 -0.98418 0.16512
vn 0.32653 -0.70563 -0.62886
vn 0.03921 -0.99583 0.08233
vn 0.38092 -0.74178 -0.55196
vn 0.03224 -0.99603 0.08298
vn 0.06421 -0.98417 0.16519
vn 0.04063 -0.98764 0.15136
vn 0.31579 -0.6981 -0.6426
vn 0.06367 -0.9842 0.16521
vn 0.03167 -0.99604 0.08304
vn 0.38084 -0.74171 -0.55211
vn 0.06409 -0.98424 0.16484
vn 0.31602 -0.69763 -0.64299
vn 1E-05 -1 -0.00013
vn 1E-05 -1 -0.00013
vn 0.04063 -0.98768 0.15109
vn 0.03224 -0.99604 0.08286
vn 0.04062 -0.98766 0.15124
vn -0 -1 -4E-05
vn 0.40557 -0.91407 1E-05
vn 0.39414 -0.91905 -1E-05
vn 0.83546 -0.54955 -1E-05
vn 0.83817 -0.51321 0.1846
vn 0.83492 -0.55037 -5E-05
vn 0.39828 -0.91726 -0.00383
vn 0.83545 -0.54957 -2E-05
vn 0.40554 -0.91408 -1E-05
vn 0.83545 -0.54957 -1E-05
vn 0.95475 -0.29742 1E-05
vn 0.83523 -0.54989 1E-05
vn 0.83521 -0.54993 1E-05
vn 0.21582 -0.97643 0
vn 0.20757 -0.97822 -0
vn 0.39443 -0.91893 -0
vn 0.40535 -0.91416 1E-05
vn 0.21528 -0.97655 0
vn 0.39393 -0.91914 -0
vn 0.9548 -0.29724 -1E-05
vn 0.95427 -0.29894 0
vn 0.83531 -0.54978 -1E-05
vn 0.83871 -0.51251 -0.18412
vn 0.83546 -0.54955 6E-05
vn 0.95488 -0.29697 0.00281
vn 0 -0.25925 -0.96581
vn -0 -0.07373 -0.99728
vn 2E-05 -0.3967 -0.91795
vn -0 -0.36231 -0.93206
vn 0 -0.39665 -0.91797
vn -0 -0.47021 -0.88256
vn 0.77789 0.56007 -0.28496
vn 0.7059 0.58521 -0.39903
vn 0.84306 0.30056 0.446
vn 0.72661 0.56756 0.38718
vn 0.90258 0.35561 0.24267
vn 0.70617 0.62748 0.32802
vn 0.54414 0.69325 0.47255
vn 0.72637 0.56793 0.38709
vn 0.70593 0.62779 0.32792
vn 0.60923 0.67803 0.41124
vn 0.90816 0.34587 0.23584
vn 0.72655 0.56771 0.38708
vn 0.9045 0.42464 0.03951
vn 0.90816 0.34588 0.23583
vn 0.6092 0.67806 0.41123
vn 0.60918 0.67807 0.41124
vn 0.72652 0.56774 0.38709
vn 0.53459 0.69827 0.47606
vn 0.79881 0.34263 -0.49448
vn 0.49255 0.49564 -0.71536
vn 0.24342 0.55238 -0.79726
vn 0.05549 -0.42464 -0.90366
vn 0.28623 -0.46967 -0.83515
vn 0.24074 0.55276 -0.79781
vn 0.7989 0.34173 -0.49495
vn 0.52822 0.48273 -0.69853
vn 0.49289 0.49469 -0.71578
vn 0.97661 -0.00625 0.21494
vn -0.00558 0.53198 -0.84674
vn 0.40162 0.51572 -0.75679
vn 0.90221 0.41918 -0.10149
vn 0.04449 0.87562 -0.48095
vn -0.00554 0.53203 -0.84671
vn 0.9766 -0.00657 0.21496
vn 0.90233 0.41893 -0.10151
vn -0.00527 0.53191 -0.84678
vn 0.79875 0.34307 -0.49427
vn 0.5789 0.46481 -0.66995
vn 0.5277 0.48419 -0.69792
vn 0.97239 0.0353 0.23066
vn 0.40205 0.51561 -0.75664
vn 0.53202 0.47734 -0.69936
vn 0.97238 0.03575 0.23063
vn 0.97661 -0.00621 0.21493
vn 0.40154 0.51571 -0.75684
vn 0.79882 0.34261 -0.49448
vn 0.81004 0.33396 -0.48198
vn 0.57909 0.46431 -0.67013
vn 0.90454 0.42455 0.03953
vn 0.53193 0.4774 -0.69939
vn 0.79905 0.32882 -0.50338
vn 0.90457 0.42449 0.03955
vn 0.97239 0.03548 0.23067
vn 0.53199 0.47738 -0.69936
vn 0.33788 0.53603 0.77363
vn 0.24083 0.55277 0.79778
vn 0.13979 0.56394 0.8139
vn 0.59627 0.45719 0.65988
vn 0.80035 0.34142 0.49283
vn 0.24083 0.55274 0.79779
vn 0.5205 0.48621 0.70191
vn 0.5963 0.45711 0.6599
vn 0.24086 0.55266 0.79784
vn 0.46084 0.50557 0.7294
vn 0.52041 0.48645 0.70181
vn 0.24074 0.55288 0.79772
vn 0.33789 0.536 0.77365
vn 0.46089 0.5054 0.72949
vn 0.24084 0.55272 0.79781
vn 0.72058 -0.69337 0.00015
vn 0.21084 -0.4706 0.85679
vn 0.24219 0.55236 0.79765
vn 0.59633 0.45704 0.65993
vn 0.84382 0.30551 0.44118
vn 0.80036 0.3413 0.49289
vn 0.77791 0.56005 -0.28496
vn 0.84305 0.30057 0.446
vn 0.65083 0.44135 0.61776
vn 0.92397 0.11287 -0.36544
vn 0.65089 0.44127 0.61776
vn 0.50541 0.49065 0.7098
vn 0.77793 0.56001 -0.28498
vn 0.65091 0.44128 0.61773
vn 0.92397 0.11283 -0.36544
vn 0.94229 0.06723 -0.32799
vn 0.50539 0.49065 0.70982
vn 0.46436 0.50468 0.72778
vn 0.92395 0.11298 -0.36544
vn 0.50531 0.49074 0.70982
vn 0.94227 0.06735 -0.32802
vn 0.79736 0.59365 -0.10861
vn 0.46428 0.50476 0.72778
vn 0.33746 0.53612 0.77376
vn 0.94228 0.0672 -0.32801
vn 0.46437 0.50468 0.72778
vn 0.79746 0.59351 -0.10862
vn 0.28617 -0.47026 0.83484
vn 0.05004 -0.71684 0.69544
vn 0.05214 -3E-05 0.99864
vn 0.28625 -0.47015 0.83488
vn 0.05218 -5E-05 0.99864
vn 0.04616 0.29623 0.954
vn 0.72057 -0.69338 8E-05
vn 0.40106 -0.91605 4E-05
vn 0.21084 -0.47059 0.85679
vn 0.69978 -0.71436 -1E-05
vn 0.40058 -0.91626 -0.00137
vn 0.7205 -0.69346 0
vn 0.91972 -0.39258 0.00137
vn 0.69971 -0.71443 -0
vn 0.72044 -0.69352 1E-05
vn 0.21067 -0.47011 -0.8571
vn 0.69959 -0.71455 -3E-05
vn 0.9195 -0.3931 0.00021
vn 0.04419 -0.8376 -0.54449
vn 0.28624 -0.46954 -0.83522
vn 0.05558 -0.42453 -0.90371
vn 0.90222 0.41917 -0.10151
vn 0.04239 0.99178 0.12072
vn 0.04549 0.98751 -0.15088
vn 0.90224 0.41913 -0.10144
vn 0.62117 0.73591 0.26941
vn 0.04248 0.99178 0.12069
vn 0.90222 0.41917 -0.10146
vn 0.0455 0.98751 -0.15082
vn 0.04447 0.8756 -0.48099
vn 0.90453 0.42456 0.03954
vn 0.60924 0.67801 0.41126
vn 0.8514 0.25887 0.45618
vn 0.97239 0.03553 0.23066
vn 0.8514 0.25884 0.45619
vn 0.88674 0.20312 0.41525
vn 0.90448 0.42469 0.03952
vn 0.85135 0.25902 0.45619
vn 0.97238 0.0357 0.23066
vn 0.97661 -0.00622 0.21494
vn 0.8867 0.20332 0.41524
vn 0.62104 0.73603 0.26939
vn 0.97238 0.03563 0.23068
vn 0.88673 0.20321 0.41524
vn 0.9766 -0.00632 0.21495
vn 0.97661 -0.00621 0.21494
vn 0.62101 0.73604 0.26942
vn 0.90219 0.41922 -0.10154
vn 5E-05 0.73724 0.67563
vn 0.36252 0.93198 6E-05
vn 0.67562 0.73725 5E-05
vn 0.89685 0.44234 3E-05
vn 0.67554 0.73732 3E-05
vn -5E-05 0.73729 -0.67557
vn -0.36248 0.93199 -2E-05
vn -0.67559 0.73728 -2E-05
vn -2E-05 0.73727 -0.6756
vn 1E-05 0.73726 0.67561
vn -0.89687 0.4423 -1E-05
vn -0.67558 0.73729 -0
vn 5E-05 0.73724 0.67563
vn 0.36252 0.93198 6E-05
vn 0.67562 0.73725 5E-05
vn 0.89688 0.44227 1E-05
vn 0.67562 0.73725 1E-05
vn 0 0.73729 -0.67558
vn -0.36248 0.93199 -3E-05
vn -0.67559 0.73728 -2E-05
vn -3E-05 0.73727 -0.6756
vn -3E-05 0.73726 0.67561
vn -0.8969 0.44223 0
vn -0.67566 0.73722 2E-05
vn 2E-05 0.73727 0.6756
vn 0.36248 0.93199 2E-05
vn 0.67559 0.73728 2E-05
vn 0.89687 0.4423 1E-05
vn 0.67557 0.73729 1E-05
vn -1E-05 0.73726 -0.6756
vn -0.36248 0.93199 -2E-05
vn -0.67559 0.73728 -2E-05
vn -2E-05 0.73727 -0.6756
vn -3E-05 0.73726 0.67561
vn -0.8969 0.44223 0
vn -0.67565 0.73722 2E-05
vn 3E-05 0.73727 0.6756
vn 0.36248 0.93199 3E-05
vn 0.67559 0.73728 2E-05
vn 0.8969 0.44223 -0
vn 0.67566 0.73722 -2E-05
vn 3E-05 0.73726 -0.67561
vn -0.36241 0.93202 1E-05
vn -0.67557 0.7373 -2E-05
vn 3E-05 0.73729 -0.67557
vn -0 0.73728 0.67558
vn -0.89688 0.44227 -1E-05
vn -0.67562 0.73725 -1E-05
vn -5E-05 0.73732 0.67554
vn 0.36238 0.93203 -4E-05
vn 0.67557 0.7373 1E-05
vn 0.89687 0.4423 1E-05
vn 0.67557 0.73729 1E-05
vn -1E-05 0.73727 -0.6756
vn -0.36251 0.93198 -6E-05
vn -0.67562 0.73725 -5E-05
vn -5E-05 0.73724 -0.67563
vn -0 0.73728 0.67558
vn -0.89688 0.44227 -1E-05
vn -0.67562 0.73725 -1E-05
vn -0.73732 -5E-05 0.67554
vn -0.44228 -0.89688 -1E-05
vn -0.73723 -0.67564 -3E-05
vn -0.93202 -0.3624 0
vn -0.73726 -0.6756 2E-05
vn -0.73729 2E-05 -0.67558
vn -0.44232 0.89686 -3E-05
vn -0.7373 0.67557 1E-05
vn -0.73725 -3E-05 -0.67562
vn -0.73729 -2E-05 0.67558
vn -0.93202 0.3624 -1E-05
vn -0.73726 0.6756 -2E-05
vn -0.73725 3E-05 0.67562
vn -0.44232 -0.89686 3E-05
vn -0.7373 -0.67557 -1E-05
vn -0.93202 -0.3624 0
vn -0.73726 -0.67561 2E-05
vn -0.73729 2E-05 -0.67558
vn -0.44232 0.89686 -3E-05
vn -0.7373 0.67557 1E-05
vn -0.73725 -3E-05 -0.67562
vn -0.73729 -2E-05 0.67558
vn -0.93202 0.3624 -0
vn -0.73726 0.67561 -2E-05
vn -0.73725 3E-05 0.67562
vn -0.44232 -0.89686 3E-05
vn -0.7373 -0.67557 -1E-05
vn -0.73726 -0.6756 2E-05
vn -0.73729 2E-05 -0.67558
vn -0.44228 0.89688 1E-05
vn -0.73723 0.67564 3E-05
vn -0.73732 5E-05 -0.67554
vn -0.73729 -2E-05 0.67558
vn -0.93202 0.3624 -0
vn -0.73726 0.67561 -2E-05
vn -0.73725 3E-05 0.67562
vn -0.44232 -0.89686 3E-05
vn -0.7373 -0.67557 -1E-05
vn -0.93202 -0.3624 0
vn -0.73726 -0.6756 2E-05
vn -0.73729 2E-05 -0.67558
vn -0.73729 -2E-05 0.67558
vn -0.93202 0.3624 -0
vn -0.73726 0.67561 -2E-05
vn -0.93202 -0.3624 0
vn -0.73726 -0.67561 2E-05
vn -0.73729 2E-05 -0.67558
vn -0.44232 0.89686 -3E-05
vn -0.7373 0.67557 1E-05
vn -0.73724 -2E-05 -0.67563
vn -0.73728 -2E-05 0.67558
vn -0.93202 0.3624 0
vn -0.73728 0.67559 -2E-05
vn -0.73732 -5E-05 0.67554
vn -0.44228 -0.89688 -1E-05
vn -0.73723 -0.67564 -3E-05
vn -0.93202 -0.3624 0
vn -0.73726 -0.6756 2E-05
vn -0.73729 -2E-05 0.67558
vn -0.93202 0.3624 -0
vn -0.73726 0.6756 -2E-05
vn 0.6756 -0.73727 -2E-05
vn -2E-05 -1 0
vn -2E-05 -1 2E-05
vn 0 -0.8095 -0.58713
vn 2E-05 -1 -4E-05
vn 0 -1 -4E-05
vn 0.62881 -0.77756 2E-05
vn 0.0001 -0.80952 -0.58709
vn 0.00011 -1 -0
vn 0.62879 -0.77757 0
vn -1E-05 -1 2E-05
vn 0.67559 -0.73728 2E-05
vn -1E-05 -0.70713 -0.70708
vn -3E-05 -1 1E-05
vn 0.00013 -1 1E-05
vn -2E-05 -0.70706 -0.70715
vn 1E-05 -1 -4E-05
vn 3E-05 -0.70706 -0.70715
vn -0.70666 -0.70755 3E-05
vn -2E-05 -1 3E-05
vn -2E-05 -1 -2E-05
vn -0.67559 -0.73728 -0.00011
vn 3E-05 -0.70704 -0.70718
vn -1E-05 -1 -5E-05
vn -0.70667 -0.70755 -0
vn -0.67558 -0.73729 -2E-05
vn 0 -1 3E-05
vn -0 -0.80958 -0.58701
vn -0 -1 1E-05
vn -2E-05 -0.80952 -0.58709
vn -0.67557 -0.7373 2E-05
vn 2E-05 -1 -0
vn 2E-05 -1 -2E-05
vn 0 -0.8095 0.58713
vn -2E-05 -1 4E-05
vn 0 -1 4E-05
vn -0.62882 -0.77755 -1E-05
vn -6E-05 -0.80955 0.58706
vn -9E-05 -1 -3E-05
vn -0.6288 -0.77757 -2E-05
vn -0 -1 -3E-05
vn -0.67559 -0.73727 -4E-05
vn 1E-05 -0.70713 0.70708
vn 3E-05 -1 -1E-05
vn -0.00013 -1 -1E-05
vn 2E-05 -0.70706 0.70715
vn -1E-05 -1 4E-05
vn -3E-05 -0.70706 0.70715
vn 0.70669 -0.70752 -3E-05
vn 1E-05 -1 -3E-05
vn 1E-05 -1 2E-05
vn 0.67561 -0.73726 7E-05
vn -4E-05 -0.70704 0.70717
vn 4E-05 -1 9E-05
vn 0.70667 -0.70754 -0
vn 0.67559 -0.73728 -3E-05
vn -0 -1 -4E-05
vn 0 -0.80958 0.58701
vn 0 -1 -1E-05
vn 2E-05 -0.80952 0.58709
vn 0.99619 -0.08718 -1E-05
vn 0.70442 -0.06165 -0.7071
vn 0.9962 -0.08713 -2E-05
vn 0.9962 -0.08713 -2E-05
vn 0.69681 -0.23765 -0.67674
vn 0.99619 -0.08717 4E-05
vn 0.99611 -0.08817 0.00025
vn 0.82704 -0.07236 -0.55746
vn 0.99619 -0.08716 1E-05
vn 0.7044 -0.06165 -0.70712
vn 0.26402 -0.13734 -0.95469
vn 0.9962 -0.08715 4E-05
vn 0.82704 -0.07234 -0.55746
vn 0.99619 -0.08716 0
vn 0.62882 -0.77755 1E-05
vn 0.9962 -0.08712 3E-05
vn 0.9962 -0.08712 2E-05
vn 0.62877 -0.77759 -0
vn 0.6756 -0.73727 -1E-05
vn 0.99619 -0.08717 1E-05
vn 0.70441 -0.06162 -0.70712
vn 0.9962 -0.08714 0
vn 0.67559 -0.73728 -3E-05
vn 0.6968 -0.23754 -0.67679
vn 0.99619 -0.08717 -2E-05
vn 0.9962 -0.08714 -3E-05
vn 0.69678 -0.23747 -0.67684
vn 0.6967 -0.24363 -0.67472
vn 0.99621 -0.08704 -3E-05
vn -0.9962 -0.08714 -2E-05
vn -0.85255 -0.07462 -0.51728
vn -0.99619 -0.08717 -1E-05
vn -0.99619 -0.08718 -1E-05
vn -0.9962 -0.08715 0
vn -0.67558 -0.73729 -1E-05
vn -0.9962 -0.08714 -1E-05
vn -0.9962 -0.08714 2E-05
vn -0.85255 -0.07457 -0.5173
vn -0.70442 -0.06158 -0.70711
vn -0.9962 -0.08713 -2E-05
vn -0.6967 -0.23855 -0.67654
vn -0.9962 -0.08714 -1E-05
vn -0.9962 -0.08715 -0
vn -0.85254 -0.07464 -0.51731
vn -0.99619 -0.08718 1E-05
vn -0.6968 -0.23759 -0.67677
vn -0.69678 -0.23759 -0.67679
vn -0.99619 -0.08717 2E-05
vn -0.99619 -0.0872 3E-05
vn -0.70667 -0.70754 0
vn -0.99619 -0.08715 -2E-05
vn -0.67558 -0.73728 -2E-05
vn -0.69645 -0.24568 -0.67424
vn -0.99619 -0.08725 5E-05
vn -0.70664 -0.70758 7E-05
vn -0.6968 -0.23754 -0.67679
vn -0.99636 -0.08523 -0.00053
vn -0.69647 -0.24552 -0.67428
vn -0.26414 -0.13757 -0.95462
vn 0.16191 -0.27402 -0.948
vn -0.50767 -0.04465 -0.86039
vn 0.99619 -0.08716 3E-05
vn 0.82673 -0.07242 0.55793
vn 0.99619 -0.08724 -1E-05
vn 0.99619 -0.08726 4E-05
vn 0.99622 -0.08684 0
vn 0.99622 -0.08684 0
vn 0.67557 -0.7373 1E-05
vn 0.9962 -0.08715 1E-05
vn 0.9962 -0.08715 -2E-05
vn 0.82674 -0.0723 0.55791
vn 0.70443 -0.06158 0.7071
vn 0.9962 -0.08713 -3E-05
vn 0.69672 -0.23858 0.67651
vn 0.99619 -0.08722 -3E-05
vn 0.99619 -0.08721 -4E-05
vn 0.82675 -0.07218 0.55792
vn 0.99621 -0.08701 5E-05
vn 0.69682 -0.23745 0.6768
vn 0.69677 -0.23764 0.67678
vn 0.99619 -0.08723 -2E-05
vn 0.99619 -0.08723 -2E-05
vn 0.70667 -0.70754 -0
vn 0.99619 -0.08721 2E-05
vn 0.67558 -0.73729 2E-05
vn 0.69649 -0.24565 0.67421
vn 0.99619 -0.08725 -5E-05
vn 0.70664 -0.70758 -6E-05
vn 0.6968 -0.23748 0.67681
vn 0.99636 -0.08523 0.00053
vn 0.69647 -0.24552 0.67428
vn -0.99619 -0.08717 0.0001
vn -0.70439 -0.06162 0.70714
vn -0.9962 -0.0871 2E-05
vn -0.9962 -0.0871 2E-05
vn -0.6968 -0.23766 0.67675
vn -0.99619 -0.08726 -5E-05
vn -0.99611 -0.08813 -0.00022
vn -0.82154 -0.07188 0.5656
vn -0.99619 -0.08718 1E-05
vn -0.70441 -0.06168 0.70711
vn -0.26388 -0.13718 0.95475
vn -0.99622 -0.08691 2E-05
vn -0.82156 -0.07167 0.56559
vn -0.99619 -0.08721 0
vn -0.62879 -0.77757 -1E-05
vn -0.9962 -0.08714 -3E-05
vn -0.9962 -0.08714 -2E-05
vn -0.62881 -0.77756 -3E-05
vn -0.6756 -0.73727 -1E-05
vn -0.9962 -0.08712 -2E-05
vn -0.70441 -0.06162 0.70712
vn -0.9962 -0.08714 -0
vn -0.67559 -0.73728 3E-05
vn -0.6968 -0.23756 0.67678
vn -0.9962 -0.08714 1E-05
vn -0.9962 -0.08714 1E-05
vn -0.69677 -0.23756 0.67682
vn -0.69666 -0.24366 0.67475
vn -0.99619 -0.08717 -1E-05
vn 0.82673 -0.07259 0.5579
vn 0.69657 -0.2378 0.67694
vn 0.50784 -0.04459 0.8603
vn 0.26396 -0.13741 0.9547
vn 0.50763 -0.04445 0.86043
vn 0.6968 -0.23761 0.67677
vn -0.50763 -0.04442 0.86043
vn -0.82152 -0.07187 0.56564
vn -0.7044 -0.06162 0.70712
vn -0.26396 -0.13739 0.9547
vn -0.82155 -0.07185 0.56559
vn -0.50779 -0.04506 0.8603
vn -0.264 -0.13737 0.95469
vn -0.50765 -0.04443 0.86042
vn -0.30582 -0.02681 0.95171
vn 0.50764 -0.04438 0.86042
vn 0.29483 -0.02577 0.9552
vn 0.7044 -0.06158 0.70712
vn 0.82674 -0.07234 0.55792
vn 0.50762 -0.0444 0.86044
vn 0.70442 -0.06164 0.7071
vn -0.85256 -0.07466 -0.51727
vn -0.69677 -0.23767 -0.67678
vn -0.50769 -0.04436 -0.8604
vn -0.26408 -0.1374 -0.95466
vn -0.50764 -0.04452 -0.86042
vn -0.69681 -0.23765 -0.67674
vn 0.50766 -0.04439 -0.86042
vn 0.82703 -0.07236 -0.55748
vn 0.70441 -0.06162 -0.70711
vn 0.26394 -0.13733 -0.95471
vn 0.82702 -0.07232 -0.5575
vn 0.50798 -0.04556 -0.86016
vn 0.26399 -0.13716 -0.95472
vn 0.50761 -0.04424 -0.86045
vn 0.30563 -0.02657 -0.95178
vn -0.50763 -0.04442 -0.86043
vn -0.30488 -0.02669 -0.95202
vn -0.70443 -0.06164 -0.7071
vn -0.85256 -0.07459 -0.51729
vn -0.50765 -0.04441 -0.86042
vn -0.70442 -0.06162 -0.70711
vn 0 -1 0
vn 0.03222 -0.99604 -0.08287
vn 0 -1 -1E-05
vn 0 -1 -1E-05
vn 0 -1 -0
vn 0.31193 -0.7071 0.63459
vn -1E-05 -1 2E-05
vn 1E-05 -1 0
vn 0.38093 -0.74185 0.55186
vn 0.31192 -0.70721 0.63447
vn 0 -1 -0.00015
vn 0.381 -0.74193 0.55171
vn 1E-05 -1 -0.00023
vn 0.03216 -0.99602 -0.08309
vn 0.73527 -0.67777 -2E-05
vn -1E-05 -1 -3E-05
vn -1E-05 -1 -1E-05
vn 0.05278 -0.99861 4E-05
vn 0.015 -0.99308 -0.11646
vn 2E-05 -1 4E-05
vn 0.05282 -0.9986 1E-05
vn 0 -1 -1E-05
vn 0.73526 -0.67779 -2E-05
vn 0.31191 -0.70711 0.63459
vn -3E-05 -1 -0
vn -4E-05 -1 0
vn 0.27066 -0.70712 0.65325
vn 2E-05 -1 -2E-05
vn 0.31195 -0.70712 0.63456
vn 0 -1 -0.00032
vn 0 -1 -0.00032
vn 0 -1 -0.00032
vn 0.27064 -0.7071 -0.65327
vn 2E-05 -1 -7E-05
vn 4E-05 -1 -6E-05
vn 0 -1 -0
vn 0.31628 -0.69741 -0.64311
vn 0.03288 -0.99604 0.08266
vn 0.00065 -1 -0.00022
vn 0.2706 -0.70714 -0.65324
vn 0.31599 -0.6978 -0.64283
vn 1E-05 -1 2E-05
vn 0.27064 -0.70713 -0.65324
vn -3E-05 -1 -0
vn 1E-05 -1 1E-05
vn 0.06089 -0.99814 0
vn 0 -1 0
vn 0 -1 -0
vn 0.76926 -0.63893 2E-05
vn 0.27071 -0.70709 -0.65325
vn 0.00011 -1 5E-05
vn 0.53111 -0.8473 -2E-05
vn 0.76927 -0.63892 -2E-05
vn -2E-05 -1 -1E-05
vn 0.10956 -0.99398 -0
vn 0.53112 -0.8473 1E-05
vn -1E-05 -1 3E-05
vn 0.06089 -0.99814 -2E-05
vn 0.10955 -0.99398 -2E-05
vn 0 -1 -2E-05
vn 0.01497 -0.99309 0.11638
vn 0 -1 -7E-05
vn 1E-05 -1 -7E-05
vn 0.7163 2E-05 -0.69779
vn 1 1E-05 -2E-05
vn 1 2E-05 -2E-05
vn 0.73862 -0.67412 0
vn 1 -4E-05 -2E-05
vn 1 -4E-05 -1E-05
vn 0.71631 -2E-05 -0.69779
vn 1 1E-05 -1E-05
vn 0.71631 -1E-05 -0.69779
vn 0.7163 -5E-05 -0.69779
vn 1 -2E-05 -2E-05
vn 1 -2E-05 -2E-05
vn 0.86447 -0.50269 1E-05
vn 1 3E-05 -1E-05
vn 1 3E-05 -2E-05
vn 0.86453 -0.50259 1E-05
vn 0.87566 -0.48292 1E-05
vn 1 0.00016 1E-05
vn 0.81321 -1E-05 0.58197
vn 1 1E-05 1E-05
vn 1 -1E-05 1E-05
vn 0.86444 -8E-05 0.50273
vn 0.86442 -0.50277 -2E-05
vn 1 -0.00014 0.0001
vn 0.8132 -1E-05 0.58198
vn 0.86445 -3E-05 0.50272
vn 1 0 1E-05
vn 0.7353 -0.67774 -5E-05
vn 0.81321 -8E-05 0.58197
vn 1 -9E-05 -2E-05
vn 0.73527 -0.67778 1E-05
vn 1 -0 1E-05
vn 0.73864 -0.6741 2E-05
vn 0.88255 2E-05 -0.47021
vn 1 0 2E-05
vn 1 -1E-05 2E-05
vn 0.76928 -0.63892 -0
vn 1 0 -0
vn 1 0 2E-05
vn 0.81318 -1E-05 -0.58201
vn 1 -1E-05 1E-05
vn 0.88254 -1E-05 -0.47023
vn 1 -0 0
vn 0.87566 -0.48292 -2E-05
vn 1 0.00013 2E-05
vn 1 0.00013 -1E-05
vn 0.88249 -0.47032 4E-05
vn 1 -0.00014 2E-05
vn 0.87555 -0.48313 3E-05
vn 0.88255 0.00016 -0.47022
vn 1 0.00013 -4E-05
vn 0.88262 -0.47008 -6E-05
vn 1 0 0
vn 0.87575 -0.48276 1E-05
vn 1 0.00028 -1E-05
vn 1 0.00027 -4E-05
vn 0.7163 1E-05 0.69779
vn 1 3E-05 -3E-05
vn 1 -2E-05 -3E-05
vn 0.71631 2E-05 0.69779
vn 1 1E-05 1E-05
vn 0.71631 -3E-05 0.69779
vn 0.81019 -0.58616 3E-05
vn 0.71631 -0.00012 0.69779
vn 1 -6E-05 3E-05
vn 0.81025 -0.58608 -2E-05
vn 1 3E-05 0
vn 0.76929 -0.6389 2E-05
vn 0.6655 -0.52784 -0.52773
vn 0.88254 -8E-05 -0.47023
vn 0.88253 -0.47026 0
vn 0.81319 -1E-05 -0.582
vn 0.53336 2E-05 -0.84589
vn 0.4321 2E-05 -0.90182
vn 0.81318 -1E-05 -0.58201
vn 0.88255 2E-05 -0.47022
vn 0.53336 -1E-05 -0.84589
vn 0.66551 -0.52787 -0.52768
vn 0.53341 -9E-05 -0.84585
vn 0.88256 -9E-05 -0.4702
vn 0.53337 0.00031 0.84588
vn 0.86454 -0.50257 0.00018
vn 0.86444 0.00033 0.50274
vn 0.66562 -0.52803 0.52738
vn 0.86427 -0.50302 -0.00013
vn 0.53345 -0.00026 0.84583
vn 0.81322 1E-05 0.58196
vn 0.53035 1E-05 0.84778
vn 0.86446 -2E-05 0.50269
vn 0.53111 -0.8473 -1E-05
vn 0.81023 -0.58611 2E-05
vn 0.76928 -0.63892 0
vn 0.06141 -0.99512 0.07717
vn 0.10956 -0.99398 6E-05
vn 0.06091 -0.99814 4E-05
vn 0.73528 -0.67776 -4E-05
vn 0.45351 -0.89125 -0
vn 0.10952 -0.99398 -3E-05
vn 0.06125 -0.99514 -0.07706
vn 0.10945 -0.99399 8E-05
vn 0.45345 -0.89128 0.00012
vn 0.05278 -0.99861 -8E-05
vn 0.73521 -0.67783 -6E-05
vn 0.10951 -0.99399 -0.00011
vn 0.73526 -0.67778 0
vn 0.7386 -0.67414 0
vn 0.45347 -0.89127 -0
vn -1E-05 1 -0.00018
vn -0 0.92073 -0.3902
vn 1E-05 0.92073 -0.3902
vn 1E-05 0.50221 -0.86475
vn 2E-05 0.92074 -0.39018
vn -0 0.92074 -0.39018
vn -1 -7E-05 -3E-05
vn -4E-05 1 -0.00019
vn -3E-05 0.92072 -0.39022
vn 4E-05 0.50336 -0.86408
vn 1E-05 0.92073 -0.3902
vn 1E-05 0.50224 -0.86473
vn -0.70708 0.65109 -0.27589
vn 0 0.92074 -0.39018
vn -0 0.5034 -0.86405
vn -0.70713 0.65104 -0.2759
vn -1 1E-05 3E-05
vn -4E-05 0.92073 -0.3902
vn 1E-05 1 -0.00018
vn 0 0.99674 0.08067
vn -1E-05 0.92074 -0.39017
vn 0.68971 0.67206 -0.26949
vn 2E-05 0.92075 -0.39016
vn 2E-05 0.99674 0.08066
vn -0 0.92089 0.38982
vn 1E-05 0.92089 0.38982
vn -0 0.99674 0.0807
vn -1E-05 1 -0.00019
vn -1E-05 0.92089 0.38982
vn 1E-05 0.99674 0.08069
vn -2E-05 0.50041 0.86579
vn 2E-05 0.9209 0.38981
vn 2E-05 0.9209 0.38981
vn -1E-05 0.50041 0.86579
vn -0 0.50219 0.86475
vn -2E-05 0.9209 0.38981
vn 0.68972 0.67216 0.26924
vn 3E-05 0.92088 0.38986
vn -2E-05 0.5022 0.86475
vn -0.7071 0.65117 0.27566
vn -1E-05 0.92088 0.38984
vn -1E-05 1 -0.00021
vn -1 1E-05 5E-05
vn -0 0.50039 0.8658
vn 2E-05 0.92089 0.38983
vn -0.70714 0.65111 0.2757
vn -1 -9E-05 1E-05
vn -5E-05 0.92087 0.38987
vn -1 0 2E-05
vn 3E-05 1 -0.00024
vn -1 1E-05 -3E-05
vn -0.70714 0.65113 0.27566
vn -4E-05 1 -0.00014
vn -1 -6E-05 1E-05
vn 0 -0.11475 -0.99339
vn -2E-05 0.36863 -0.92958
vn -2E-05 -0.11473 -0.9934
vn 1E-05 -0.11473 -0.9934
vn 0 -0.11475 -0.99339
vn -0.50354 -0.09915 -0.85826
vn 2E-05 -0.11477 -0.99339
vn 2E-05 -0.11475 -0.99339
vn 0 0.36866 -0.92957
vn 1E-05 0.40109 -0.91604
vn 2E-05 -0.11476 -0.99339
vn -0.51569 0.43377 -0.73885
vn -1E-05 -0.11475 -0.99339
vn -1E-05 0.40109 -0.91604
vn -0.51568 0.43381 -0.73884
vn -0.50357 -0.09912 -0.85825
vn -4E-05 -0.11475 -0.99339
vn 0 -0.11475 -0.99339
vn -0.70711 -0.08115 -0.70243
vn -3E-05 -0.11477 -0.99339
vn 2E-05 -0.11473 -0.9934
vn -0.70712 -0.08111 -0.70243
vn -0.7027 -0.08159 -0.7068
vn 1E-05 -0.11472 -0.9934
vn -2E-05 0.36866 -0.92956
vn -0 -0.11469 -0.9934
vn -0.70271 -0.08157 -0.70679
vn -0 0.14841 -0.98893
vn -1E-05 -0.11474 -0.9934
vn 0 -0.11474 -0.9934
vn -0 0.39721 -0.91773
vn -2E-05 -0.11475 -0.99339
vn -2E-05 0.14842 -0.98892
vn 0 -0.11475 -0.99339
vn 0.7083 -0.04428 -0.70452
vn 1E-05 -0.11477 -0.99339
vn -0 -0.1146 -0.99341
vn 0.70827 -0.04408 -0.70457
vn 2E-05 -0.11472 -0.9934
vn 0.70827 -0.04424 -0.70455
vn 2E-05 0.14828 -0.98894
vn 1E-05 -0.11461 -0.99341
vn 0.70824 -0.04418 -0.70458
vn 2E-05 0.50335 -0.86408
vn 1E-05 -0.11474 -0.9934
vn 2E-05 -0.11474 -0.9934
vn 2E-05 0.50334 -0.86409
vn 0 0.50222 -0.86474
vn -2E-05 -0.11475 -0.99339
vn 0.70828 -0.04419 -0.70455
vn -1E-05 -0.11468 -0.9934
vn 1E-05 0.50226 -0.86472
vn -1 2E-05 -1E-05
vn -0 0.50336 -0.86408
vn 1E-05 -0.11471 -0.9934
vn -0.70711 -0.08114 -0.70243
vn -1 -6E-05 -0
vn 2E-05 -0.11473 -0.9934
vn -0.50358 -0.09914 -0.85824
vn -0.70711 -0.08112 -0.70243
vn 2E-05 -0.11474 -0.9934
vn 0 -0.12187 0.99255
vn -1E-05 0.50221 0.86475
vn -1E-05 -0.12187 0.99255
vn -1E-05 -0.12187 0.99255
vn -0.70712 -0.08618 0.70183
vn 1E-05 -0.12187 0.99255
vn 1E-05 -0.12189 0.99254
vn -0 0.50044 0.86577
vn -3E-05 -0.12189 0.99254
vn 0 0.50223 0.86474
vn -0.70709 -0.08617 0.70185
vn -3E-05 -0.12188 0.99254
vn -3E-05 0.50043 0.86577
vn 0 -0.12187 0.99255
vn 0.70142 -0.2187 0.67836
vn 8E-05 -0.259 0.96588
vn 0.70847 0.04915 0.70402
vn 1E-05 -0.12187 0.99255
vn 0.70145 -0.2185 0.6784
vn -0 -0.36492 0.93104
vn -1E-05 -0.25897 0.96589
vn 0.7084 -0.04931 0.70408
vn 1E-05 -0.12188 0.99255
vn 0.04891 -0.11919 0.99167
vn -1E-05 -0.12186 0.99255
vn 0.0489 -0.11919 0.99167
vn -1E-05 -0.12186 0.99255
vn 0 0.39512 0.91863
vn -1E-05 -0.12188 0.99255
vn 0 -0.12188 0.99255
vn 0.70849 0.04914 0.70401
vn 8E-05 -0.25898 0.96588
vn 0 -0.07245 0.99737
vn 1E-05 0.39512 0.91863
vn -0 0.39512 0.91863
vn -0 -0.12187 0.99255
vn 0 -0.12187 0.99255
vn -0.71009 -0.08581 0.69886
vn 1E-05 -0.12184 0.99255
vn 1E-05 -0.12189 0.99254
vn -0.71009 -0.08579 0.69887
vn -0.70711 -0.08615 0.70184
vn 2E-05 -0.12186 0.99255
vn -3E-05 0.39513 0.91863
vn -1E-05 -0.12186 0.99255
vn -0.70711 -0.0862 0.70183
vn -1E-05 0.39619 0.91817
vn -1E-05 -0.12186 0.99255
vn -1E-05 -0.12186 0.99255
vn -0.00012 0.36443 0.93123
vn -0.73989 0.58882 0.32537
vn -3E-05 -0.12183 0.99255
vn -0.71008 -0.08579 0.69887
vn -4E-05 -0.12187 0.99255
vn -0.7399 0.58879 0.3254
vn 1E-05 0.36389 0.93144
vn 0 -0.12184 0.99255
vn 2E-05 0.39621 0.91816
vn -0.50514 -0.10518 0.8566
vn 2E-05 -0.12185 0.99255
vn -0.70709 -0.0862 0.70185
vn -0.51576 0.42846 0.7419
vn -6E-05 -0.1218 0.99255
vn -0.50516 -0.10519 0.85659
vn 1E-05 0.3962 0.91816
vn -5E-05 -0.12183 0.99255
vn 7E-05 0.75974 0.65023
vn -0.51572 0.42847 0.74192
vn 0 0.75978 0.65018
vn -2E-05 -0.12181 0.99255
vn -1 2E-05 1E-05
vn -1E-05 0.50039 0.8658
vn -1 4E-05 0
vn -0.70711 -0.08622 0.70183
vn -3E-05 0.5004 0.8658
vn -1 0 -2E-05
vn -1 1E-05 2E-05
vn 2E-05 0.50337 -0.86407
vn -1 2E-05 3E-05
vn -0.70711 0.65104 -0.27593
vn -2E-05 0.50331 -0.86411
vn -1 -2E-05 3E-05
vn -1 -0.00017 0
vn -0.76373 0.64553 1E-05
vn -1 5E-05 2E-05
vn -1 5E-05 -1E-05
vn -0.76375 0.58976 0.26241
vn -1 4E-05 2E-05
vn -1 3E-05 1E-05
vn -0.76379 0.64547 -0
vn -0.76378 0.58972 0.26242
vn -1 -4E-05 -2E-05
vn -1 4E-05 0
vn -0.76379 0.64547 1E-05
vn -1 -4E-05 0
vn -1 -4E-05 1E-05
vn -0.76379 0.64547 0
vn -1 -4E-05 2E-05
vn -1 -4E-05 0
vn -0.76377 0.64549 -2E-05
vn -0.76377 0.64549 0
vn -1 -1E-05 0
vn -1 -1E-05 0
vn -0.76376 0.58974 -0.26244
vn -1 1E-05 0
vn -1 1E-05 1E-05
vn -0.76378 0.58972 -0.26244
vn -0.76378 0.64548 -1E-05
vn -1 -4E-05 -2E-05
vn -1 1E-05 0
vn -0.76373 0.58978 -0.26243
vn -1 0.0001 -2E-05
vn -1 0.0001 -2E-05
vn -1 -0 0
vn -0.76378 0.56741 -0.3077
vn -1 -4E-05 -1E-05
vn -1 -8E-05 1E-05
vn -0.76375 0.56746 -0.30771
vn -0.76375 0.58976 -0.26244
vn -1 4E-05 -1E-05
vn -0.76372 0.5675 -0.30768
vn -1 4E-05 -1E-05
vn -1 4E-05 -0
vn -0.7071 -0.08116 -0.70244
vn -1 1E-05 1E-05
vn -1 -1E-05 2E-05
vn -1 -0 0
vn -0.97978 -0.02295 -0.19878
vn -1 2E-05 -1E-05
vn -0.7071 -0.08108 -0.70246
vn -0.97978 -0.02233 -0.19884
vn -0.92474 -0.04169 -0.3783
vn -1 -0.00072 0.00113
vn -0.64839 0.5276 -0.54885
vn -1 3E-05 -4E-05
vn -0.925 -0.04352 -0.37747
vn -0.64846 0.52749 -0.54886
vn -0.76381 0.56736 -0.30772
vn -1 -7E-05 -0
vn -0.7071 -0.08118 -0.70244
vn -1 -2E-05 2E-05
vn -1 -4E-05 2E-05
vn -0.70704 0.65113 -0.27591
vn -1 0.00011 -1E-05
vn -1 6E-05 -2E-05
vn -0.7071 0.65117 0.27566
vn -1 -1E-05 -1E-05
vn -1 -0 -2E-05
vn -0.98423 -0.02154 0.17558
vn -1 3E-05 -2E-05
vn -1 3E-05 -2E-05
vn -0.88256 -0.0573 0.4667
vn -0.83333 -0.06737 0.54866
vn -1 0 -3E-05
vn -0.7071 -0.08618 0.70184
vn -1 1E-05 2E-05
vn -0.83332 -0.06735 0.54867
vn -0.9283 -0.04533 0.36905
vn -0.88255 -0.05733 0.46671
vn -1 -5E-05 0
vn -0.98423 -0.02153 0.17555
vn -0.92832 -0.04529 0.36902
vn -1 1E-05 1E-05
vn -0.76377 0.58973 0.26245
vn -1 -1E-05 -2E-05
vn -1 -2E-05 -1E-05
vn -0.98423 -0.02187 0.17556
vn -1 0.0004 0.00051
vn -0.92847 -0.04632 0.36851
vn -0.76381 0.56776 0.307
vn -0.92831 -0.0454 0.36902
vn -1 -8E-05 1E-05
vn -0.76376 0.58974 0.26245
vn -0.76377 0.56784 0.30695
vn -1 -1E-05 -0
vn 0 0.12187 -0.99255
vn 2E-05 -0.52802 -0.84923
vn 1E-05 0.12186 -0.99255
vn -2E-05 0.12186 -0.99255
vn -0.70711 0.08617 -0.70183
vn 2E-05 0.12185 -0.99255
vn 2E-05 0.12189 -0.99254
vn 2E-05 -0.52802 -0.84923
vn 1E-05 -0.50155 -0.86513
vn -2E-05 0.12185 -0.99255
vn -0.70712 0.08617 -0.70182
vn -1E-05 0.12189 -0.99254
vn 2E-05 -0.50155 -0.86513
vn 0 0.12187 -0.99255
vn 0.7084 0.04934 -0.70408
vn 1E-05 0.12189 -0.99254
vn 0 0.12185 -0.99255
vn 0.7084 0.0493 -0.70408
vn 0.7084 0.04934 -0.70408
vn 0 0.12185 -0.99255
vn 0 -0.39669 -0.91795
vn -1E-05 0.12189 -0.99254
vn 0 0.12189 -0.99254
vn 1E-05 -0.07372 -0.99728
vn -0 0.12187 -0.99255
vn 1E-05 -0.39668 -0.91796
vn 5E-05 -0.25904 -0.96587
vn -8E-05 0.12158 -0.99258
vn -1E-05 -0.07353 -0.99729
vn 0.7014 -0.21869 -0.67839
vn -2E-05 0.12154 -0.99259
vn 5E-05 -0.25897 -0.96588
vn 0.70142 -0.2187 -0.67837
vn 0.70852 0.04908 -0.70398
vn 0 0.12151 -0.99259
vn 0 0.12187 -0.99255
vn -0.7101 0.0858 -0.69885
vn 0 0.12188 -0.99255
vn 0 0.12189 -0.99254
vn -0.49147 0.10612 -0.86441
vn 1E-05 0.12184 -0.99255
vn -0.71012 0.08577 -0.69884
vn 0 -0.39665 -0.91797
vn 1E-05 0.12184 -0.99255
vn -0.48963 0.10618 -0.86544
vn 0 -0.39628 -0.91813
vn -0 0.12186 -0.99255
vn -1E-05 0.12186 -0.99255
vn -0.74031 -0.58935 -0.32343
vn -0.71011 0.08577 -0.69884
vn 3E-05 0.12185 -0.99255
vn 1E-05 -0.36382 -0.93147
vn -1E-05 0.12185 -0.99255
vn -2E-05 -0.39628 -0.91813
vn -0.7403 -0.58939 -0.32338
vn -5E-05 0.12177 -0.99256
vn -0.0002 -0.3644 -0.93124
vn -0.50521 0.10517 -0.85657
vn -2E-05 0.12189 -0.99254
vn -0.70711 0.08622 -0.70182
vn -0.51569 -0.42847 -0.74194
vn -8E-05 0.12179 -0.99256
vn -0.5052 0.10517 -0.85657
vn 2E-05 -0.39625 -0.91814
vn -6E-05 0.12181 -0.99255
vn -4E-05 -0.75977 -0.65019
vn -0.51572 -0.42848 -0.74192
vn 0 -0.75975 -0.65021
vn -2E-05 0.12184 -0.99255
vn 0 0.12187 0.99255
vn -2E-05 -0.36196 0.9322
vn -2E-05 0.12185 0.99255
vn 1E-05 0.12185 0.99255
vn -0 0.12187 0.99255
vn -0.48956 0.10628 0.86547
vn 1E-05 0.12186 0.99255
vn 1E-05 0.12188 0.99254
vn -1E-05 -0.36196 0.93219
vn -1E-05 -0.37964 0.92513
vn 2E-05 0.12187 0.99255
vn -0.51572 -0.42844 0.74194
vn -6E-05 0.12183 0.99255
vn -2E-05 -0.37962 0.92514
vn -0.51567 -0.42847 0.74196
vn -0.48957 0.10629 0.86546
vn -6E-05 0.12183 0.99255
vn 0 0.12187 0.99255
vn -0.4816 0.10681 0.86986
vn 1E-05 0.12187 0.99255
vn 1E-05 0.12187 0.99255
vn -0.70261 0.08671 0.70627
vn 2E-05 -0.36198 0.93218
vn -2E-05 0.12185 0.99255
vn -0.70129 0.08687 0.70757
vn -0.70258 0.08666 0.70631
vn -2E-05 0.1219 0.99254
vn -0.48162 0.10681 0.86985
vn -0.70128 0.08687 0.70757
vn -2E-05 0.12185 0.99255
vn -1E-05 -0.0726 0.99736
vn -0 0.12186 0.99255
vn -0 0.12186 0.99255
vn 1E-05 -0.36491 0.93104
vn -1E-05 -0.3967 0.91795
vn 1E-05 0.12185 0.99255
vn -2E-05 -0.25935 0.96578
vn -1E-05 -0.36492 0.93104
vn 4E-05 0.12188 0.99255
vn 0 -0.07262 0.99736
vn -0 -0.25938 0.96577
vn 0 0.12184 0.99255
vn 0 0.12187 0.99255
vn 0.7084 0.04931 0.70408
vn 0 0.12184 0.99255
vn -0 0.12172 0.99256
vn 0.70847 0.04916 0.70402
vn 0 -0.07242 0.99737
vn -2E-05 0.1216 0.99258
vn 0.7084 0.04935 0.70408
vn 0.70837 0.04931 0.70412
vn 0 0.12189 0.99254
vn -2E-05 -0.50155 0.86513
vn -0 0.12186 0.99255
vn 2E-05 0.12186 0.99255
vn 0 -0.47395 0.88055
vn 1E-05 0.12187 0.99255
vn 2E-05 -0.50158 0.86511
vn 0.70839 0.04929 0.7041
vn 3E-05 0.12184 0.99255
vn 4E-05 -0.47398 0.88054
vn 0 -0.50152 0.86515
vn -2E-05 0.12189 0.99254
vn -1 3E-05 -0
vn -0.70711 0.08621 0.70183
vn -1 5E-05 3E-05
vn 0 0.12186 0.99255
vn -0.48957 0.10627 0.86547
vn -0.70711 0.0862 0.70183
vn 1E-05 0.12185 0.99255
vn -1 -1E-05 0
vn -0.76374 -0.64553 -1E-05
vn -1 -4E-05 -2E-05
vn -1 -5E-05 1E-05
vn -0.76375 -0.58976 -0.26242
vn -1 1E-05 2E-05
vn -1 2E-05 -0
vn -0.76378 -0.64547 0
vn -0.76378 -0.5897 -0.26246
vn -1 4E-05 2E-05
vn -1 -4E-05 0
vn -0.76379 -0.64547 -1E-05
vn -1 4E-05 0
vn -1 4E-05 -0
vn -1 0 0
vn -0.76379 -0.64547 0
vn -1 4E-05 -2E-05
vn -1 4E-05 0
vn -0.76377 -0.64549 2E-05
vn -0.76377 -0.64549 0
vn -1 1E-05 0
vn -1 -1E-05 0
vn -0.76376 -0.58975 0.26244
vn -1 -1E-05 -0
vn -1 -1E-05 1E-05
vn -1 0 0
vn -0.76378 -0.58972 0.26243
vn -0.76378 -0.64548 1E-05
vn -1 4E-05 1E-05
vn -1 1E-05 0
vn -0.76373 -0.58979 0.26243
vn -1 -6E-05 1E-05
vn -1 -0.00011 2E-05
vn -0.76373 -0.5688 0.30526
vn -1 -0.0001 -1E-05
vn -1 -0.0001 -0
vn -0.76378 -0.56872 0.30528
vn -0.76378 -0.58971 0.26244
vn -1 3E-05 2E-05
vn -0.76376 -0.56873 0.3053
vn -1 -1E-05 2E-05
vn -1 -2E-05 -0
vn -0.70711 0.08618 0.70184
vn -1 -2E-05 -2E-05
vn -1 2E-05 -2E-05
vn -1 0 0
vn -0.9805 0.02392 0.19504
vn -1 -2E-05 -0
vn -0.70712 0.08619 0.70182
vn -0.9805 0.02357 0.1951
vn -0.92928 0.04379 0.36678
vn -1 0.00052 -0.0006
vn -0.65508 -0.52859 0.53987
vn -1 3E-05 3E-05
vn -0.92943 0.04502 0.36624
vn -0.65511 -0.52858 0.53985
vn -0.76382 -0.56866 0.30529
vn -1 9E-05 3E-05
vn -0.70711 0.08618 0.70183
vn -1 1E-05 0
vn -1 3E-05 1E-05
vn 2E-05 -0.50159 0.8651
vn -1 0 3E-05
vn -1 0 3E-05
vn -0.70707 -0.65191 0.27396
vn -1 -2E-05 -1E-05
vn -1 -1E-05 1E-05
vn -0.70713 -0.65185 0.27395
vn 1E-05 -0.50153 0.86514
vn -1 2E-05 -3E-05
vn -0.70711 -0.65189 -0.27393
vn -1 -1E-05 1E-05
vn -1 -3E-05 2E-05
vn -2E-05 -0.50152 -0.86515
vn -1 -2E-05 3E-05
vn -1 -2E-05 3E-05
vn -0.98446 0.0214 -0.17429
vn -1 -0 -1E-05
vn -1 0 -1E-05
vn -0.70711 0.08617 -0.70183
vn -4E-05 -0.50159 -0.8651
vn -1 -1E-05 -0
vn -0.88314 0.05717 -0.46562
vn -0.83333 0.06737 -0.54866
vn -1 -1E-05 -1E-05
vn -0.7071 0.08618 -0.70184
vn -1 2E-05 -2E-05
vn -0.83333 0.06737 -0.54866
vn -0.92943 0.04498 -0.36625
vn -0.88316 0.05718 -0.46558
vn -1 0 -1E-05
vn -0.98446 0.02138 -0.17428
vn -0.92944 0.04495 -0.36624
vn -1 -3E-05 -1E-05
vn -0.76373 -0.5898 -0.26241
vn -1 -5E-05 1E-05
vn -1 -4E-05 -1E-05
vn -0.98446 0.02177 -0.17425
vn -1 -0.00049 -0.00067
vn -0.92958 0.04617 -0.36573
vn -0.76378 -0.5687 -0.30533
vn -0.92944 0.04499 -0.36623
vn -1 3E-05 -2E-05
vn -0.76379 -0.5897 -0.26244
vn -0.76379 -0.56871 -0.30528
vn -1 3E-05 1E-05
vn -0.71032 0.08577 -0.69864
vn -0.49147 0.10613 -0.8644
vn -0.71011 0.08581 -0.69884
vn -0.98034 -0.08258 -0.17919
vn -0.97318 0.02786 -0.22837
vn -0.99341 0.01388 -0.11381
vn -0 -0.36191 0.93221
vn -1E-05 -0.7597 0.65027
vn -1E-05 -0.37959 0.92515
vn -0.5157 -0.42852 0.74191
vn 0 -0.37966 0.92513
vn 3E-05 -0.75977 0.65019
vn -0.70259 0.08671 0.70629
vn 0 -0.7598 0.65016
vn 0 -0.36201 0.93218
vn -0.05326 -0.82203 0.56694
vn 3E-05 -0.75975 0.65021
vn -0.70257 0.0867 0.70631
vn -0.65505 -0.52859 0.53992
vn -1E-05 -0.75967 0.6503
vn -0.05328 -0.82195 0.56706
vn -0.51573 -0.42852 0.74188
vn 0 -0.75977 0.65019
vn -0.65506 -0.52867 0.53982
vn -0.65512 -0.52862 -0.5398
vn -0.83335 0.06739 -0.54863
vn -0.88317 0.05718 -0.46555
vn -0.50522 0.10517 -0.85656
vn -0.7071 0.08618 -0.70184
vn -0.83334 0.06736 -0.54864
vn -0.51571 -0.42847 -0.74193
vn -0.50521 0.10521 -0.85656
vn -0.83334 0.06736 -0.54865
vn -0.65503 -0.52868 -0.53984
vn -0.51567 -0.42852 -0.74192
vn -0.83332 0.06733 -0.54867
vn -0.65504 -0.52872 -0.53979
vn -0.88316 0.05706 -0.4656
vn -0.92944 0.04488 -0.36625
vn -0.7638 -0.56866 -0.30533
vn -0.6551 -0.52859 -0.53984
vn -0.92944 0.04506 -0.36622
vn -0.8866 0.05637 0.45909
vn -0.92944 0.04497 0.36622
vn -0.70709 0.08621 0.70184
vn -0.9805 0.02398 0.19505
vn -0.7071 0.08619 0.70184
vn -0.92943 0.045 0.36624
vn -0.83334 0.06728 0.54864
vn -0.8866 0.05629 0.45909
vn -0.7071 0.08612 0.70185
vn -0.48956 0.10628 0.86547
vn -0.83332 0.06738 0.54866
vn -0.7071 0.0862 0.70184
vn -0.83395 0.06642 0.54783
vn -0.92955 0.043 0.36617
vn -0.88689 0.05489 0.45871
vn -0.65508 -0.52867 0.53979
vn -0.92944 0.04494 0.36622
vn -0.83335 0.06732 0.54863
vn -0.51572 -0.42847 0.74192
vn -0.83334 0.0674 0.54864
vn -0.48954 0.10626 0.86548
vn -0.51569 -0.42853 0.74191
vn -0.655 -0.52872 0.53985
vn -0.83332 0.06732 0.54868
vn -0 -0.36382 -0.93147
vn -1E-05 -0.39628 -0.91813
vn 2E-05 -0.75974 -0.65023
vn -0.09635 -0.87242 -0.47916
vn -0.00013 -0.36408 -0.93137
vn -0.00017 -0.75961 -0.65038
vn -0.04821 -0.81779 -0.57349
vn -0.09253 -0.87301 -0.47885
vn -0.00029 -0.75874 -0.65139
vn -0.51574 -0.42847 -0.7419
vn -0.04984 -0.81798 -0.57309
vn -1E-05 -0.75973 -0.65024
vn -0.74029 -0.58935 -0.32347
vn -0.00021 -0.36432 -0.93127
vn -0.09611 -0.87257 -0.47894
vn -0.73611 -0.59335 0.32569
vn -0.16667 -0.8854 0.43393
vn -0.16668 -0.86875 0.46636
vn -0.76375 -0.58977 0.26242
vn -0.16664 -0.86878 0.46631
vn -0.16664 -0.88543 0.43388
vn -0.14721 -0.86914 0.47214
vn -0.73612 -0.59335 0.32566
vn -0.16673 -0.86874 0.46637
vn -0.76378 -0.5687 0.30533
vn -0.14723 -0.86913 0.47216
vn -0.16671 -0.86874 0.46636
vn -0.76375 -0.56875 0.30531
vn -0.16664 -0.86878 0.46632
vn -0.76376 -0.58975 0.26243
vn -0.73615 -0.59329 0.3257
vn -0.16679 -0.90081 0.4009
vn -0.16674 -0.88538 0.43395
vn -0.76377 -0.58974 0.26243
vn -0.16666 -0.88539 0.43395
vn -0.16671 -0.90083 0.4009
vn -0.73608 -0.59343 0.32562
vn -0.76373 -0.5898 0.2624
vn -0.16665 -0.90087 0.40083
vn -0.16669 -0.96448 0.20492
vn -0.1667 -0.90085 0.40086
vn -0.76379 -0.58971 0.26243
vn -0.76377 -0.64549 3E-05
vn -0.16669 -0.90084 0.40088
vn -0.16668 -0.96448 0.20492
vn -0.76376 -0.58976 0.2624
vn -0.16664 -0.90086 0.40086
vn -0.76376 -0.6455 1E-05
vn -0.16666 -0.98601 -3E-05
vn -0.16666 -0.96449 0.20492
vn -0.76374 -0.58976 0.26246
vn -0.76376 -0.6455 0
vn -0.16666 -0.98601 -2E-05
vn -0.76376 -0.58975 0.26243
vn -0.14721 -0.86916 0.47212
vn -0.09609 -0.8726 0.47889
vn -0.73609 -0.5934 0.32565
vn -0.70262 0.0867 0.70626
vn -0.73608 -0.5934 0.32568
vn -0.0961 -0.8726 0.4789
vn -0.76377 -0.56872 0.30531
vn -0.0961 -0.87258 0.47893
vn -0.14721 -0.86914 0.47215
vn -0.0533 -0.82202 0.56695
vn -0.70263 0.08679 0.70625
vn -0.09615 -0.87257 0.47893
vn -0.65509 -0.52866 0.53979
vn -0.05329 -0.82205 0.56691
vn -0.0961 -0.87261 0.47887
vn -0.65609 -0.53001 0.53725
vn -0.09603 -0.87264 0.47883
vn -0.76373 -0.56879 0.30527
vn -0.76377 -0.64549 1E-05
vn -0.16671 -0.96448 0.20491
vn -0.16666 -0.98601 2E-05
vn -0.16669 -0.98601 -2E-05
vn -0.16669 -0.98601 -2E-05
vn -0.76378 -0.64548 -0
vn -0.76381 -0.64544 0
vn -0.16674 -0.986 2E-05
vn -0.16674 -0.986 0
vn -0.76372 -0.64554 0
vn -0.16661 -0.98602 0
vn -0.76372 -0.64554 -2E-05
vn -0.76378 -0.64548 2E-05
vn -0.16669 -0.98601 0
vn -0.76378 -0.64548 2E-05
vn -0.16668 -0.96448 -0.20492
vn -0.1667 -0.98601 -2E-05
vn -0.76378 -0.64548 -2E-05
vn -0.76378 -0.58972 -0.26242
vn -0.16667 -0.98601 0
vn -0.16666 -0.96448 -0.20493
vn -0.76376 -0.6455 3E-05
vn -0.16666 -0.98601 -1E-05
vn -0.76374 -0.58978 -0.26241
vn -0.16671 -0.90084 -0.40088
vn -0.16672 -0.96448 -0.2049
vn -0.7638 -0.64545 -3E-05
vn -0.76371 -0.58983 -0.26241
vn -0.16659 -0.90087 -0.40086
vn -0.76371 -0.64556 3E-05
vn -0.7638 -0.5897 -0.26243
vn -0.16671 -0.96448 -0.20492
vn -0.16672 -0.90083 -0.4009
vn -0.16671 -0.88539 -0.43394
vn -0.16671 -0.90084 -0.40088
vn -0.76377 -0.58972 -0.26246
vn -0.76373 -0.56876 -0.30532
vn -0.16666 -0.90085 -0.40087
vn -0.16666 -0.88542 -0.43388
vn -0.76375 -0.58976 -0.26243
vn -0.16663 -0.90086 -0.40086
vn -0.76375 -0.56878 -0.30526
vn -0.74029 -0.58936 -0.32345
vn -0.16668 -0.86877 -0.46632
vn -0.76376 -0.58976 -0.26241
vn -0.16665 -0.88541 -0.43391
vn -0.76375 -0.58975 -0.26245
vn -0.16666 -0.86875 -0.46637
vn -0.74029 -0.58934 -0.32348
vn -0.1512 -0.86886 -0.4714
vn -0.16668 -0.86874 -0.46637
vn -0.76378 -0.56874 -0.30526
vn -0.16669 -0.86876 -0.46633
vn -0.15116 -0.86888 -0.47138
vn -0.76376 -0.56873 -0.3053
vn -0.1667 -0.88539 -0.43393
vn -0.1667 -0.86875 -0.46636
vn -0.74033 -0.58931 -0.32346
vn -0.09612 -0.87259 -0.47891
vn -0.15122 -0.86887 -0.47139
vn -0.76376 -0.56872 -0.30533
vn -0.15117 -0.86886 -0.47141
vn -0.09613 -0.8726 -0.47888
vn -0.51571 -0.42848 -0.74192
vn -0.09613 -0.87258 -0.47892
vn -0.0498 -0.81798 -0.57309
vn -0.65508 -0.52864 -0.53982
vn -0.09611 -0.8726 -0.47889
vn -0.5157 -0.42848 -0.74192
vn -0.76373 -0.56878 -0.30528
vn -0.09713 -0.8739 -0.4763
vn -0.65505 -0.5287 -0.5398
vn -0.9732 0.0281 0.22824
vn -0.99389 0.01352 0.10957
vn -0.7026 0.08681 0.70627
vn -0.85529 0.06313 0.51429
vn -0.9732 0.02802 0.22824
vn -0.7026 0.08674 0.70627
vn -0.70131 0.08685 0.70755
vn -0.8553 0.06312 0.51428
vn -0.7026 0.0867 0.70628
vn -0.98039 -0.08244 0.17899
vn -0.99389 0.01341 0.10958
vn -0.9732 0.02799 0.22825
vn -0.9804 -0.08238 0.17898
vn -0.9732 0.02806 0.22823
vn -0.85544 0.06321 0.51402
vn -0.0917 0.87075 -0.48311
vn -0.70271 -0.08168 -0.70677
vn -0.73466 0.59327 -0.3291
vn -0.05036 0.82278 -0.56613
vn -0.70265 -0.08173 -0.70683
vn -0.09167 0.87074 -0.48313
vn -1E-05 0.36866 -0.92956
vn -0.70272 -0.08166 -0.70677
vn -0 0.76436 -0.64479
vn -0.05047 0.82286 -0.56599
vn -5E-05 0.76444 -0.64469
vn -0.70273 -0.08161 -0.70676
vn -0.73984 0.58886 0.32539
vn -0.15087 0.86755 0.47391
vn -0.16655 0.86745 0.46882
vn -0.76375 0.56781 0.30705
vn -0.16665 0.86735 0.46897
vn -0.15088 0.86747 0.47406
vn -0.76378 0.58971 0.26245
vn -0.73994 0.58871 0.32544
vn -0.1667 0.86738 0.4689
vn -0.16665 0.88478 0.4352
vn -0.76376 0.58975 0.26243
vn -0.16665 0.86737 0.46893
vn -0.76377 0.56783 0.30695
vn -0.16667 0.88477 0.4352
vn -0.16668 0.86739 0.46889
vn -0.73991 0.58879 0.32535
vn -0.09501 0.87129 0.48149
vn -0.15095 0.86755 0.47388
vn -0.76374 0.56785 0.30699
vn -0.15088 0.86749 0.47402
vn -0.09494 0.87123 0.48162
vn -0.00019 0.36435 0.93126
vn -0.09498 0.8712 0.48165
vn -0.73993 0.58872 0.32544
vn -0.00015 0.36425 0.9313
vn -6E-05 0.75966 0.65031
vn -0.09512 0.87116 0.4817
vn -0.04961 0.81697 0.57455
vn -0.09476 0.87112 0.48184
vn -0.00091 0.75921 0.65084
vn -0.5157 0.42834 0.74201
vn -0.09501 0.87114 0.48175
vn -0.04921 0.81721 0.57424
vn -0.6534 0.5274 0.54307
vn -0.09498 0.87126 0.48154
vn -0.51574 0.42851 0.74188
vn -0.76378 0.5678 0.30698
vn -0.09612 0.87256 0.47896
vn -0.6534 0.52731 0.54314
vn -0.16667 0.88478 0.43519
vn -0.16666 0.90084 0.4009
vn -0.76377 0.58973 0.26244
vn -0.76372 0.64555 1E-05
vn -0.76372 0.58981 0.26241
vn -0.16657 0.90087 0.40085
vn -0.76379 0.56782 0.30693
vn -0.16671 0.90084 0.40088
vn -0.1667 0.88475 0.43523
vn -0.7638 0.64545 1E-05
vn -0.16671 0.90082 0.40091
vn -0.1667 0.96447 0.20497
vn -0.76378 0.58974 0.26239
vn -0.16668 0.96449 0.20488
vn -0.1667 0.90086 0.40083
vn -0.76374 0.58978 0.2624
vn -0.16662 0.90087 0.40084
vn -0.76375 0.56787 0.30694
vn -0.76377 0.64549 -2E-05
vn -0.16671 0.96449 0.20487
vn -0.16667 0.98601 -2E-05
vn -0.76375 0.58978 0.2624
vn -0.16666 0.98601 -2E-05
vn -0.16666 0.96449 0.20489
vn -0.76375 0.64551 -2E-05
vn -0.76375 0.64551 -2E-05
vn -0.16665 0.98602 -0
vn -0.76375 0.64551 0
vn -0.16665 0.98602 2E-05
vn -0.16665 0.98602 2E-05
vn -0.76381 0.64544 0
vn -0.16674 0.986 -2E-05
vn -0.1667 0.98601 0
vn -0.76373 0.64553 1E-05
vn -0.16667 0.98601 2E-05
vn -0.76375 0.58977 0.26241
vn -0.76374 0.58978 -0.26242
vn -0.76375 0.64551 4E-05
vn -0.16663 0.98602 5E-05
vn -0.76374 0.58978 -0.26243
vn -0.16663 0.98602 -5E-05
vn -0.16664 0.96449 -0.20492
vn -0.76377 0.64549 1E-05
vn -0.16671 0.96448 -0.20489
vn -0.16666 0.98601 0
vn -0.76373 0.64554 0
vn -0.16661 0.98602 0
vn -0.76373 0.64554 2E-05
vn -0.76378 0.58971 -0.26245
vn -0.16668 0.96448 -0.20494
vn -0.16669 0.90084 -0.40088
vn -0.76377 0.64549 -4E-05
vn -0.16667 0.90082 -0.40093
vn -0.16669 0.96447 -0.20495
vn -0.73465 0.59328 -0.32911
vn -0.76377 0.58974 -0.26241
vn -0.16666 0.90086 -0.40083
vn -0.73468 0.59323 -0.32913
vn -0.16668 0.90084 -0.40089
vn -0.16669 0.88447 -0.4358
vn -0.76377 0.58973 -0.26244
vn -0.1667 0.88447 -0.43581
vn -0.1667 0.90082 -0.40092
vn -0.76373 0.5898 -0.2624
vn -0.16664 0.90085 -0.40086
vn -0.76374 0.64553 4E-05
vn -0.73466 0.59325 -0.32913
vn -0.16668 0.88447 -0.43581
vn -0.16668 0.86676 -0.47005
vn -0.76378 0.58971 -0.26247
vn -0.16667 0.86675 -0.47007
vn -0.16671 0.88446 -0.43581
vn -0.14655 0.86717 -0.47595
vn -0.73463 0.59328 -0.32914
vn -0.16664 0.86677 -0.47004
vn -0.76376 0.56746 -0.30768
vn -0.14651 0.86718 -0.47595
vn -0.16665 0.86677 -0.47004
vn -0.76375 0.56745 -0.30772
vn -0.16667 0.86677 -0.47003
vn -0.76375 0.58976 -0.26244
vn -0.14654 0.86717 -0.47596
vn -0.09168 0.87076 -0.48309
vn -0.73464 0.59329 -0.32912
vn -0.76374 0.56745 -0.30774
vn -0.09164 0.87077 -0.48308
vn -0.1465 0.86717 -0.47597
vn -0.6484 0.52748 -0.54895
vn -0.05041 0.82273 -0.56619
vn -0.09163 0.87069 -0.48323
vn -0.64962 0.52901 -0.54603
vn -0.09168 0.87079 -0.48303
vn -0.76378 0.56744 -0.30765
vn -1E-05 0.36876 -0.92952
vn -1E-05 0.76445 -0.64468
vn -2E-05 0.40119 -0.916
vn -0.51571 0.43378 -0.73884
vn -1E-05 0.40109 -0.91604
vn -1E-05 0.76437 -0.64478
vn -0.64846 0.52758 -0.54877
vn -5E-05 0.76447 -0.64466
vn -0.05049 0.82288 -0.56596
vn -0.51569 0.43371 -0.73889
vn 4E-05 0.76434 -0.64481
vn -0.64839 0.52749 -0.54894
vn -0.65337 0.52744 0.54306
vn -0.83337 -0.06726 0.54861
vn -0.8826 -0.05722 0.46662
vn -0.50515 -0.10519 0.8566
vn -0.70711 -0.08617 0.70183
vn -0.83332 -0.06735 0.54867
vn -0.5157 0.42846 0.74194
vn -0.50513 -0.10519 0.85661
vn -0.83331 -0.06735 0.54869
vn -0.65342 0.52736 0.54308
vn -0.51576 0.42846 0.7419
vn -0.83336 -0.06739 0.5486
vn -0.65328 0.52737 0.54323
vn -0.88249 -0.05728 0.46683
vn -0.92826 -0.04529 0.36916
vn -0.76374 0.56788 0.30693
vn -0.65337 0.52741 0.54309
vn -0.92831 -0.04527 0.36905
vn -0.88377 -0.05369 -0.46482
vn -0.92501 -0.0436 -0.37744
vn -0.70711 -0.08115 -0.70244
vn -0.97978 -0.02296 -0.19877
vn -0.70709 -0.08116 -0.70245
vn -0.925 -0.0436 -0.37745
vn -0.83333 -0.06343 -0.54913
vn -0.88378 -0.05369 -0.46482
vn -0.70712 -0.08113 -0.70242
vn -0.50354 -0.09912 -0.85827
vn -0.83332 -0.06343 -0.54914
vn -0.70711 -0.08114 -0.70243
vn -0.83414 -0.06076 -0.54819
vn -0.92494 -0.03898 -0.37811
vn -0.88398 -0.04994 -0.46486
vn -0.64846 0.52756 -0.5488
vn -0.92502 -0.0436 -0.37741
vn -0.83336 -0.06343 -0.54907
vn -0.51569 0.43376 -0.73886
vn -0.83332 -0.06348 -0.54914
vn -0.50357 -0.09918 -0.85825
vn -0.51573 0.43372 -0.73886
vn -0.64847 0.52747 -0.54888
vn -0.83333 -0.06351 -0.54911
vn -0 0.36387 0.93145
vn 0 0.39623 0.91815
vn 0 0.75977 0.65019
vn -0.51568 0.4285 0.74193
vn -0.0492 0.81731 0.57409
vn 3E-05 0.75975 0.65021
vn 0.46896 -0.55901 0.6838
vn -1E-05 -0.47022 0.88255
vn 0.70144 -0.21848 0.67842
vn 0.77084 -0.03771 0.63591
vn 0.70841 -0.04931 0.70408
vn 0.04888 -0.11918 0.99167
vn -0.00011 0.39512 0.91863
vn 0.02823 0.39646 0.91762
vn 0.04839 -0.11922 0.99169
vn -8E-05 0.39506 0.91865
vn 0.04841 -0.11927 0.99168
vn 1E-05 -0.12194 0.99254
vn 1E-05 -0.64199 0.76672
vn 0 -0.76111 0.64863
vn -0 -0.39669 0.91795
vn 0 -0.56724 0.82355
vn -0 -0.64197 0.76673
vn 0 -0.39668 0.91796
vn 0 -0.47025 0.88253
vn 0 -0.56724 0.82355
vn 1E-05 -0.39666 0.91796
vn 0 -0.36492 0.93104
vn 0 -0.47022 0.88255
vn 0 -0.39666 0.91797
vn 0.24967 -0.71427 0.65382
vn -2E-05 -0.76114 0.64858
vn -1E-05 -0.64203 0.76668
vn 0.24966 -0.71425 0.65385
vn 0.47932 -0.72913 0.48849
vn 0 -0.76111 0.64862
vn 0.46896 -0.559 0.68381
vn 1E-05 -0.64196 0.76674
vn -1E-05 -0.56722 0.82357
vn 0.46896 -0.55897 0.68383
vn 0.24966 -0.71421 0.65389
vn 0 -0.64197 0.76673
vn 0.46896 -0.55901 0.6838
vn -0 -0.56726 0.82354
vn -0 -0.47024 0.88254
vn 0.70145 -0.21853 0.67839
vn 3E-05 -0.47024 0.88254
vn -0 -0.36493 0.93103
vn -0 0 -1
vn 1E-05 0 -1
vn -0 0 -1
vn 0 -1 -0
vn 0 -1 0
vn -1E-05 0 1
vn 1 -1E-05 0
vn 1 1E-05 0
vn 1 -1E-05 0
vn 1 0 0
vn 1 0 0
vn 0.02618 -0 0.99966
vn 0.02618 0 0.99966
vn 0.02618 0 0.99966
vn 0.01745 -0.99985 0
vn 0.00876 -0.99996 -1E-05
vn 0.00936 -0.99996 -3E-05
vn 0.02468 -0.70708 0.7067
vn 0.01745 -0.99985 -0
vn 0.01745 -0.99985 0
vn 0.01745 -0.99985 -0
vn 0.01745 -0.99985 0
vn 0.01745 -0.99985 -0
vn 0.01745 -0.99985 0
vn 0.01745 -0.99985 0
vn 0.01745 -0.99985 -0
vn 0.01745 -0.99985 0
vn 0.01745 -0.99985 -0
vn 0.01746 -0.99985 0
vn 0.01745 -0.99985 -0
vn 0.01746 -0.99985 0
vn 0.01745 -0.99985 0
vn 0.01744 -0.99985 -0
vn 0.01747 -0.99985 0
vn 0.01747 -0.99985 0
vn 0.01744 -0.99985 -0
vn 0.01739 -0.99985 -2E-05
vn 0.01745 -0.99985 0
vn 0.01746 -0.99985 0
vn 0.01744 -0.99985 0
vn 0.00873 -0.99996 0
vn 0.00873 -0.99996 0
vn 0.00873 -0.99996 0
vn 0.00873 -0.99996 -0
vn 0.00873 -0.99996 -0
vn 0.00873 -0.99996 0
vn 0.0263 -0.58619 0.80974
vn 0.02817 -0.70705 0.70661
vn 0.02615 1E-05 0.99966
vn 0.01073 -0.99695 0.0773
vn 0.00872 -0.99996 0.0001
vn 0.02467 -0.70699 0.70679
vn 0.01265 -0.98805 0.15361
vn 0.01073 -0.99696 0.07718
vn 0.02473 -0.70712 0.70667
vn 0.02137 -0.84497 0.53438
vn 0.01263 -0.98804 0.15369
vn 0.02468 -0.7071 0.70669
vn 0.02632 -0.58618 0.80975
vn 0.02136 -0.84497 0.53439
vn 0.02467 -0.70707 0.70671
vn 0.02618 -0 0.99966
vn 0.02618 0 0.99966
vn 0.02618 0 0.99966
vn 0.02618 -0 0.99966
vn 0.02631 -0.58618 0.80976
vn 0.02619 0 0.99966
vn 0.02618 0 0.99966
vn 0.02618 -0 0.99966
vn 0.02618 0 0.99966
vn 0.02617 -0 0.99966
vn 0.01742 -0.99985 1E-05
vn 0.01747 -0.99985 -0
vn 0.01744 -0.99985 0
vn 0.01745 -0.99985 -0
vn 0.01746 -0.99985 5E-05
vn 0.01745 -0.99985 0
vn 0.01745 -0.99985 0
vn 0.01745 -0.99985 0
vn 0.01745 -0.99985 0
vn 0.01745 -0.99985 -0
vn 0.01745 -0.99985 0
vn 0.04434 -0.83753 -0.54459
vn 0.01745 -0.99985 -2E-05
vn 0.01745 -0.99985 -2E-05
vn 0.05085 -0.70658 -0.70581
vn 0.01744 -0.99985 3E-05
vn 0.04435 -0.83754 -0.54457
vn 0.00873 -0.99996 0
vn 0.00873 -0.99996 -0
vn 0.0349 0.99939 0
vn 0.0349 0.99939 0
vn 0.07165 0.70563 -0.70494
vn 0.03487 0.99939 1E-05
vn 0.03489 0.99939 1E-05
vn 0.0349 -0.56915 -0.82149
vn 0.07509 0.46242 -0.88347
vn 0.05313 -0.29811 -0.95305
vn 0.0349 -0.56917 -0.82148
vn 0.0349 -0.56915 -0.82149
vn 0.07504 0.46244 -0.88347
vn 0.03493 -0.56915 -0.82149
vn 0.0349 -0.56915 -0.82149
vn 0.0349 -0.56914 -0.8215
vn 0.03491 -0.56914 -0.8215
vn 0.05408 -0.88197 -0.46819
vn 0.0349 0.99939 0
vn 0.0349 0.99939 0
vn 0.0349 0.99939 -0
vn 0.07505 0.46233 0.88353
vn 0.03492 0.99939 1E-05
vn 0.03489 0.99939 1E-05
vn 0.07501 0.46233 0.88353
vn 0.07163 0.70572 0.70486
vn 0.03492 0.99939 1E-05
vn 0.0349 -0.56915 0.82149
vn 0.05408 -0.88206 0.46802
vn 0.05409 -0.88197 0.46819
vn 0.03488 -0.56914 0.8215
vn 0.0349 -0.56915 0.82149
vn 0.0541 -0.88206 0.46802
vn 0.0349 -0.56914 0.8215
vn 0.0349 -0.56914 0.8215
vn 0.03489 -0.56914 0.8215
vn 0.03491 -0.56914 0.8215
vn 0.05314 -0.29811 0.95305
vn 0.0349 0.99939 -0
vn 0.0349 0.99939 0
vn 0.0349 0.99939 -0
vn 0.0349 0.99939 0
vn 0.07507 0.46242 -0.88348
vn 0.0349 0.99939 -0
vn 0.07164 0.70566 -0.70492
vn 0.01742 -0.99985 1E-05
vn 0.01747 -0.99985 -0
vn 0.01744 -0.99985 0
vn 0.01745 -0.99985 -0
vn 0.03084 -0.70685 -0.70669
vn 0.01746 -0.99985 3E-05
vn 0.01681 -0.99986 2E-05
vn 0.00873 -0.99996 -0
vn 0.00873 -0.99996 0
vn 0.00873 -0.99996 0
vn 0.01072 -0.99697 -0.07705
vn 0.00873 -0.99996 0.00013
vn 0.00872 -0.99996 0.00013
vn 0.01978 -0.88824 -0.45895
vn 0.02689 -0.70691 -0.7068
vn 0.00872 -0.99996 -2E-05
vn 0.01266 -0.98804 -0.15368
vn 0.01977 -0.88826 -0.45892
vn 0.00875 -0.99996 2E-05
vn 0.01097 -0.99696 -0.07716
vn 0.01265 -0.98804 -0.15369
vn 0.00873 -0.99996 -4E-05
vn 0.01744 -0.99985 -0
vn 0.00873 -0.99996 0
vn 0.01746 -0.99985 0
vn 0.05086 -0.70657 0.70582
vn 0.01743 -0.99985 2E-05
vn 0.01747 -0.99985 2E-05
vn 0.01745 -0.99985 -0
vn 0.01745 -0.99985 0
vn 0.01745 -0.99985 0
vn 0.01745 -0.99985 -0
vn 0.01745 -0.99985 -0
vn 0.01745 -0.99985 0
vn 0.01745 -0.99985 0
vn 0.01745 -0.99985 0
vn 0.01745 -0.99985 -0
vn 0.01746 -0.99985 0
vn 0.01745 -0.99985 -0
vn 0.01746 -0.99985 0
vn 0.01745 -0.99985 0
vn 0.01744 -0.99985 -0
vn 0.01747 -0.99985 0
vn 0.01747 -0.99985 0
vn 0.01744 -0.99985 -0
vn 0.01739 -0.99985 -1E-05
vn 0.05085 -0.70656 0.70582
vn 0.05063 -0.71682 0.69541
vn 0.01745 -0.99985 -2E-05
vn 0.01746 -0.99985 5E-05
vn 0.01746 -0.99985 2E-05
vn 0.01745 -0.99985 0
vn 0.01745 -0.99985 0
vn 0.01745 -0.99985 0
vn 0.01745 -0.99985 -0
vn 0.02616 -0.70691 -0.70682
vn 0.01743 -0.99985 -2E-05
vn 0.03084 -0.70681 -0.70673
vn -0.9962 0.08711 1E-05
vn -0.9962 0.08715 1E-05
vn 0.00393 0.08716 -0.99619
vn -2E-05 0.08714 0.9962
vn -0.0039 0.08716 0.99619
vn -0.99619 0.08716 -1E-05
vn -0.9962 0.08713 -1E-05
vn 1E-05 0.08713 0.9962
vn -0.99619 0.08716 -1E-05
vn 2E-05 0.08714 -0.9962
vn 0.0039 0.08716 -0.99619
vn 0.99619 0.08716 1E-05
vn -1E-05 0.08713 -0.9962
vn -0.99619 0.08715 -1E-05
vn 0.00392 0.08719 -0.99618
vn 0.9962 0.08711 -1E-05
vn 0.9962 0.08715 -1E-05
vn -0.00393 0.08716 0.99619
vn -1E-05 0.08713 -0.9962
vn 0.99619 0.08716 1E-05
vn 0.9962 0.08713 1E-05
vn 1E-05 0.08713 0.9962
vn 0.99619 0.08715 1E-05
vn -0.00392 0.08719 0.99618
vn -0.9962 0.08711 1E-05
vn -0.9962 0.08715 1E-05
vn 0.00393 0.08716 -0.99619
vn -2E-05 0.08714 0.9962
vn -0.0039 0.08716 0.99619
vn -0.99619 0.08715 -1E-05
vn -0.9962 0.08713 -1E-05
vn 1E-05 0.08713 0.9962
vn -0.99619 0.08716 -1E-05
vn 2E-05 0.08714 -0.9962
vn 0.0039 0.08716 -0.99619
vn 0.99619 0.08716 1E-05
vn -1E-05 0.08712 -0.9962
vn -0.99619 0.08715 -1E-05
vn 0.00392 0.08719 -0.99618
vn 0.9962 0.08711 -1E-05
vn 0.9962 0.08715 -1E-05
vn -0.00393 0.08715 0.99619
vn -1E-05 0.08713 -0.9962
vn 0.99619 0.08716 1E-05
vn 0.9962 0.08713 1E-05
vn 1E-05 0.08713 0.9962
vn 0.99619 0.08715 1E-05
vn -0.00392 0.08719 0.99618
vn -2E-05 0.08714 0.9962
vn -0.0039 0.08716 0.99619
vn -0.99619 0.08716 -1E-05
vn -0.9962 0.08713 -1E-05
vn 1E-05 0.08713 0.9962
vn -0.99619 0.08716 -1E-05
vn 1E-05 0.08712 0.9962
vn 0.99619 0.08715 1E-05
vn -0.00392 0.08719 0.99618
vn -0.9962 0.08711 1E-05
vn -0.9962 0.08715 1E-05
vn 0.00393 0.08715 -0.99619
vn -2E-05 0.08714 0.9962
vn -0.0039 0.08716 0.99619
vn -0.99619 0.08716 -1E-05
vn -0.9962 0.08713 -1E-05
vn 1E-05 0.08713 0.9962
vn -0.99619 0.08716 -1E-05
vn 2E-05 0.08714 -0.9962
vn 0.0039 0.08716 -0.99619
vn 0.99619 0.08715 1E-05
vn -1E-05 0.08713 -0.9962
vn -0.99619 0.08715 -1E-05
vn 0.00392 0.08719 -0.99618
vn 0.9962 0.08711 -1E-05
vn 0.9962 0.08715 -1E-05
vn -0.00393 0.08716 0.99619
vn -1E-05 0.08713 -0.9962
vn 0.99619 0.08716 1E-05
vn 0.9962 0.08713 1E-05
vn 1E-05 0.08713 0.9962
vn 0.99619 0.08715 1E-05
vn -0.00392 0.08719 0.99618
vn 0.00393 0.08715 -0.99619
vn -2E-05 0.08714 0.9962
vn -0.0039 0.08716 0.99619
vn -0.99619 0.08716 -1E-05
vn 2E-05 0.08714 -0.9962
vn 0.0039 0.08716 -0.99619
vn 0.99619 0.08716 1E-05
vn -1E-05 0.08712 -0.9962
vn -0.99619 0.08715 -1E-05
vn 0.00392 0.08719 -0.99618
vn -1E-05 0.08713 -0.9962
vn 0.99619 0.08716 1E-05
vn 0.9962 0.08713 1E-05
vn 1E-05 0.08712 0.9962
vn 0.99619 0.08715 1E-05
vn -0.00392 0.08719 0.99618
vn 0.00873 -0.99996 0
vn 0.00873 -0.99996 0
vn 0.00873 -0.99996 -0
vn 0.00873 -0.99996 0
vn 0.00873 -0.99996 0
vn 0.00873 -0.99996 0
vn 0.00872 -0.99996 -0.00038
vn 0.00872 -0.99996 -0.00038
vn 0.00872 -0.99996 -0.00038
vn 0.00873 -0.99996 -1E-05
vn 0.00873 -0.99996 -0
vn 0.00873 -0.99996 0
vn 0.00873 -0.99996 -0
vn 0.00873 -0.99996 0
vn 0.00873 -0.99996 0
vn 0.00873 -0.99996 0
vn 0.00873 -0.99996 0
vn 0.00873 -0.99996 0
vn 0.00873 -0.99996 0
vn 0.00873 -0.99996 0
vn 0.00873 -0.99996 -0
vn 0.00873 -0.99996 -1E-05
vn 0.00873 -0.99996 0
vn 0.00873 -0.99996 0
vn 0.00873 -0.99996 -0
vn 0.00873 -0.99996 0
vn 0.00873 -0.99996 0
vn 0.00873 -0.99996 -0
vn 0.00873 -0.99996 -0
vn 0.00873 -0.99996 0
vn 0.00873 -0.99996 -0
vn 0.00873 -0.99996 0
vn 0.00873 -0.99996 0
vn 0.00873 -0.99996 -0
vn 0.00873 -0.99996 -0
vn 0.00873 -0.99996 -0
vn 0.00873 -0.99996 0
vn 0.00873 -0.99996 0
vn 0.00873 -0.99996 -0
vn 0.00873 -0.99996 0
vn 0.00873 -0.99996 -0
vn 0.02618 0 -0.99966
vn 0.03085 -0.70682 -0.70672
vn 0.02615 -1E-05 -0.99966
vn 0.02781 1E-05 -0.99961
vn 0.02618 0 -0.99966
vn 0.02618 -0 -0.99966
vn 0.03112 -0.42503 -0.90465
vn 0.02617 -2E-05 -0.99966
vn 0.03085 -0.70683 -0.70671
vn 0.02618 0.2631 -0.96441
vn 0.02618 0.22979 -0.97289
vn 0.02618 0.2289 -0.9731
vn 0.02618 0.2631 -0.96441
vn 0.02621 0.27614 -0.96076
vn 0.02617 0.22981 -0.97288
vn 0.02618 0.4949 -0.86856
vn 0.02618 0.22982 -0.97288
vn 0.02617 0.27617 -0.96075
vn 0.02618 0 -0.99966
vn 0.02618 0.26312 -0.96441
vn 0.02618 0.22888 -0.9731
vn 0.02618 0.22799 -0.97331
vn 0.02618 -0 -0.99966
vn 0.02467 -0.70691 -0.70688
vn 0.02615 -2E-05 -0.99966
vn 0.02463 -3E-05 -0.9997
vn 0.02618 0 -0.99966
vn 0.02618 0 -0.99966
vn 0.02622 -0 -0.99966
vn 0.02617 0 -0.99966
vn 0.02524 -0.67356 -0.73871
vn 0.02618 2E-05 -0.99966
vn 0.02469 -0.70691 -0.70687
vn 0.02618 0 -0.99966
vn 0.03104 -0.41052 -0.91132
vn 0.02617 1E-05 -0.99966
vn 0.02618 1E-05 -0.99966
vn 0.02618 0 -0.99966
vn 0.02618 -0 -0.99966
vn 0.03142 -0.58124 -0.81312
vn 0.02686 -0.70692 -0.70679
vn 0.02616 -2E-05 -0.99966
vn 0.03102 -0.41051 -0.91133
vn 0.03144 -0.58125 -0.81312
vn 0.02623 1E-05 -0.99966
vn 0.02617 0.62978 -0.77633
vn 0.02619 0.22764 -0.97339
vn 0.02618 0.22465 -0.97409
vn 0.02619 0.26268 -0.96453
vn 0.02617 0.22763 -0.9734
vn 0.02618 0.62978 -0.77633
vn 0.02617 0.62977 -0.77634
vn 0.02617 0.22468 -0.97408
vn 0.02616 0.22183 -0.97473
vn 0.02618 0.62979 -0.77633
vn 0.02618 0.49491 -0.86855
vn 0.02618 0.27617 -0.96075
vn 0.02618 0.2627 -0.96452
vn 0.02615 0.62979 -0.77632
vn 0.02618 0.27617 -0.96075
vn 0.02618 0.62978 -0.77634
vn 0.02617 0.71982 -0.69367
vn 0.02617 0.49491 -0.86855
vn 0.02616 0.7658 -0.64254
vn 0.02619 0.74356 -0.66815
vn 0.02614 0.71977 -0.69372
vn 0.0452 0.99236 0.11483
vn 0.02614 0.71983 -0.69366
vn 0.02616 0.74362 -0.66809
vn 0.02618 0.62979 -0.77633
vn 0.02617 0.76586 -0.64248
vn 0.02618 0.71983 -0.69365
vn 0.0471 0.99401 0.09862
vn 0.02615 0.7198 -0.69368
vn 0.04521 0.99236 0.1148
vn 0.04518 0.99236 0.1148
vn 0.0262 0.74363 -0.66808
vn 0.02794 0.76579 -0.64249
vn 0.02617 0.62977 -0.77634
vn 0.02618 0.77188 -0.63522
vn 0.02618 0.76586 -0.64248
vn 0.02617 0.62978 -0.77633
vn 0.02617 0.78373 -0.62055
vn 0.02616 0.77189 -0.63522
vn 0.02613 0.88594 -0.46306
vn 0.02609 0.79544 -0.60547
vn 0.02605 0.78366 -0.62065
vn 0.02616 0.62978 -0.77633
vn 0.02616 0.88601 -0.46292
vn 0.02618 0.78373 -0.62056
vn 0.02619 0.82603 -0.56302
vn 0.02618 0.81079 -0.58475
vn 0.02618 0.79559 -0.60527
vn 0.02621 0.85744 -0.51392
vn 0.02623 0.82596 -0.56312
vn 0.02623 0.7955 -0.60538
vn 0.02617 0.88602 -0.46291
vn 0.02612 0.85743 -0.51393
vn 0.02611 0.79546 -0.60545
vn 0.02618 0.2289 0.9731
vn 0.02618 0.22979 0.97289
vn 0.02618 0.26305 0.96443
vn 0.02618 0 0.99966
vn 0.02618 0.26307 0.96442
vn 0.02618 0.22799 0.97331
vn 0.02618 0.22888 0.9731
vn 0.02617 0.26309 0.96442
vn 0.02618 0.22978 0.97289
vn 0.02618 0.49493 0.86854
vn 0.02621 2E-05 0.99966
vn 0.02617 -2E-05 0.99966
vn 0.02618 0.22469 0.97408
vn 0.02618 0.22763 0.9734
vn 0.02618 0.26272 0.96452
vn 0.02618 0.26271 0.96452
vn 0.02618 0.22183 0.97473
vn 0.02618 0.22468 0.97408
vn 0.02618 0.49493 0.86854
vn 0.02617 0.62981 0.77631
vn 0.02618 0.22185 0.97473
vn 0.02618 0.27619 0.96075
vn 0.02617 0.4949 0.86855
vn 0.02618 0.22181 0.97474
vn 0.02618 0.26272 0.96452
vn 0.02618 0.27618 0.96075
vn 0.02618 0.22182 0.97474
vn 0.02618 0 0.99966
vn 0.02618 0 0.99966
vn 0.02618 0.85745 0.51391
vn 0.02618 0.88601 0.46293
vn 0.02614 0.62978 0.77633
vn 0.02616 0.82596 0.56312
vn 0.02616 0.85745 0.5139
vn 0.02619 0.62978 0.77633
vn 0.02618 0.80926 0.58687
vn 0.02617 0.82596 0.56312
vn 0.02619 0.62981 0.7763
vn 0.02617 0.79624 0.60442
vn 0.02618 0.80926 0.58687
vn 0.02617 0.62978 0.77633
vn 0.02619 0.78445 0.61964
vn 0.02616 0.79625 0.6044
vn 0.02617 0.62978 0.77633
vn 0.02616 0.77129 0.63595
vn 0.0262 0.78445 0.61964
vn 0.02616 0.62979 0.77632
vn 0.02618 0.76587 0.64247
vn 0.02617 0.77128 0.63596
vn 0.02619 0.62979 0.77633
vn 0.02617 0.74363 0.66808
vn 0.02618 0.76586 0.64247
vn 0.02617 0.62979 0.77633
vn 0.02618 0.71982 0.69366
vn 0.02618 0.74365 0.66805
vn 0.02618 0.62979 0.77632
vn 0.02617 0.49491 0.86855
vn 0.02617 0.71982 0.69367
vn 0.02618 0.62978 0.77633
vn 0.04712 0.99401 -0.09864
vn 0.02617 0.76588 0.64246
vn 0.0262 0.74364 0.66807
vn 0.04709 0.99401 -0.09865
vn 0.04237 0.99181 0.1205
vn 0.02617 0.76588 0.64245
vn 0.04709 0.99401 -0.09864
vn 0.02619 0.74364 0.66807
vn 0.02621 0.71981 0.69367
vn 0.02617 0.27618 0.96075
vn 0.02618 0.26309 0.96442
vn 0.02618 0.4949 0.86856
vn 0.00873 -0.99996 -0
vn 0.00873 -0.99996 -0
vn -0.08714 -0.00394 0.99619
vn -0.08718 -1E-05 0.99619
vn -0.0872 0.99619 -1E-05
vn -0.08715 0.9962 -1E-05
vn -0.08716 -0.00393 0.99619
vn -0.08714 0.9962 -1E-05
vn -0.08715 -1E-05 -0.9962
vn -0.08718 0.99619 1E-05
vn -0.08713 0.9962 1E-05
vn -0.08718 -0.99619 -1E-05
vn -0.08713 -0.9962 -1E-05
vn -0.08715 1E-05 0.9962
vn -0.08715 -0.00392 0.99619
vn -0.08716 -0.99619 0
vn -0.08713 2E-05 0.9962
vn -0.08716 0.00393 -0.99619
vn -0.08714 -0.9962 1E-05
vn -0.08715 -0.9962 1E-05
vn -0.08714 0.00394 -0.99619
vn -0.08718 1E-05 -0.99619
vn -0.0872 -0.99619 1E-05
vn -0.08715 0.00392 -0.99619
vn -0.08716 0.99619 -0
vn -0.08713 -2E-05 -0.9962
vn -0.08714 -0.9962 1E-05
vn -0.08715 -0.9962 1E-05
vn -0.08716 0.00393 -0.99619
vn -0.08712 1E-05 0.9962
vn -0.08715 -0.00392 0.99619
vn -0.08716 -0.99619 0
vn -0.08713 -0.9962 -1E-05
vn -0.08715 1E-05 0.9962
vn -0.08718 -0.99619 -1E-05
vn -0.08712 -1E-05 -0.9962
vn -0.08715 0.00392 -0.99619
vn -0.08716 0.99619 -0
vn -0.08718 1E-05 -0.99619
vn -0.0872 -0.99619 1E-05
vn -0.08714 0.00394 -0.99619
vn -0.08714 0.9962 -1E-05
vn -0.08715 0.9962 -1E-05
vn -0.08716 -0.00393 0.99619
vn -0.08715 -1E-05 -0.9962
vn -0.08718 0.99619 1E-05
vn -0.08713 0.9962 1E-05
vn -0.08718 -1E-05 0.99619
vn -0.0872 0.99619 -1E-05
vn -0.08714 -0.00394 0.99619
vn -0.08715 -0.9962 1E-05
vn -0.08716 0.00393 -0.99619
vn -0.08713 2E-05 0.9962
vn -0.08715 -0.00392 0.99619
vn -0.08716 -0.99619 0
vn -0.08713 -0.9962 -1E-05
vn -0.08715 1E-05 0.9962
vn -0.08718 -0.99619 -1E-05
vn -0.08713 -2E-05 -0.9962
vn -0.08715 0.00392 -0.99619
vn -0.08716 0.99619 -0
vn -0.08718 1E-05 -0.99619
vn -0.0872 -0.99619 1E-05
vn -0.08714 0.00394 -0.99619
vn -0.08715 0.9962 -1E-05
vn -0.08716 -0.00393 0.99619
vn -0.08715 -1E-05 -0.9962
vn -0.08718 0.99619 1E-05
vn -0.08713 0.9962 1E-05
vn -0.08718 -1E-05 0.99619
vn -0.0872 0.99619 -1E-05
vn -0.08714 -0.00394 0.99619
vn 0.0541 -0.88204 -0.46807
vn 0.05656 -0.88182 -0.46818
vn 0.06121 -0.99812 0
vn 0.0349 -0.56918 -0.82147
vn 0.05408 -0.88197 -0.46819
vn 0.0541 -0.88206 -0.46802
vn 0.06122 -0.99812 0
vn 0.05872 -0.99827 1E-05
vn 0.05409 -0.88197 0.46819
vn 0.05408 -0.88206 -0.46803
vn 0.06119 -0.99813 -1E-05
vn 0.0612 -0.99813 -1E-05
vn 0.06122 -0.99812 1E-05
vn 0.05407 -0.88197 0.4682
vn 0.05408 -0.88206 0.46803
vn 0.07505 0.46242 -0.88348
vn 0.07275 0.70559 -0.70487
vn 0.06654 0 -0.99778
vn 0.07506 0.46246 -0.88346
vn 0.06653 2E-05 -0.99778
vn 0.05314 -0.2981 -0.95305
vn 0.03494 -0.56915 0.82149
vn 0.05426 -0.29809 0.95299
vn 0.06653 -3E-05 0.99778
vn 0.07506 0.46234 0.88352
vn 0.07172 -0.00018 0.99742
vn 0.07165 0.7057 0.70488
vn 0.07507 0.46232 0.88353
vn 0.03489 -0.56916 0.82149
vn 0.06653 2E-05 0.99778
vn 0.0349 0.56915 0.82149
vn 0.04688 0.29632 0.95394
vn 0.03489 0.56915 0.82149
vn 0.03491 0.56915 0.82149
vn 0.04707 0.99401 0.09863
vn 0.03492 0.56913 0.82151
vn 0.0349 0.56913 0.82151
vn 0.04708 0.99401 0.09863
vn 0.04648 0.98946 0.13715
vn 0.03489 0.56917 0.82148
vn 0.0349 0.56915 0.82149
vn 0.0471 0.99401 0.09858
vn 0.0349 0.56916 0.82148
vn 0.03951 0.56897 0.82141
vn 0.0349 0.56915 0.82149
vn 0.0349 0.56915 0.82149
vn 0.04682 0.29813 0.95338
vn 0.0349 0.56913 0.8215
vn 0.0469 0.29634 0.95393
vn 0.0349 0.56915 -0.82149
vn 0.04438 0.87549 -0.48119
vn 0.03488 0.56915 -0.8215
vn 0.03505 0.56914 -0.82149
vn 0.0349 0.56915 -0.82149
vn 0.04683 0.29813 -0.95338
vn 0.03491 0.56913 -0.8215
vn 0.03489 0.56913 -0.82151
vn 0.0349 0.56915 -0.82149
vn 0.0349 0.56915 -0.82149
vn 0.0349 0.56915 -0.82149
vn 0.0545 -2E-05 -0.99851
vn 0.05315 -0.42477 -0.90374
vn 0.03493 0.56914 -0.8215
vn 0.04669 0.2981 -0.95339
vn 0.05449 2E-05 -0.99851
vn 0.03494 0.56916 -0.82148
vn 0.04438 0.8755 -0.48118
vn 0.03492 0.56916 -0.82149
vn 0.0349 0.56916 -0.82149
vn 0.04438 0.8755 -0.48118
vn 0.0454 0.98754 -0.1507
vn 0.03491 0.56915 -0.82149
vn 0.0426 0.9942 -0.09871
vn 0.03492 0.56916 -0.82149
vn 0.04539 0.98754 -0.15069
vn -0.08714 -0.00011 0.9962
vn -0.08719 -2E-05 0.99619
vn -0.08714 0.9962 -2E-05
vn -0.08716 0.99619 1E-05
vn -0.08715 -0.00013 0.9962
vn -0.08713 0.9962 1E-05
vn -0.0872 -1E-05 -0.99619
vn -0.08711 0.9962 1E-05
vn -0.08713 0.9962 1E-05
vn -0.08711 -0.9962 -1E-05
vn -0.08713 -0.9962 -1E-05
vn -0.0872 1E-05 0.99619
vn -0.08717 -0.00015 0.99619
vn -0.08715 -0.9962 2E-05
vn -0.08718 -1E-05 0.99619
vn -0.08715 0.00013 -0.99619
vn -0.08713 -0.9962 -1E-05
vn -0.08716 -0.99619 -1E-05
vn -0.08714 0.00011 -0.9962
vn -0.08719 2E-05 -0.99619
vn -0.08714 -0.9962 2E-05
vn -0.08714 0.00016 -0.9962
vn -0.08715 0.9962 3E-05
vn -0.08718 1E-05 -0.99619
vn -0.08714 -0.00011 0.9962
vn -0.08719 -2E-05 0.99619
vn -0.08714 0.9962 -2E-05
vn -0.08716 0.99619 1E-05
vn -0.08715 -0.00013 0.9962
vn -0.08713 0.9962 1E-05
vn -0.0872 -1E-05 -0.99619
vn -0.08711 0.9962 1E-05
vn -0.08713 0.9962 1E-05
vn -0.08711 -0.9962 -1E-05
vn -0.08713 -0.9962 -1E-05
vn -0.0872 1E-05 0.99619
vn -0.08717 -0.00015 0.99619
vn -0.08715 -0.9962 -3E-05
vn -0.08718 -1E-05 0.99619
vn -0.08715 0.00013 -0.9962
vn -0.08713 -0.9962 -1E-05
vn -0.08716 -0.99619 -1E-05
vn -0.08714 0.00011 -0.9962
vn -0.08719 2E-05 -0.99619
vn -0.08714 -0.9962 2E-05
vn -0.08717 0.00016 -0.99619
vn -0.08715 0.9962 3E-05
vn -0.08718 1E-05 -0.99619
vn -0.08714 -0.00011 0.9962
vn -0.08719 -2E-05 0.99619
vn -0.08714 0.9962 -2E-05
vn -0.08716 0.99619 1E-05
vn -0.08715 -0.00013 0.9962
vn -0.08713 0.9962 1E-05
vn -0.0872 -1E-05 -0.99619
vn -0.08711 0.9962 1E-05
vn -0.08713 0.9962 1E-05
vn -0.08711 -0.9962 -1E-05
vn -0.08713 -0.9962 -1E-05
vn -0.0872 1E-05 0.99619
vn -0.08714 -0.00015 0.9962
vn -0.08715 -0.9962 -3E-05
vn -0.08718 -1E-05 0.99619
vn -0.08715 0.00013 -0.9962
vn -0.08713 -0.9962 -1E-05
vn -0.08716 -0.99619 -1E-05
vn -0.08714 0.00012 -0.9962
vn -0.08719 2E-05 -0.99619
vn -0.08714 -0.9962 2E-05
vn -0.08717 0.00016 -0.99619
vn -0.08715 0.9962 -2E-05
vn -0.08718 1E-05 -0.99619
vn 0.03144 -0.58124 -0.81312
vn 0.03084 -0.70684 -0.7067
vn 0.03085 -0.70684 -0.7067
vn 0.01977 -0.88827 -0.4589
vn 0.02522 -0.67355 -0.73871
vn 0.02468 -0.70694 -0.70685
vn 0.03143 -0.58125 -0.81312
vn 0.03111 -0.42503 -0.90464
vn 0.03084 -0.70683 -0.70672
vn 0.05447 0 0.99852
vn 0.05449 0 0.99851
vn 0.05047 -0.71684 0.69541
vn 0.05197 -0.70653 0.70578
vn 0.05449 -1E-05 0.99851
vn 0.05044 -0.71685 0.6954
vn 0.04682 0.29811 0.95338
vn 0.04689 0.29632 0.95394
vn 0.05449 -2E-05 0.99851
vn 0.0545 -1E-05 0.99851
vn 0.04683 0.29812 0.95338
vn 0.0545 -1E-05 0.99851
vn 0.05086 -0.70656 -0.70582
vn 0.04325 -0.83755 -0.54464
vn 0.05674 -0.42468 -0.90356
vn 0.05541 -0 -0.99846
vn 0.05086 -0.70658 -0.7058
vn 0.05672 -0.42469 -0.90356
vn 0.0471 0.99402 0.09853
vn 0.04518 0.99237 0.11473
vn 0.04532 0.98952 0.13709
vn 0.04709 0.99401 -0.09863
vn 0.04619 0.9875 -0.15068
vn 0.04236 0.99181 0.12052
vn 0.70712 0.7071 3E-05
vn -1E-05 1 -1E-05
vn -1E-05 1 -2E-05
vn -0.70711 0.7071 -3E-05
vn 1E-05 1 1E-05
vn 1E-05 1 2E-05
vn 0 0 1
vn -0 0 1
vn -0.70712 0.7071 -1E-05
vn -0.70712 0.7071 -2E-05
vn 1E-05 1 3E-05
vn -0 0 -1
vn 0 0 -1
vn 0.70712 0.7071 2E-05
vn -1E-05 1 -3E-05
vn 0.70712 0.7071 1E-05
vn 0.70712 0.7071 3E-05
vn -1E-05 1 -1E-05
vn -1E-05 1 -2E-05
vn -0.70712 0.7071 -3E-05
vn 1E-05 1 1E-05
vn 1E-05 1 2E-05
vn -0.70712 0.7071 -2E-05
vn 1E-05 1 3E-05
vn -0.70712 0.7071 -1E-05
vn 0 0 -1
vn -0 0 -1
vn 0.70712 0.7071 1E-05
vn 0.70712 0.7071 2E-05
vn -1E-05 1 -3E-05
vn 0.02942 -1E-05 -0.99957
vn -0.6752 -2E-05 -0.73763
vn -0.6752 -2E-05 -0.73763
vn -0.38109 -0.00286 -0.92453
vn -0.67521 1E-05 -0.73763
vn -0.67521 0 -0.73763
vn -0.39017 0.00138 -0.92074
vn -0.67523 0 -0.73761
vn -0.3811 -0.00284 -0.92453
vn 0.02942 3E-05 -0.99957
vn -0.6752 -1E-05 -0.73763
vn -0.6752 -2E-05 -0.73763
vn -0.38109 -0.00284 -0.92453
vn -0.67521 -1E-05 -0.73763
vn -0.6751 0 -0.73772
vn 0.02948 2E-05 -0.99957
vn -0.34829 -2E-05 -0.93739
vn -0.67524 -1E-05 -0.7376
vn -0.60974 -0.42744 -0.66747
vn -0.67468 0 -0.73811
vn -0.34831 -1E-05 -0.93738
vn -0.60975 -0.42748 -0.66744
vn -0.6619 -0.19397 -0.72406
vn -0.67463 -4E-05 -0.73816
vn -0.33008 -0.39945 -0.85527
vn -0.6751 0 -0.73773
vn -0.66203 -0.19412 -0.7239
vn -0.33009 -0.39949 -0.85525
vn -0.38148 -0.00281 -0.92437
vn -0.6751 -1E-05 -0.73772
vn 0.02942 -0 -0.99957
vn 0.02957 -0 -0.99956
vn -0.3483 -0 -0.93738
vn 2E-05 -0.84971 -0.52725
vn -0.34827 -0 -0.93739
vn 0.02953 0 -0.99956
vn -0.18944 -0.84971 -0.49203
vn -0.34827 2E-05 -0.93739
vn 3E-05 -0.84971 -0.52725
vn -0.35713 -0.84629 -0.39529
vn -0.34827 -0 -0.9374
vn -0.18944 -0.84972 -0.49203
vn -0.60243 -0.44881 -0.66004
vn -0.60973 -0.42748 -0.66745
vn -0.34831 -1E-05 -0.93738
vn -0.5944 -0.47162 -0.65135
vn -0.60243 -0.44886 -0.66
vn -0.34834 -0.00013 -0.93737
vn -0.47015 -0.71503 -0.51738
vn -0.59439 -0.47152 -0.65144
vn -0.34828 2E-05 -0.93739
vn -0.36704 -0.83717 -0.40549
vn -0.47013 -0.71507 -0.51735
vn -0.34827 -3E-05 -0.93739
vn -0.35715 -0.84625 -0.39535
vn -0.36707 -0.83713 -0.40555
vn -0.34833 7E-05 -0.93737
vn 0.71743 -2E-05 -0.69663
vn 0.7175 -0.00013 -0.69656
vn 0.02954 2E-05 -0.99956
vn 0.20177 -0.8497 -0.48713
vn 0.02958 -1E-05 -0.99956
vn 0.71748 0 -0.69658
vn 0.02944 6E-05 -0.99957
vn 0.71743 2E-05 -0.69664
vn 0.02958 1E-05 -0.99956
vn 0.20181 -0.84971 -0.48711
vn -1E-05 -0.84971 -0.52725
vn 0.02954 -1E-05 -0.99956
vn 1 1E-05 2E-05
vn 1 2E-05 2E-05
vn 0.71747 1E-05 -0.69659
vn 0.48712 -0.84971 -0.20177
vn 0.71749 -4E-05 -0.69657
vn 1 -3E-05 -0
vn 0.71744 -3E-05 -0.69662
vn 1 -2E-05 -1E-05
vn 0.71748 -3E-05 -0.69658
vn 0.37282 -0.84971 -0.37283
vn 0.71745 1E-05 -0.69661
vn 0.48711 -0.84971 -0.20179
vn 0.20175 -0.84971 -0.48712
vn 0.71747 2E-05 -0.69659
vn 0.3728 -0.84972 -0.37282
vn 0.71743 -1E-05 0.69663
vn 0.71746 0.00011 0.6966
vn 1 -1E-05 -2E-05
vn 0.52725 -0.84971 -1E-05
vn 1 0 1E-05
vn 0.71747 -2E-05 0.69659
vn 1 -1E-05 2E-05
vn 0.71744 -0 0.69662
vn 1 -0 2E-05
vn 0.4871 -0.84972 -0.20179
vn 1 -2E-05 3E-05
vn 0.52723 -0.84972 1E-05
vn 0.71742 -2E-05 0.69664
vn 0.02953 -0.00011 0.99956
vn 0.71749 -2E-05 0.69657
vn 0.3728 -0.84972 0.37283
vn 0.71749 1E-05 0.69657
vn 0.0295 -2E-05 0.99956
vn 0.48712 -0.8497 0.20179
vn 0.7175 -1E-05 0.69655
vn 0.37284 -0.8497 0.37282
vn 0.52724 -0.84971 -6E-05
vn 0.7175 -3E-05 0.69656
vn 0.48711 -0.84972 0.20173
vn 0.02941 -0 0.99957
vn -0.34831 1E-05 0.93738
vn 0.02956 -0 0.99956
vn 2E-05 -0.84969 0.52728
vn 0.02959 1E-05 0.99956
vn -0.3483 3E-05 0.93738
vn 0.71742 -6E-05 0.69664
vn 0.02943 0 0.99957
vn 0.02953 0 0.99956
vn 0.20173 -0.84971 0.48713
vn 0.02952 -0 0.99956
vn 1E-05 -0.84971 0.52725
vn 0.37282 -0.84968 0.37288
vn 0.02956 -2E-05 0.99956
vn 0.20183 -0.84968 0.48713
vn -0.67522 -1E-05 0.73762
vn -0.67522 1E-05 0.73762
vn -0.34829 -0 0.93739
vn -0.18944 -0.84971 0.49204
vn -0.3483 -2E-05 0.93738
vn -0.67508 -1E-05 0.73774
vn -0.67522 1E-05 0.73762
vn -0.67522 1E-05 0.73762
vn -0.34829 1E-05 0.93739
vn 0.02944 0 0.99957
vn -0.67521 -2E-05 0.73762
vn -0.34829 -1E-05 0.93739
vn 2E-05 -0.84971 0.52725
vn -0.34827 1E-05 0.93739
vn -0.18945 -0.84972 0.49203
vn -0.38115 -0.00281 0.92451
vn -0.67511 0 0.73772
vn -0.67522 1E-05 0.73762
vn -0.18944 -0.8497 0.49205
vn -0.6751 -2E-05 0.73772
vn -0.3536 -0.8497 0.39112
vn -0.49121 -0.68343 0.54004
vn -0.35353 -0.84973 0.39111
vn -0.67509 -5E-05 0.73774
vn -0.62744 -0.36696 0.68677
vn -0.60862 -0.43009 0.66678
vn -0.67516 2E-05 0.73767
vn -0.49117 -0.68345 0.54005
vn -0.67512 4E-05 0.73771
vn -0.60866 -0.43013 0.66672
vn -0.64355 -0.30022 0.70407
vn -0.62751 -0.36689 0.68675
vn -0.67508 -4E-05 0.73775
vn -0.38145 -0.00277 0.92439
vn -0.64357 -0.3001 0.7041
vn -0.67512 1E-05 0.7377
vn -2E-05 -3E-05 1
vn -0.67521 -1E-05 0.73763
vn -0.67521 -1E-05 0.73763
vn -2E-05 3E-05 1
vn -0.67521 -3E-05 0.73763
vn -2E-05 1E-05 1
vn -0.38113 -0.00283 0.92452
vn -0.67524 -4E-05 0.7376
vn -0 2E-05 1
vn -0.39025 -2E-05 0.92071
vn 2E-05 3E-05 1
vn -0.67521 -1E-05 0.73763
vn -0.04199 -0.99824 -0.04198
vn -1E-05 -0.95313 -0.30257
vn 0 -0.99824 -0.05937
vn 0.20175 -0.8497 -0.48714
vn 3E-05 -0.99824 -0.05937
vn 2E-05 -0.95313 -0.30255
vn 0.70713 -2E-05 0.70708
vn -0.04193 -0.99824 -0.042
vn -4E-05 -0.99824 -0.05935
vn 0.20177 -0.8497 -0.48713
vn 0.37282 -0.8497 -0.37284
vn 1E-05 -0.99824 -0.05936
vn 0.04197 -0.99824 -0.04198
vn -0 -0.99824 -0.05937
vn 0.37284 -0.84971 -0.37281
vn -2E-05 -0.72779 0.6858
vn 1E-05 -0.99824 -0.05938
vn 0.04195 -0.99824 -0.042
vn 2E-05 -0.72781 0.68578
vn 0.70713 -2E-05 0.70708
vn -2E-05 -0.99824 -0.05937
vn -0.042 -0.99824 -0.04198
vn -1E-05 -0.84975 -0.52719
vn -1E-05 -0.95313 -0.30256
vn 0.20178 -0.8497 -0.48713
vn -1E-05 -0.95313 -0.30256
vn -0 -0.8497 -0.52727
vn -0.04197 -0.99824 -0.04198
vn -0.18946 -0.8497 -0.49205
vn 0 -0.8497 -0.52726
vn -0.2554 -0.92044 -0.29589
vn -0.35359 -0.8497 -0.39113
vn -0.18943 -0.8497 -0.49206
vn -0.35716 -0.84626 -0.39533
vn -0.18948 -0.84968 -0.49207
vn -0.3536 -0.84968 -0.39116
vn -0.18103 -0.9605 -0.21135
vn -0.2554 -0.92044 -0.29589
vn -0.18946 -0.8497 -0.49205
vn -0.04198 -0.99824 -0.04198
vn -0.18102 -0.9605 -0.21136
vn -0.18944 -0.84971 -0.49205
vn 1E-05 -0.81528 -0.57906
vn -0.35358 -0.84971 -0.39111
vn -0.25541 -0.92044 -0.29589
vn 1E-05 -0.73068 -0.68272
vn -0.35358 -0.84971 -0.39111
vn 1E-05 -0.81529 -0.57905
vn -0.20057 -0.81024 -0.5507
vn -0.35361 -0.84968 -0.39117
vn 1E-05 -0.73067 -0.68273
vn -0.59399 -0.47259 -0.65103
vn -0.35336 -0.84973 -0.39127
vn -0.60915 -0.42884 -0.66711
vn -0.20017 -0.81022 -0.55088
vn -0.60908 -0.42887 -0.66715
vn -0.35356 -0.84973 -0.3911
vn -0.36704 -0.83717 -0.40549
vn -0.35364 -0.84973 -0.39103
vn -0.59398 -0.47269 -0.65097
vn -0.35659 -0.84673 -0.39483
vn -0.35302 -0.85016 -0.39064
vn -0.36656 -0.83762 -0.40499
vn 0 -0.91426 -0.40512
vn -0.2554 -0.92044 -0.29591
vn -0.18105 -0.96049 -0.21137
vn 0 -0.81529 -0.57905
vn -0.25541 -0.92044 -0.29589
vn 2E-05 -0.91426 -0.40513
vn -0.04202 -0.99824 -0.04195
vn -0.13033 -0.98121 -0.14226
vn -0.18105 -0.96049 -0.21139
vn -1E-05 -0.91426 -0.40512
vn -0.18105 -0.96049 -0.21139
vn -0.13032 -0.98121 -0.14229
vn -0.04197 -0.99824 -0.04201
vn -0.08926 -0.99421 -0.05979
vn -0.1303 -0.98121 -0.14233
vn 2E-05 -0.9839 -0.17874
vn -0.13035 -0.98121 -0.14228
vn -0.08928 -0.99421 -0.05974
vn -1E-05 -0.91426 -0.40513
vn -0.13033 -0.98121 -0.14229
vn -1E-05 -0.9839 -0.17874
vn -0.05938 -0.99824 -1E-05
vn -0.07961 -0.99682 0.00179
vn -0.08928 -0.99421 -0.05976
vn -1E-05 -1 0.00277
vn -0.08928 -0.99421 -0.05976
vn -0.07961 -0.99682 0.0018
vn -0.04198 -0.99824 -0.04199
vn -0.05937 -0.99824 0
vn -0.08928 -0.99421 -0.05978
vn 1E-05 -0.9839 -0.17873
vn -0.0893 -0.99421 -0.05976
vn -1E-05 -1 0.00275
vn -0.04198 -0.99824 0.04198
vn -0.09075 -0.9938 0.06422
vn -0.07961 -0.99682 0.0018
vn 2E-05 -1 0.00276
vn -0.07961 -0.99682 0.00179
vn -0.09075 -0.9938 0.06422
vn -0.05937 -0.99824 -0
vn -0.04198 -0.99824 0.04198
vn -0.07961 -0.99682 0.0018
vn -0.04199 -0.99824 0.04198
vn -0.13381 -0.97995 0.14763
vn -0.09074 -0.9938 0.06422
vn 1E-05 -0.98272 0.18511
vn -0.09075 -0.9938 0.06421
vn -0.13382 -0.97995 0.14759
vn -2E-05 -1 0.00278
vn -0.09074 -0.9938 0.06422
vn 1E-05 -0.98272 0.18511
vn -2E-05 -0.99823 0.0594
vn -0.1856 -0.95836 0.21702
vn -0.13383 -0.97995 0.14762
vn -2E-05 -0.98272 0.18511
vn -0.13381 -0.97995 0.14761
vn -0.18564 -0.95835 0.21703
vn -0.04198 -0.99824 0.04197
vn 0 -0.99824 0.05936
vn -0.13381 -0.97995 0.14763
vn -0.18943 -0.84971 0.49204
vn -0.25907 -0.91815 0.29979
vn -0.18562 -0.95836 0.21702
vn 0 -0.91095 0.41251
vn -0.18563 -0.95835 0.21702
vn -0.25908 -0.91814 0.29981
vn -1E-05 -0.99823 0.0594
vn -0.18943 -0.84971 0.49204
vn -0.1856 -0.95836 0.21702
vn -1E-05 -0.98272 0.1851
vn -0.18563 -0.95835 0.21703
vn 4E-05 -0.91094 0.41253
vn -0.18947 -0.84971 0.49203
vn -0.35356 -0.84971 0.39114
vn -0.25909 -0.91814 0.29981
vn 2E-05 -0.816 0.57805
vn -0.25909 -0.91815 0.29977
vn -0.35358 -0.84971 0.39111
vn 0 -0.91095 0.41252
vn -0.25909 -0.91815 0.29979
vn 1E-05 -0.81602 0.57803
vn -0.20045 -0.81019 0.55083
vn -2E-05 -0.816 0.57805
vn -0.35358 -0.8497 0.39114
vn -0.33446 -0.39989 0.85336
vn -0.35359 -0.8497 0.39114
vn -0.49136 -0.68312 0.54029
vn -0.33444 -0.39987 0.85338
vn -0.20006 -0.81019 0.55098
vn -0.35359 -0.84971 0.39112
vn 1E-05 -0.95313 0.30255
vn 1E-05 -0.8497 0.52727
vn -0.18947 -0.8497 0.49205
vn 1E-05 -0.99824 0.05936
vn 1E-05 -0.95312 0.30258
vn -0.18946 -0.84969 0.49206
vn 0.042 -0.99824 0.04198
vn 1E-05 -0.84975 0.52719
vn 1E-05 -0.95313 0.30256
vn 0.04197 -0.99824 0.04198
vn 0.20178 -0.8497 0.48712
vn 1E-05 -0.8497 0.52727
vn 0.04199 -0.99824 0.04198
vn -1E-05 -0.95313 0.30256
vn -0 -0.99824 0.05937
vn -4E-05 -2E-05 -1
vn -5E-05 -0.99824 0.05935
vn -0.04194 -0.99824 0.042
vn -1 -3E-05 4E-05
vn 0.04197 -0.99824 0.04198
vn -3E-05 -0.99824 0.05937
vn -2E-05 -1E-05 -1
vn -1 2E-05 -5E-05
vn 1E-05 -0.99823 0.05941
vn -4E-05 -3E-05 -1
vn -0.04198 -0.99824 0.04197
vn -0.05937 -0.99824 -3E-05
vn 1 5E-05 5E-05
vn -0.05931 -0.99824 -3E-05
vn -0.04196 -0.99824 -0.04192
vn 1E-05 4E-05 -1
vn -0.05938 -0.99824 -2E-05
vn 1 2E-05 1E-05
vn 0.70708 -7E-05 0.70713
vn 1 -4E-05 3E-05
vn -0.04204 -0.99823 -0.04196
vn 0.04198 -0.99824 0.04197
vn 0.37283 -0.8497 0.37284
vn 0.20176 -0.8497 0.48714
vn 0.05936 -0.99824 1E-05
vn 0.48713 -0.8497 0.20177
vn 0.37284 -0.8497 0.37282
vn 0.04198 -0.99824 0.04197
vn 0.05937 -0.99824 -0
vn 0.37285 -0.8497 0.37282
vn 0.05936 -0.99824 -1E-05
vn 0.52727 -0.8497 1E-05
vn 0.48712 -0.8497 0.20179
vn 0.04198 -0.99824 -0.04197
vn 0.48712 -0.8497 -0.20178
vn 0.52727 -0.8497 -1E-05
vn 0.05936 -0.99824 -1E-05
vn 0.04198 -0.99824 -0.04198
vn 0.52725 -0.84971 3E-05
vn 0.04197 -0.99824 -0.04198
vn 0.37284 -0.8497 -0.37283
vn 0.48714 -0.8497 -0.20176
vn -0.70706 3E-05 0.70715
vn 0.042 -0.99824 -0.04192
vn 0.05935 -0.99824 -4E-05
vn -2E-05 1E-05 1
vn 0.04194 -0.99824 -0.04199
vn -0.70708 1E-05 0.70713
vn 2E-05 -0.72779 0.6858
vn 0.04198 -0.99823 -0.04201
vn -0 1E-05 1
vn -0.68583 -0.72776 -1E-05
vn 0.05933 -0.99824 -1E-05
vn 0.04196 -0.99824 0.04193
vn -0.68578 -0.72781 1E-05
vn -0.70709 -6E-05 0.70712
vn 0.05941 -0.99823 -3E-05
vn -0.68579 -0.7278 2E-05
vn 0.04201 -0.99823 0.04198
vn -1 1E-05 -0
vn -0 -0.81527 -0.57908
vn -0 -0.73077 -0.68262
vn 0 -0.73077 -0.68262
vn 1E-05 -0.41729 -0.90877
vn 1E-05 -0.73076 -0.68263
vn 1E-05 -0.73076 -0.68263
vn -0 -0.73074 -0.68266
vn -0 -0.8153 -0.57904
vn 0 -0.73077 -0.68263
vn -3E-05 -0.38342 -0.92358
vn 0.00089 -0.73065 -0.68275
vn 2E-05 -0.73075 -0.68264
vn 1E-05 -0.4173 -0.90877
vn -1E-05 -0.38401 -0.92333
vn 1E-05 -0.73077 -0.68262
vn 0 -0.81527 -0.57908
vn 0 -0.73077 -0.68262
vn -0 -0.73077 -0.68262
vn -2E-05 -0.39625 -0.91814
vn -0 -0.73075 -0.68265
vn 1E-05 -0.73075 -0.68265
vn -2E-05 -0.39624 -0.91815
vn 0 -0.41739 -0.90873
vn 1E-05 -0.73075 -0.68264
vn -1E-05 -0.91428 -0.40509
vn -1E-05 -0.93027 -0.36689
vn 0 -0.73076 -0.68264
vn 1E-05 -0.81527 -0.57908
vn -1E-05 -0.91426 -0.40513
vn 2E-05 -0.73076 -0.68264
vn -1 0 0
vn -2E-05 -0.98389 -0.17877
vn -1E-05 -1 -2E-05
vn 0 -0.93025 -0.36692
vn 0 -0.91426 -0.40512
vn -0 -0.98389 -0.17878
vn -0 -0.93025 -0.36692
vn -1 0 0
vn -1 -1E-05 0
vn -1E-05 -0.98272 0.18511
vn 1E-05 -0.93026 0.36691
vn -0 -1 -2E-05
vn 0 -1 0.00278
vn 0 -0.98272 0.18512
vn -1E-05 -1 0
vn 0 -0.98389 -0.17877
vn -0 -1 0.00277
vn 0 -1 -1E-05
vn -1E-05 -0.73078 0.68262
vn 1E-05 -0.73078 0.68262
vn 1E-05 -0.93025 0.36692
vn -1 -1E-05 0
vn -1E-05 -0.73078 0.68262
vn -0 -0.73078 0.68262
vn 1E-05 -0.93025 0.36692
vn 2E-05 -0.81604 0.578
vn 0 -0.73076 0.68263
vn -2E-05 -0.93025 0.36692
vn -0 -0.91095 0.41252
vn 1E-05 -0.81603 0.57801
vn -0 -0.93026 0.36689
vn -1E-05 -0.98272 0.18511
vn -0 -0.91095 0.41252
vn -0 -0.93027 0.36689
vn -1E-05 -0.3763 0.9265
vn -1E-05 -0.73077 0.68262
vn -1E-05 -0.73077 0.68262
vn 0 -0.39626 0.91814
vn 1E-05 -0.73077 0.68262
vn -1E-05 -0.37628 0.92651
vn -1 -0 0
vn -1E-05 -0.4051 0.91427
vn -2E-05 -0.73076 0.68263
vn -1E-05 -0.73076 0.68263
vn -1E-05 -0.3764 0.92646
vn 1E-05 -0.73076 0.68264
vn -1E-05 -0.40508 0.91428
vn -0 -0.81603 0.578
vn -0 -0.73075 0.68264
vn -0 -0.73079 0.68261
vn 0.00138 -0.72308 0.69076
vn -0 -0.73071 0.68269
vn 0.00089 -0.7306 0.68281
vn 0.00507 -0.47642 0.8792
vn 0 -0.40527 0.9142
vn -0 -0.73076 0.68264
vn 0.00275 -0.59587 0.80308
vn 0.00507 -0.47641 0.87921
vn -0 -0.73077 0.68262
vn 0.00241 -0.62973 0.77681
vn 0.00277 -0.5958 0.80313
vn 1E-05 -0.73071 0.68268
vn 0.0021 -0.6607 0.75064
vn 0.00242 -0.6298 0.77675
vn -0 -0.7308 0.68259
vn 0.00174 -0.69068 0.72316
vn 0.00207 -0.66069 0.75065
vn -0 -0.73076 0.68263
vn 0.00147 -0.71353 0.70062
vn 0.00174 -0.69067 0.72317
vn 0 -0.73078 0.68261
vn 0.00138 -0.72311 0.69074
vn 0.00147 -0.7135 0.70066
vn 0 -0.73077 0.68262
vn 0 -0.81602 0.57802
vn 0 -0.73067 0.68273
vn 0 -0.73074 0.68266
vn 0.00138 -0.72318 0.69066
vn 0.00088 -0.73069 0.68271
vn 0.00136 -0.73041 0.68301
vn -0.20045 -0.8102 0.55082
vn -0 -0.73068 0.68272
vn -1E-05 -0.81601 0.57803
vn -0.20003 -0.81022 0.55094
vn 3E-05 -0.72034 0.69362
vn -1E-05 -0.73085 0.68253
vn -0 -0.73075 -0.68264
vn 0 -0.73066 -0.68275
vn 0 -0.81528 -0.57906
vn -2E-05 -0.38339 -0.92359
vn 0.00137 -0.73036 -0.68306
vn 0.00088 -0.73063 -0.68277
vn 0.00314 -0.56554 -0.82471
vn 0.00138 -0.73036 -0.68307
vn -1E-05 -0.38337 -0.9236
vn -0.33014 -0.39947 -0.85524
vn 0 -0.73082 -0.68257
vn 0.00272 -0.56436 -0.82552
vn -0.3301 -0.39948 -0.85525
vn -0.20014 -0.81023 -0.55089
vn 0 -0.7308 -0.68259
vn 0.70711 -0 -0.70711
vn 0.70709 -0 -0.70713
vn -0 -0.70708 -0.70713
vn -0 0 -1
vn 0 0.70711 -0.7071
vn 0 0.70709 -0.70712
vn 0.70708 1E-05 -0.70713
vn -0 0.70713 -0.70709
vn 0.70711 -0 -0.7071
vn 0.7071 -0 -0.70711
vn -0 -0.70711 -0.7071
vn -0 -0.70709 -0.70712
vn -0.70708 -1E-05 -0.70713
vn 0.70713 -0 -0.70708
vn 0 -0.70711 -0.7071
vn 0 -0.70711 -0.70711
vn 0 0 -1
vn -0.7071 0 -0.70711
vn -0.70709 0 -0.70713
vn 0 0.70708 -0.70714
vn -0 0 -1
vn 0 0 -1
vn 0 -0.70713 -0.70709
vn -0.70711 0 -0.70711
vn -0.7071 0 -0.70712
vn -0 0.70711 -0.70711
vn -0.70713 0 -0.70708
vn -0 0.70712 -0.7071
vn 0 0 -1
vn -0.7071 0.70712 1E-05
vn -0.7071 0.70712 2E-05
vn -1 -1E-05 -3E-05
vn -0.7071 0.70711 3E-05
vn -1 -1E-05 -1E-05
vn -1 -1E-05 -2E-05
vn -1E-05 -0.41739 -0.90873
vn -1E-05 1E-05 -1
vn -1E-05 1E-05 -1
vn 0 -0.39623 -0.91815
vn -1E-05 -1E-05 -1
vn 2E-05 -0.41738 -0.90873
vn -1E-05 -0.38402 -0.92333
vn 1E-05 0 -1
vn -1E-05 0 -1
vn 1E-05 -0.41729 -0.90877
vn 0 -1E-05 -1
vn 1E-05 -0.384 -0.92333
vn -0 0 -1
vn 0.00548 -0.16787 -0.98579
vn 0 2E-05 -1
vn -0.00141 -2E-05 -1
vn 0.00709 -0.35534 -0.93471
vn -5E-05 -0.38338 -0.92359
vn -0 2E-05 -1
vn 0.00547 -0.16789 -0.98579
vn 0.0071 -0.35532 -0.93472
vn 3E-05 -0 -1
vn 0 0 -1
vn 0.00549 -0.16786 -0.9858
vn -0.00141 2E-05 -1
vn -0.00237 -1E-05 -1
vn -0.39017 -0.00012 -0.92074
vn 0 1E-05 -1
vn 0 1E-05 -1
vn -0.38146 -0.0028 -0.92438
vn 0.00704 -0.16924 -0.98555
vn -1E-05 0.0001 -1
vn -0.39018 -0.0001 -0.92074
vn -0.38111 -0.00285 -0.92452
vn 2E-05 -1E-05 -1
vn -0.39017 -0.00012 -0.92074
vn 0 -1E-05 -1
vn 0 0 -1
vn 0 1 0
vn 0 1 0
vn -0 1 -1E-05
vn -0 1 0
vn 0.70709 0.70712 0
vn 0.70709 0.70712 -1E-05
vn 0.70709 0.70712 0
vn 1 -0 0
vn -0 1 -0
vn 0.70712 0.70709 1E-05
vn 0.70712 0.70709 0
vn 0.70712 0.70709 -0
vn 1 -0 1E-05
vn 1 -0 0
vn 1 -1E-05 1E-05
vn 1 -1E-05 2E-05
vn 0.7071 0.70711 -3E-05
vn 0.7071 0.70712 -2E-05
vn 1 -1E-05 3E-05
vn 0.7071 0.70712 -1E-05
vn -0.7071 -0 0.70711
vn -0.70709 -0 0.70713
vn 0 -0.70708 0.70714
vn 0 0 1
vn -0 0.70711 0.7071
vn -0 0.70709 0.70712
vn -0.70708 1E-05 0.70713
vn 0 0 1
vn -0 0 1
vn 0 0.70713 0.70709
vn -0.70711 -0 0.70711
vn -0.7071 -0 0.70712
vn 0 -0.70711 0.7071
vn 0 -0.70709 0.70712
vn 0.70708 -1E-05 0.70713
vn -0.70713 -0 0.70708
vn -0 -0.70712 0.7071
vn -0 -0.70711 0.70711
vn -0 0 1
vn 0.70711 0 0.70711
vn 0.70709 0 0.70713
vn -0 0.70708 0.70713
vn -0 -0.70713 0.70709
vn 0.70711 0 0.7071
vn 0.7071 0 0.70711
vn 0 0.70711 0.70711
vn 0.70713 0 0.70708
vn 0 0.70711 0.7071
vn -1E-05 0 1
vn 0.7071 0.70711 -1E-05
vn 0.7071 0.70711 -2E-05
vn 1 -1E-05 3E-05
vn 0.7071 0.70712 -3E-05
vn 1 -1E-05 1E-05
vn 1 -1E-05 2E-05
vn 0 0 1
vn 0 1 -0
vn -1E-05 0 1
vn 0 1 0
vn -0.39026 0 0.9207
vn -1E-05 0 1
vn -1E-05 -1E-05 1
vn 0 1 -0
vn 1E-05 -0.40524 0.91421
vn -0.00239 -1E-05 1
vn -0.00143 0 1
vn 0.00547 -0.1674 0.98587
vn -0.00238 -0 1
vn -0 -0.40524 0.91421
vn -0.33447 -0.39988 0.85336
vn -1E-05 8E-05 1
vn 0.00699 -0.16876 0.98563
vn -0.33444 -0.3999 0.85336
vn -0.38148 -0.00276 0.92437
vn 0 0.00011 1
vn 2E-05 -0.40526 0.9142
vn -0.00141 0 1
vn 1E-05 -1E-05 1
vn -0 -0.37636 0.92647
vn -0 -1E-05 1
vn 1E-05 -1E-05 1
vn -0 -0.37637 0.92647
vn 1E-05 -0.40509 0.91427
vn -1E-05 0 1
vn -1E-05 -0.39624 0.91815
vn -0 1E-05 1
vn 1E-05 1E-05 1
vn 0 0 1
vn 0 -0.39625 0.91814
vn 0 -0.37627 0.92651
vn 1E-05 2E-05 1
vn -1 -2E-05 -1E-05
vn -1 -2E-05 -2E-05
vn -0.7071 0.70711 3E-05
vn -1 -1E-05 -3E-05
vn -0.7071 0.70712 1E-05
vn -0.7071 0.70712 2E-05
vn 0.00315 -0.56555 -0.82471
vn -4E-05 -0.38338 -0.92359
vn 0.00709 -0.35534 -0.93471
vn -0.33442 -0.39997 0.85334
vn -0.60924 -0.42838 0.66732
vn -0.62747 -0.36697 0.68674
vn -0.33444 -0.39989 0.85337
vn -0.49136 -0.68312 0.54029
vn -0.60927 -0.42831 0.66734
vn -0.38147 -0.00286 0.92438
vn -0.62745 -0.36695 0.68677
vn -0.64354 -0.30018 0.70409
vn -0.33443 -0.39987 0.85338
vn -0.62749 -0.36687 0.68677
vn -0.38148 -0.00276 0.92437
vn -0.33009 -0.39948 -0.85525
vn -0.66204 -0.19412 -0.7239
vn -0.60908 -0.42888 -0.66715
vn -0.59351 -0.47327 -0.65097
vn -0.60876 -0.42957 -0.66699
vn -0.60202 -0.44945 -0.65998
vn -0.33012 -0.39944 -0.85526
vn -0.60908 -0.42886 -0.66716
vn -0.20015 -0.81022 -0.55089
vn -0.36722 -0.83712 -0.40544
vn -0.59401 -0.47264 -0.65097
vn -0.47022 -0.71502 -0.51734
vn 0.0071 -0.35485 0.9349
vn 0.00548 -0.16739 0.98588
vn 1E-05 -0.40524 0.91421
vn 0.00506 -0.47639 0.87922
vn 0.0071 -0.35485 0.9349
vn 1E-05 -0.40525 0.9142
vn -0.38146 -0.00281 -0.92438
vn 0.00775 -0.35517 -0.93477
vn 0.007 -0.16926 -0.98555
vn -0.3301 -0.39945 -0.85526
vn 0.00274 -0.56435 -0.82553
vn 0.00774 -0.35517 -0.93477
vn -0.33012 -0.39948 -0.85524
vn 0.00775 -0.35519 -0.93476
vn -0.38144 -0.0028 -0.92439
vn -0.33443 -0.39988 0.85338
vn 0.00701 -0.16879 0.98563
vn 0.00776 -0.35472 0.93494
vn -0.20004 -0.8102 0.55097
vn 0.00775 -0.35472 0.93494
vn 0.00513 -0.47675 0.87903
vn -0.33447 -0.39988 0.85336
vn 0.00774 -0.35472 0.93494
vn -0.20002 -0.81021 0.55096
vn -0.20003 -0.81021 0.55095
vn 0.00513 -0.47674 0.87903
vn 0.00216 -0.5947 0.80394
vn -0.20005 -0.81022 0.55093
vn 0.00218 -0.59471 0.80394
vn 0.00165 -0.63097 0.77581
vn -0.20003 -0.81019 0.55099
vn 0.00167 -0.63092 0.77585
vn 0.00125 -0.6643 0.74747
vn -0.20006 -0.8102 0.55096
vn 0.00124 -0.66432 0.74745
vn 0.00076 -0.69063 0.72321
vn -0.20002 -0.8102 0.55097
vn 0.00076 -0.69062 0.72322
vn 0.00021 -0.7086 0.70561
vn -0.20003 -0.81019 0.55098
vn 0.00023 -0.70858 0.70563
vn 4E-05 -0.72029 0.69368
vn -0.01271 2E-05 0.99992
vn -0.02943 1E-05 0.99957
vn 0.67519 4E-05 0.73765
vn 3E-05 -2E-05 1
vn -0.0127 -2E-05 0.99992
vn 0.67524 0 0.7376
vn 0.01272 -3E-05 0.99992
vn -6E-05 1E-05 1
vn 0.67528 -1E-05 0.73757
vn 0.48895 2E-05 0.87231
vn 0.01264 2E-05 0.99992
vn 0.67524 1E-05 0.7376
vn 0.49998 -9E-05 0.86604
vn 0.489 -9E-05 0.87228
vn 0.67524 -0.00013 0.7376
vn 0.51094 9E-05 0.85961
vn 0.50006 8E-05 0.86599
vn 0.6752 8E-05 0.73764
vn 0.51094 1E-05 0.85962
vn 0.51094 -0 0.85962
vn 0.67522 -0 0.73762
vn 0.59617 1E-05 0.80286
vn 0.51094 1E-05 0.85961
vn 0.67522 1E-05 0.73762
vn 0.67522 -0 0.73761
vn 0.59617 0 0.80286
vn 0.67522 0 0.73761
vn 0.39033 4E-05 0.92067
vn 0.67522 -1E-05 0.73762
vn 0.67522 -1E-05 0.73762
vn -0.51096 -2E-05 0.8596
vn -0.71744 2E-05 0.69662
vn -0.02945 2E-05 0.99957
vn -0.50001 0 0.86602
vn -0.511 2E-05 0.85958
vn -0.02944 3E-05 0.99957
vn -0.48897 1E-05 0.8723
vn -0.49997 0 0.86604
vn -0.02941 -1E-05 0.99957
vn -0.48897 1E-05 0.8723
vn -0.48897 0 0.8723
vn -0.02941 -1E-05 0.99957
vn -0.25881 0 0.96593
vn -0.48896 1E-05 0.87231
vn -0.02941 -3E-05 0.99957
vn -0.0127 0 0.99992
vn -0.2588 1E-05 0.96593
vn -0.02943 0 0.99957
vn -1 3E-05 1E-05
vn -1 -8E-05 1E-05
vn -0.71744 -1E-05 0.69662
vn -0.99992 0 0.01273
vn -1 -0 6E-05
vn -0.7174 2E-05 0.69666
vn -0.87229 -1E-05 0.48898
vn -0.99992 -1E-05 0.01264
vn -0.71738 -2E-05 0.69668
vn -0.86604 -0.0001 0.49998
vn -0.87233 -9E-05 0.48892
vn -0.71743 -0.00014 0.69663
vn -0.85959 0.00019 0.51098
vn -0.86601 0.00019 0.50003
vn -0.71744 0.00018 0.69662
vn -0.85961 -1E-05 0.51095
vn -0.85961 0 0.51095
vn -0.71742 -1E-05 0.69664
vn -0.7071 0 0.70712
vn -0.85961 -1E-05 0.51095
vn -0.71742 -0 0.69664
vn -0.51096 -1E-05 0.85961
vn -0.7071 -0 0.70711
vn -0.71743 -1E-05 0.69664
vn -0.85962 0 -0.51093
vn -0.71739 -1E-05 -0.69667
vn -1 1E-05 -8E-05
vn -0.86603 -1E-05 -0.49999
vn -0.85959 -0 -0.51098
vn -1 -2E-05 -7E-05
vn -0.8723 -2E-05 -0.48896
vn -0.86601 -3E-05 -0.50003
vn -1 0 8E-05
vn -0.8723 -1E-05 -0.48897
vn -0.8723 0 -0.48897
vn -1 2E-05 2E-05
vn -0.96592 -3E-05 -0.25882
vn -0.87232 -2E-05 -0.48894
vn -1 -2E-05 4E-05
vn -0.99992 -1E-05 -0.01271
vn -0.96593 3E-05 -0.25879
vn -1 3E-05 -3E-05
vn -1 2E-05 -1E-05
vn -0.99992 2E-05 -0.01266
vn -1 2E-05 -1E-05
vn -0.48897 -0 -0.8723
vn -0.02941 -1E-05 -0.99957
vn -0.71745 -1E-05 -0.69661
vn -0.49999 -9E-05 -0.86603
vn -0.489 -9E-05 -0.87228
vn -0.71745 -0.00014 -0.69661
vn -0.51098 -0.00011 -0.85959
vn -0.49998 -0.00012 -0.86604
vn -0.71745 -0.00015 -0.69661
vn -0.51094 1E-05 -0.85962
vn -0.51094 -0 -0.85962
vn -0.71745 -0 -0.69661
vn -0.7071 0 -0.70712
vn -0.51097 0 -0.8596
vn -0.71742 -1E-05 -0.69664
vn -0.8596 0 -0.51097
vn -0.7071 -0 -0.70712
vn -0.71745 0 -0.69661
vn 0.51098 0 -0.85959
vn 0.67527 -0 -0.73757
vn -0.02938 1E-05 -0.99957
vn 0.49997 8E-05 -0.86604
vn 0.5109 9E-05 -0.85964
vn -0.02947 6E-05 -0.99957
vn 0.489 1E-05 -0.87228
vn 0.49998 1E-05 -0.86603
vn -0.0295 -1E-05 -0.99956
vn 0.01267 1E-05 -0.99992
vn 0.48894 3E-05 -0.87232
vn -0.02944 2E-05 -0.99957
vn -0 1E-05 -1
vn 0.0127 2E-05 -0.99992
vn -0.02944 1E-05 -0.99957
vn -0.01269 -1E-05 -0.99992
vn -1E-05 -2E-05 -1
vn -0.02944 1E-05 -0.99957
vn -0.01273 -0 -0.99992
vn -0.01273 0 -0.99992
vn -0.02941 0 -0.99957
vn -0.25881 1E-05 -0.96593
vn -0.01271 0 -0.99992
vn -0.02945 0 -0.99957
vn -0.48897 1E-05 -0.8723
vn -0.25883 -2E-05 -0.96592
vn -0.0294 -1E-05 -0.99957
vn 0.51094 -0 -0.85962
vn 0.67522 -1E-05 -0.73762
vn 0.67522 -0 -0.73762
vn 0.39039 -1E-05 -0.92065
vn 0.6752 -1E-05 -0.73764
vn 0.6752 -0 -0.73764
vn 0.51094 -1E-05 -0.85962
vn 0.67522 -0 -0.73762
vn 0.67522 0 -0.73762
vn 0.38022 0.00279 -0.92489
vn 0.67522 -1E-05 -0.73762
vn 0.67511 0 -0.73771
vn 0.39039 2E-05 -0.92065
vn 0.67521 0 -0.73762
vn 0.38025 0.0028 -0.92488
vn 0.51094 -1E-05 -0.85962
vn 0.59617 -1E-05 -0.80286
vn 0.6752 -1E-05 -0.73764
vn 0.67139 0.10286 -0.73393
vn 0.6751 7E-05 -0.73772
vn 0.59615 6E-05 -0.80288
vn 0.64384 0.29883 -0.70439
vn 0.67516 -5E-05 -0.73767
vn 0.66933 0.12924 -0.73164
vn 0.33546 0.40008 -0.85288
vn 0.67511 -5E-05 -0.73772
vn 0.64383 0.29884 -0.7044
vn 0.33544 0.40008 -0.85289
vn 0.38191 0.00278 -0.92419
vn 0.67511 -0 -0.73771
vn 0.51097 -0 -0.8596
vn 0.51097 0 -0.8596
vn 0.59616 0 -0.80287
vn 0.31313 0.84969 -0.42423
vn 0.59617 -1E-05 -0.80286
vn 0.51096 -1E-05 -0.85961
vn 0.63015 0.35719 -0.68944
vn 0.67139 0.10275 -0.73395
vn 0.59617 -8E-05 -0.80286
vn 0.6138 0.41297 -0.67284
vn 0.63013 0.35741 -0.68935
vn 0.59617 0.00015 -0.80286
vn 0.51065 0.65111 -0.56151
vn 0.61384 0.41279 -0.67291
vn 0.59617 -2E-05 -0.80286
vn 0.35358 0.84971 -0.39113
vn 0.51066 0.65111 -0.5615
vn 0.59617 1E-05 -0.80286
vn 0.31314 0.8497 -0.42422
vn 0.35359 0.84969 -0.39114
vn 0.59616 2E-05 -0.80286
vn -0.86603 0 -0.5
vn 0.4462 0.48744 -0.75054
vn 0.26954 0.84975 -0.45307
vn 0.51095 4E-05 -0.85961
vn 0.31315 0.84971 -0.42419
vn 0.51096 0 -0.85961
vn 0.26958 0.84971 -0.45313
vn -0.86603 -0 -0.5
vn 0.44152 0.47026 -0.76414
vn 0.44152 0.47026 -0.76414
vn 0.44152 0.47026 -0.76414
vn 0.44083 0.47189 -0.76354
vn 0.44083 0.47189 -0.76354
vn 0.01271 0 -0.99992
vn 0.48895 0 -0.87231
vn 0.48895 0 -0.87231
vn 0.86603 0 0.49999
vn 0.86603 -0 0.5
vn 0.86603 -0 0.5
vn 0.86602 -0 0.5
vn 0.01269 -3E-05 -0.99992
vn 0.25882 -1E-05 -0.96593
vn 0.48897 -1E-05 -0.8723
vn 0.42711 0.48659 -0.76211
vn 0.48897 -2E-05 -0.8723
vn 0.25882 -1E-05 -0.96593
vn 0.01271 -1E-05 -0.99992
vn 0.01271 0 -0.99992
vn 0.25882 0 -0.96593
vn 0.13647 0.84972 -0.50927
vn 0.25882 0 -0.96592
vn 0.01265 1E-05 -0.99992
vn 0.25762 0.8497 -0.46004
vn 0.42711 0.48658 -0.76211
vn 0.25882 -1E-05 -0.96593
vn 0.13647 0.8497 -0.5093
vn 0.25764 0.8497 -0.46004
vn 0.25883 -1E-05 -0.96592
vn 0.00691 0.84971 -0.52721
vn 0.13647 0.84971 -0.50929
vn 0.01269 2E-05 -0.99992
vn 0.01117 0.48744 -0.87308
vn 0.0069 0.84975 -0.52714
vn 0.0127 4E-05 -0.99992
vn 0 0.4723 -0.88144
vn 0 0.47189 -0.88166
vn 0 0.47189 -0.88166
vn -0.01118 0.48659 -0.87356
vn -0.01269 -1E-05 -0.99992
vn -0.25883 -1E-05 -0.96592
vn -0.48896 1E-05 -0.87231
vn -0.48896 0 -0.87231
vn -0.25883 0 -0.96592
vn -0.13646 0.8497 -0.5093
vn -0.25882 2E-05 -0.96592
vn -0.48893 1E-05 -0.87232
vn -0.00691 0.8497 -0.52722
vn -0.01117 0.48658 -0.87357
vn -0.25883 -1E-05 -0.96592
vn -0.13647 0.84971 -0.50928
vn -0.00689 0.84971 -0.5272
vn -0.25881 2E-05 -0.96593
vn -0.86603 0 0.5
vn -0.42689 0.48744 -0.76168
vn -0.25761 0.84975 -0.45996
vn -0.48902 4E-05 -0.87227
vn -0.13646 0.84971 -0.50929
vn -0.48897 2E-05 -0.8723
vn -0.25762 0.84971 -0.46003
vn -0.86602 -1E-05 0.50001
vn -0.44112 0.47167 -0.7635
vn -0.44112 0.47167 -0.7635
vn -0.44112 0.47167 -0.7635
vn -0.44083 0.47189 -0.76354
vn -0.44083 0.47189 -0.76354
vn 0.86603 0 -0.49999
vn 0.86603 0 -0.5
vn 0.86603 0 -0.5
vn 0.86602 0 -0.5
vn -0.44646 0.48659 -0.75094
vn -0.51095 -2E-05 -0.85961
vn -0.70711 -2E-05 -0.7071
vn -0.8596 1E-05 -0.51096
vn -0.8596 0 -0.51096
vn -0.70711 0 -0.7071
vn -0.37283 0.8497 -0.37284
vn -0.70711 1E-05 -0.7071
vn -0.85959 1E-05 -0.51099
vn -0.26959 0.8497 -0.45314
vn -0.44646 0.48658 -0.75094
vn -0.70711 -1E-05 -0.7071
vn -0.37282 0.84972 -0.37281
vn -0.26956 0.84971 -0.45312
vn -0.70711 -2E-05 -0.7071
vn -0.5 0 0.86603
vn -0.75053 0.48744 -0.44621
vn -0.45307 0.84975 -0.26954
vn -0.85958 5E-05 -0.51099
vn -0.37282 0.84971 -0.37283
vn -0.85961 2E-05 -0.51095
vn -0.45313 0.84971 -0.26957
vn -0.5 0 0.86603
vn -0.7623 0.47469 -0.43997
vn -0.7623 0.47469 -0.43997
vn -0.7623 0.47469 -0.43997
vn -0.76354 0.47189 -0.44082
vn -0.76354 0.47189 -0.44082
vn 0.5 0 -0.86603
vn 0.5 0 -0.86602
vn 0.5 0 -0.86603
vn 0.5 0 -0.86603
vn -0.76211 0.48659 -0.4271
vn -0.8723 -1E-05 -0.48897
vn -0.96593 -1E-05 -0.25881
vn -0.99992 1E-05 -0.01271
vn -0.99992 0 -0.01271
vn -0.96593 0 -0.25881
vn -0.5093 0.8497 -0.13647
vn -0.96593 1E-05 -0.25882
vn -0.99992 0 -0.01274
vn -0.46 0.84973 -0.25762
vn -0.7621 0.48662 -0.42709
vn -0.96593 3E-05 -0.25882
vn -0.50928 0.84972 -0.13646
vn -0.46001 0.84971 -0.25764
vn -0.96593 -2E-05 -0.25881
vn -0.52721 0.84971 -0.00691
vn -0.50929 0.84971 -0.13647
vn -0.99992 2E-05 -0.01269
vn -0.87308 0.48745 -0.01117
vn -0.52714 0.84975 -0.0069
vn -0.99992 5E-05 -0.0127
vn -0.88055 0.47396 -0
vn -0.88055 0.47396 0
vn -0.88055 0.47396 0
vn -0.88166 0.47189 0
vn -0.87231 -0 0.48895
vn -0.99992 0 0.01271
vn -0.99992 0 0.01271
vn -0.8723 -2E-05 0.48898
vn -0.96592 -0 0.25882
vn -0.99992 -0 0.01269
vn -0.87356 0.48659 0.01118
vn -0.99992 4E-05 0.01271
vn -0.96593 4E-05 0.25881
vn -0.87231 1E-05 0.48896
vn -0.87231 0 0.48896
vn -0.96592 0 0.25883
vn -0.5093 0.8497 0.13646
vn -0.96592 1E-05 0.25882
vn -0.87232 0 0.48893
vn -0.52722 0.8497 0.0069
vn -0.87357 0.48657 0.01118
vn -0.96592 -1E-05 0.25882
vn -0.50928 0.84972 0.13646
vn -0.5272 0.84971 0.00689
vn -0.96592 -2E-05 0.25882
vn 0.5 0 0.86603
vn -0.7617 0.48744 0.42687
vn -0.45997 0.84975 0.25759
vn -0.87231 4E-05 0.48896
vn -0.50929 0.84971 0.13646
vn -0.8723 2E-05 0.48897
vn -0.46003 0.84971 0.25762
vn 0.5 0 0.86603
vn -0.7623 0.47469 0.43997
vn -0.7623 0.47469 0.43997
vn -0.76354 0.47189 0.44082
vn -0.76354 0.47189 0.44082
vn -0.5 0 -0.86603
vn -0.49999 0 -0.86603
vn -0.5 0 -0.86602
vn -0.5 0 -0.86603
vn -0.75094 0.48659 0.44646
vn -0.85961 -2E-05 0.51095
vn -0.7071 -1E-05 0.70711
vn -0.51096 1E-05 0.8596
vn -0.51096 0 0.8596
vn -0.7071 0 0.70711
vn -0.37284 0.8497 0.37283
vn -0.7071 1E-05 0.70711
vn -0.51099 1E-05 0.85959
vn -0.45312 0.84971 0.26959
vn -0.75094 0.48658 0.44645
vn -0.7071 -0 0.70711
vn -0.37281 0.84972 0.37282
vn -0.45312 0.84972 0.26956
vn -0.7071 -2E-05 0.70711
vn 0.86603 0 0.5
vn -0.4462 0.48744 0.75054
vn -0.26954 0.84975 0.45307
vn -0.51095 4E-05 0.85961
vn -0.37283 0.84971 0.37282
vn -0.51095 2E-05 0.85961
vn -0.26957 0.84971 0.45314
vn 0.86603 -0 0.5
vn -0.44112 0.47167 0.7635
vn -0.44112 0.47167 0.7635
vn -0.44083 0.47189 0.76354
vn -0.44083 0.47189 0.76354
vn -0.86603 0 -0.49999
vn -0.86603 -0 -0.5
vn -0.86603 -0 -0.5
vn -0.86602 -0 -0.5
vn -0.4271 0.48659 0.76211
vn -0.48897 -1E-05 0.8723
vn -0.25881 -1E-05 0.96593
vn -0.0127 1E-05 0.99992
vn -0.0127 0 0.99992
vn -0.25881 0 0.96593
vn -0.13647 0.8497 0.5093
vn -0.25882 1E-05 0.96593
vn -0.01274 0 0.99992
vn -0.25763 0.8497 0.46004
vn -0.42711 0.48658 0.76211
vn -0.25882 -1E-05 0.96593
vn -0.13645 0.84972 0.50928
vn -0.25763 0.84972 0.46001
vn -0.25882 -2E-05 0.96593
vn -0.00691 0.84971 0.52721
vn -0.13647 0.84971 0.50929
vn -0.01269 2E-05 0.99992
vn -0.01117 0.48744 0.87308
vn -0.0069 0.84975 0.52714
vn -0.0127 4E-05 0.99992
vn 0 0.4723 0.88144
vn 0 0.47189 0.88166
vn 0 0.47189 0.88166
vn 0.48895 0 0.87231
vn 0.01271 0 0.99992
vn 0.01271 0 0.99992
vn 0.48897 -3E-05 0.8723
vn 0.25882 -1E-05 0.96593
vn 0.01269 -1E-05 0.99992
vn 0.01117 0.48659 0.87356
vn 0.01269 -2E-05 0.99992
vn 0.25883 -1E-05 0.96592
vn 0.48896 1E-05 0.87231
vn 0.48896 0 0.87231
vn 0.25882 0 0.96592
vn 0.13648 0.84969 0.50931
vn 0.25882 0 0.96593
vn 0.48892 -0 0.87233
vn 0.00691 0.8497 0.52722
vn 0.01117 0.48658 0.87357
vn 0.25882 -1E-05 0.96593
vn 0.13646 0.8497 0.50931
vn 0.0069 0.8497 0.52723
vn 0.25882 -1E-05 0.96593
vn 0.86603 0 -0.5
vn 0.42684 0.48746 0.7617
vn 0.25768 0.84966 0.46008
vn 0.48893 7E-05 0.87232
vn 0.13647 0.84969 0.50931
vn 0.48896 -1E-05 0.87231
vn 0.25764 0.84969 0.46004
vn 0.86602 -1E-05 -0.50001
vn 0.44152 0.47026 0.76414
vn 0.44152 0.47026 0.76414
vn 0.44083 0.47189 0.76354
vn 0.44083 0.47189 0.76354
vn -0.86604 0 0.49998
vn -0.86603 0 0.5
vn -0.86603 0 0.5
vn -0.86602 0 0.5
vn 0.44645 0.48663 0.75092
vn 0.51096 -0 0.85961
vn 0.59615 4E-05 0.80287
vn 0.67522 0 0.73761
vn 0.67522 0 0.73761
vn 0.59617 0 0.80285
vn 0.35547 0.84784 0.39346
vn 0.59615 1E-05 0.80287
vn 0.67469 -1E-05 0.7381
vn 0.26958 0.84971 0.45313
vn 0.44645 0.48658 0.75094
vn 0.59615 2E-05 0.80287
vn 0.31311 0.8497 0.42422
vn 0.26956 0.8497 0.45315
vn 0.59616 -1E-05 0.80287
vn 0.35547 0.84784 0.39345
vn 0.31553 0.8498 0.42224
vn 0.59615 -2E-05 0.80287
vn 0.39034 0 0.92067
vn 0.67511 0 0.73771
vn 0.67522 -0 0.73762
vn 0.36161 0.84236 0.39959
vn 0.35543 0.84786 0.39346
vn 0.67464 0 0.73814
vn 0.48193 0.69751 0.5303
vn 0.36162 0.84237 0.39954
vn 0.67468 -5E-05 0.73811
vn 0.59199 0.47811 0.64881
vn 0.48193 0.69749 0.53033
vn 0.67465 -0.0001 0.73814
vn 0.59664 0.46544 0.65375
vn 0.59208 0.47806 0.64877
vn 0.6746 4E-05 0.73819
vn 0.60138 0.4528 0.65827
vn 0.59666 0.46545 0.65372
vn 0.67471 1E-05 0.73809
vn 0.66082 0.20306 0.72255
vn 0.60138 0.45272 0.65832
vn 0.67468 -7E-05 0.73811
vn 0.38192 0.00278 0.92419
vn 0.66071 0.20386 0.72243
vn 0.67509 -1E-05 0.73774
vn 0.39032 4E-05 0.92068
vn 0.38022 0.0028 0.92489
vn 0.67512 -1E-05 0.73771
vn 0 0.85887 -0.5122
vn -0 0.94793 -0.31849
vn 0 0.94793 -0.31849
vn 1 2E-05 0
vn 1E-05 0.98579 -0.16799
vn 0 0.98579 -0.16799
vn 0 0.94792 -0.31851
vn 0 0.94792 -0.31851
vn 0 0.98579 -0.16799
vn -1E-05 0.94792 -0.31851
vn -0 0.85887 -0.5122
vn 0 0.94793 -0.31848
vn -0 0.94793 -0.31848
vn -0 0.99991 -0.01335
vn 0 0.99991 -0.01335
vn 0 0.98579 -0.16797
vn 0 0.98579 -0.16797
vn 0 0.99991 -0.01335
vn 0 0.98579 -0.16797
vn -1 -0 0
vn -1E-05 0.85887 -0.51219
vn -0 0.94793 -0.31848
vn -0 0.94793 -0.31848
vn 1 1E-05 0
vn -0 0.98071 -0.19545
vn 0 0.98579 -0.16797
vn 0 0.94793 -0.31848
vn 0 0.90795 -0.41907
vn 1E-05 0.98071 -0.19547
vn -2E-05 0.94793 -0.31849
vn -1E-05 0.85886 -0.51221
vn -0 0.90795 -0.41908
vn 0 0.94793 -0.31848
vn 0 0.99991 -0.01335
vn -0 0.99991 -0.01335
vn -0 0.98579 -0.16797
vn 0 0.98072 -0.19544
vn -1E-05 0.99991 -0.01334
vn 0 0.98579 -0.16796
vn 0.07413 0.99722 -0.00819
vn 9E-05 0.99991 -0.01352
vn -1E-05 0.98065 -0.19578
vn 0.13659 0.97893 -0.15179
vn 0 0.98065 -0.19577
vn -2E-05 0.90796 -0.41906
vn 0.07973 0.99679 -0.0069
vn 0.07412 0.99722 -0.0082
vn 0 0.98065 -0.19575
vn 0.13661 0.97893 -0.15178
vn 0.07972 0.99679 -0.00693
vn 0 0.98065 -0.19575
vn 1E-05 0.85886 -0.5122
vn -0 0.81452 -0.58013
vn 0 0.90796 -0.41907
vn 0.261 0.91695 -0.30181
vn -1E-05 0.90795 -0.41907
vn -1E-05 0.81456 -0.58007
vn 0.18835 0.95707 -0.22032
vn 0.13659 0.97893 -0.15178
vn -1E-05 0.90794 -0.4191
vn 0.261 0.91695 -0.30181
vn 0.18835 0.95707 -0.22032
vn -1E-05 0.90795 -0.41908
vn 0 0.73076 -0.68263
vn -0 0.73066 -0.68274
vn 1E-05 0.81454 -0.5801
vn 0.26103 0.91694 -0.30182
vn 2E-05 0.81457 -0.58007
vn 1E-05 0.73068 -0.68272
vn -0 0.73076 -0.68263
vn -0 0.73073 -0.68267
vn -0 0.81451 -0.58014
vn 1E-05 0.73075 -0.68264
vn -0 0.73075 -0.68264
vn 1E-05 0.81453 -0.58012
vn 0 0.85887 -0.5122
vn -0 0.73076 -0.68263
vn 0 0.81453 -0.58012
vn 0 0.4054 -0.91414
vn -0.00136 0.73039 -0.68303
vn -0.00088 0.73065 -0.68275
vn -0 0.71996 -0.69402
vn 0.35361 0.84964 -0.39125
vn 2E-05 0.73074 -0.68265
vn 0.20119 0.81051 -0.55009
vn 6E-05 0.73082 -0.68257
vn 0.35355 0.84971 -0.39115
vn -0.00141 0.72521 -0.68852
vn -0.00138 0.73033 -0.68309
vn 1E-05 0.40532 -0.91417
vn 0.20144 0.81042 -0.55013
vn 0.261 0.91694 -0.30182
vn -1E-05 0.73066 -0.68274
vn 0 0.4054 -0.91414
vn -0.00088 0.73062 -0.68278
vn 0.00017 0.73075 -0.68264
vn 0 0.39396 -0.91913
vn -1E-05 0.73078 -0.68262
vn 0 0.73078 -0.68262
vn 0.00101 0.40233 -0.91549
vn -0 0.73075 -0.68264
vn 0 0.39398 -0.91912
vn -1E-05 0.98094 0.19431
vn 0 0.98579 0.16796
vn 0 0.99991 0.01336
vn -1E-05 0.99991 0.01336
vn 0 0.98095 0.19428
vn 0 0.99991 0.01336
vn 0 0.98094 0.19431
vn -1E-05 0.94793 0.31848
vn -0 0.98579 0.16797
vn 1 0 0
vn -0 0.90932 0.4161
vn -0 0.94793 0.31847
vn 0 0.94793 0.31847
vn 0 0.98094 0.19432
vn 0 0.90931 0.41612
vn -2E-05 0.94793 0.31849
vn -1 -1E-05 0
vn -1E-05 0.98579 0.16799
vn 0 0.98579 0.16799
vn 0 0.94792 0.31851
vn 0 0.98579 0.16799
vn 1E-05 0.94792 0.31851
vn 0 0.9093 0.41614
vn 0 0.94793 0.31847
vn -0 0.94793 0.31847
vn 0 0.99991 0.01335
vn 0 0.99991 0.01335
vn 0 0.98579 0.16797
vn 0 0.98579 0.16797
vn 0 0.99991 0.01335
vn -0 0.98579 0.16797
vn 1 1E-05 0
vn -0 0.90933 0.41609
vn 0 0.94795 0.31841
vn 0 0.94795 0.31841
vn -3E-05 0.90931 0.41612
vn -1E-05 0.85886 0.51221
vn -0 0.94793 0.31847
vn -0 0.73076 0.68263
vn 0 0.73076 0.68263
vn 0 0.85887 0.5122
vn 0 0.81297 0.5823
vn 0 0.73077 0.68262
vn 0 0.85887 0.51219
vn 0 0.90931 0.41611
vn 0 0.81297 0.5823
vn 0 0.85887 0.5122
vn 1E-05 0.39106 0.92036
vn 1E-05 0.73075 0.68264
vn 2E-05 0.73075 0.68264
vn 2E-05 0.39104 0.92038
vn 0.00039 0.39403 0.9191
vn -0 0.73077 0.68263
vn 1E-05 0.81299 0.58228
vn 0 0.73074 0.68266
vn 0 0.73077 0.68263
vn -0.0032 0.56511 0.82501
vn -0 0.73075 0.68265
vn -0.00088 0.73065 0.68276
vn -0.00319 0.56511 0.82501
vn 0 0.38257 0.92393
vn -1E-05 0.73077 0.68262
vn 0 0.81299 0.58228
vn 0 0.73067 0.68273
vn 0 0.73074 0.68266
vn -0.00319 0.56514 0.82499
vn -0.00088 0.73066 0.68274
vn -0.00135 0.73039 0.68303
vn 0.20155 0.81043 0.55007
vn 1E-05 0.73066 0.68274
vn -2E-05 0.81303 0.58223
vn 0.36646 0.83766 0.405
vn 3E-05 0.73081 0.68258
vn 0.35747 0.84595 0.39571
vn 0.20131 0.81049 0.55007
vn 0.35747 0.84592 0.39578
vn -6E-05 0.7308 0.6826
vn 0.47286 0.7109 0.5206
vn 1E-05 0.73078 0.68261
vn 0.36646 0.83763 0.40507
vn -0.00281 0.55158 0.83412
vn -2E-05 0.7308 0.68259
vn 0.47284 0.71093 0.52057
vn 0.25887 0.91829 0.29956
vn 1E-05 0.81303 0.58223
vn -2E-05 0.9093 0.41614
vn 0.20154 0.81044 0.55007
vn 1E-05 0.81301 0.58224
vn 0.35355 0.84972 0.39111
vn 0.25886 0.91829 0.29955
vn 0.35357 0.84972 0.39111
vn 0 0.81302 0.58223
vn 0.18567 0.95833 0.21708
vn -3E-05 0.9093 0.41614
vn -1E-05 0.98088 0.19462
vn 0.18568 0.95833 0.21707
vn 0.25887 0.91829 0.29956
vn 1E-05 0.90931 0.41613
vn 0.13502 0.97952 0.14939
vn -1E-05 0.98087 0.19465
vn 0 0.99991 0.01353
vn 0.13501 0.97952 0.1494
vn 0.1857 0.95833 0.21707
vn -1E-05 0.98088 0.19462
vn 0.13501 0.97952 0.14941
vn 1E-05 0.99991 0.01355
vn 0.07377 0.99724 0.00822
vn 0 0 1
vn 1 -2E-05 -5E-05
vn 1 -2E-05 0
vn 2E-05 1 -0
vn 2E-05 -1 -5E-05
vn 2E-05 -1 0
vn 1 2E-05 -0
vn 1 3E-05 0
vn -2E-05 -1 -0
vn 1 3E-05 5E-05
vn -0 0 1
vn -2E-05 1 -5E-05
vn -2E-05 1 0
vn -1 -2E-05 -0
vn -2E-05 1 0
vn 1 -2E-05 -0
vn -2E-05 1 5E-05
vn -1 2E-05 -5E-05
vn -1 2E-05 0
vn -2E-05 -1 -0
vn -0 0 1
vn 2E-05 1 -0
vn -1 -3E-05 5E-05
vn -1 -3E-05 0
vn 2E-05 -1 0
vn -1 2E-05 -0
vn 2E-05 -1 5E-05
vn 0 0 1
vn 0 1 -0
vn 0.38024 0.00282 0.92488
vn -0 -0 1
vn -0 1E-05 1
vn 0.39031 4E-05 0.92068
vn -1E-05 -1E-05 1
vn 0.38023 0.00282 0.92489
vn 0.38024 0.00282 0.92489
vn -0 1E-05 1
vn -0 1E-05 1
vn 3E-05 0.38256 0.92393
vn 0.00235 1E-05 1
vn 0.00141 -0 1
vn -0.00566 0.17146 0.98518
vn 0.00237 0 1
vn 4E-05 0.38259 0.92392
vn 0.33087 0.39968 0.85486
vn -2E-05 -0.0001 1
vn -0.00697 0.16799 0.98576
vn 0.33087 0.39965 0.85487
vn 0.38193 0.00277 0.92419
vn -1E-05 -0.0001 1
vn 1E-05 0.38257 0.92393
vn 0.00142 -0 1
vn 0 2E-05 1
vn 0 0.39404 0.91909
vn -1E-05 -1E-05 1
vn 0 -1E-05 1
vn 0.00064 0.39104 0.92037
vn 0 -1E-05 1
vn 1E-05 0.39404 0.91909
vn 1 2E-05 5E-05
vn 1 2E-05 0
vn 2E-05 -1 0
vn 0 0 -1
vn 2E-05 1 5E-05
vn 2E-05 1 0
vn 1 -2E-05 0
vn -2E-05 1 0
vn 1 -3E-05 -5E-05
vn 1 -3E-05 0
vn -2E-05 -1 5E-05
vn -2E-05 -1 0
vn -1 2E-05 0
vn -2E-05 -1 0
vn 1 2E-05 0
vn -2E-05 -1 -5E-05
vn -2E-05 0 -1
vn -1 -2E-05 5E-05
vn -1 -2E-05 0
vn -2E-05 1 0
vn -0 0 -1
vn -1 3E-05 0
vn 2E-05 -1 0
vn -1 3E-05 -5E-05
vn 2E-05 1 0
vn -1 -2E-05 0
vn 2E-05 1 -5E-05
vn -0 0 -1
vn 0 0.40233 -0.91549
vn 2E-05 2E-05 -1
vn -0 2E-05 -1
vn 0 0.40231 -0.9155
vn 7E-05 0.39396 -0.91913
vn 1E-05 -0 -1
vn -0 0 -1
vn -0.00565 0.17101 -0.98525
vn -0 1E-05 -1
vn 0.00141 0 -1
vn -0.00734 0.35446 -0.93504
vn -0 0.40538 -0.91415
vn 1E-05 -2E-05 -1
vn -0.00566 0.17099 -0.98526
vn -0.00685 0.35517 -0.93478
vn -1E-05 2E-05 -1
vn -0 0 -1
vn -0.00565 0.17101 -0.98525
vn 0.00141 2E-05 -1
vn 0.00237 0 -1
vn 0.38024 0.00277 -0.92488
vn -0 1E-05 -1
vn -0 1E-05 -1
vn 0.38193 0.00278 -0.92419
vn -0.00696 0.16747 -0.98585
vn 3E-05 -0.0001 -1
vn 0.39038 2E-05 -0.92065
vn -1E-05 -1E-05 -1
vn -1E-05 -1E-05 -1
vn 0.39036 1E-05 -0.92066
vn 0.38024 0.00279 -0.92489
vn -1E-05 -0 -1
vn -0.0032 0.5651 0.82502
vn -0.00733 0.35488 0.93488
vn 1E-05 0.38258 0.92392
vn -0.00566 0.17146 0.98517
vn 1E-05 0.38258 0.92392
vn -0.00733 0.35488 0.93488
vn 0.49999 1E-05 0.86603
vn -0.39061 0.89448 0.21754
vn -0.50929 0.84971 0.13647
vn -0.46003 0.84971 0.25762
vn -0.20884 0.97792 0.0069
vn -0.52722 0.8497 0.0069
vn -0.5093 0.8497 0.13647
vn -0.3906 0.89448 0.21755
vn -0.06867 0.99762 0.00692
vn -0.50931 0.8497 0.13646
vn -0.20884 0.97793 0.00692
vn -0.50931 0.84969 0.13649
vn -0.06869 0.99761 0.00691
vn -0.23663 0.87436 0.42368
vn -0.25762 0.84971 0.46003
vn -0.13647 0.84971 0.50928
vn -0.0069 0.99761 0.06869
vn -0.13646 0.84971 0.50928
vn -0.00691 0.84971 0.5272
vn -0.04879 0.99761 0.04882
vn -0.13645 0.84971 0.50928
vn -0.00691 0.99761 0.06869
vn -0.21753 0.89449 0.3906
vn -0.13645 0.84971 0.50929
vn -0.04881 0.99761 0.04883
vn -0.23663 0.87436 0.42368
vn -0.13647 0.84971 0.50929
vn -0.21754 0.89448 0.39061
vn -0.0069 0.97614 0.21701
vn -0.0069 0.99762 0.0686
vn -0.0069 0.84974 0.52715
vn 0.86602 2E-05 0.50001
vn -0.0488 0.99762 0.04879
vn -0.37284 0.8497 0.37284
vn -0.26959 0.8497 0.45314
vn -0.22952 0.89448 0.3837
vn -0.04881 0.99762 0.04877
vn -0.26959 0.84971 0.45311
vn -0.41677 0.87436 0.2486
vn -0.45312 0.84971 0.26959
vn -0.37283 0.84971 0.37282
vn -0.06869 0.99761 0.0069
vn -0.37284 0.84971 0.37281
vn -0.04882 0.99761 0.04881
vn -0.3837 0.89449 0.22951
vn -0.37282 0.84971 0.37283
vn -0.06866 0.99762 0.00691
vn -0.3837 0.89448 0.2295
vn -0.41677 0.87436 0.2486
vn -0.37283 0.84971 0.37282
vn 0.24858 0.87436 0.41677
vn 0.26958 0.8497 0.45313
vn 0.31312 0.8497 0.42422
vn 0.35555 0.84775 0.39359
vn 0.35364 0.84962 0.39125
vn 0.3132 0.84962 0.42432
vn 0.25888 0.91828 0.29957
vn 0.31311 0.84971 0.4242
vn 0.35356 0.84971 0.39113
vn 0.18566 0.95833 0.21708
vn 0.3131 0.84971 0.42422
vn 0.25885 0.91829 0.29956
vn 0.2295 0.89448 0.3837
vn 0.31312 0.8497 0.42422
vn 0.18566 0.95834 0.21706
vn 0.24857 0.87436 0.41679
vn 0.31312 0.84969 0.42424
vn 0.22952 0.89448 0.3837
vn 0.20129 0.81054 0.55001
vn 0.35344 0.84973 0.39121
vn 0.35744 0.84596 0.39572
vn -0.00277 0.55153 0.83415
vn 0.47288 0.71091 0.52057
vn 0.59397 0.47251 0.6511
vn -0.00282 0.55168 0.83405
vn 0.59395 0.47264 0.65102
vn 0.60259 0.44833 0.66022
vn 0.33083 0.39955 0.85493
vn 0.60261 0.44809 0.66036
vn 0.60905 0.42878 0.66723
vn 0.33083 0.39964 0.85489
vn -0.00286 0.55154 0.83414
vn 0.60259 0.44817 0.66033
vn 0.38189 0.00281 0.92421
vn 0.60908 0.42891 0.66713
vn 0.66071 0.20387 0.72242
vn 0.3309 0.39962 0.85487
vn 0.60909 0.42888 0.66714
vn 0.38191 0.00276 0.92419
vn 0.86603 1E-05 -0.49999
vn 0.21754 0.89449 0.39061
vn 0.13647 0.84971 0.50928
vn 0.25762 0.84971 0.46003
vn 0.0069 0.97557 0.21956
vn 0.0069 0.84971 0.52721
vn 0.13646 0.84971 0.50929
vn 0.21755 0.89448 0.3906
vn 0.00691 0.99762 0.06867
vn 0.13646 0.8497 0.50931
vn 0.0069 0.97558 0.21956
vn 0.13644 0.84973 0.50926
vn 0.0069 0.99761 0.06869
vn 0.23663 0.87436 -0.42368
vn 0.25762 0.84971 -0.46003
vn 0.13648 0.84971 -0.50929
vn 0.0069 0.99761 -0.06869
vn 0.13646 0.84971 -0.50928
vn 0.00691 0.84971 -0.5272
vn 0.04879 0.99761 -0.04882
vn 0.13645 0.84971 -0.50928
vn 0.00691 0.99761 -0.06869
vn 0.21753 0.89449 -0.3906
vn 0.13645 0.84971 -0.50929
vn 0.04881 0.99761 -0.04883
vn 0.23663 0.87436 -0.42367
vn 0.13647 0.84971 -0.50929
vn 0.21754 0.89449 -0.3906
vn 0.0069 0.97614 -0.21701
vn 0.0069 0.99762 -0.0686
vn 0.0069 0.84974 -0.52715
vn -0.86602 2E-05 -0.50001
vn 0.22949 0.89449 -0.3837
vn 0.31312 0.8497 -0.42422
vn 0.26958 0.8497 -0.45313
vn 0.6092 0.42852 -0.66726
vn 0.64375 0.29904 -0.70438
vn 0.62881 0.3599 -0.68925
vn 0.33544 0.40015 -0.85285
vn 0.64381 0.29893 -0.70438
vn 0.60925 0.42838 -0.66731
vn 0.51073 0.65094 -0.56163
vn 0.60063 0.45409 -0.65807
vn 0.61374 0.41255 -0.67315
vn 0.33544 0.40008 -0.85289
vn 0.60926 0.4283 -0.66736
vn 0.49241 0.68146 -0.54143
vn -0.0022 0.58515 -0.81092
vn 0.49239 0.68147 -0.54144
vn 0.35355 0.84971 -0.39114
vn -0.0051 0.48273 -0.87576
vn 0.4924 0.68146 -0.54144
vn -0.0022 0.58512 -0.81095
vn -0.00775 0.3547 -0.93495
vn 0.49242 0.68145 -0.54144
vn -0.00508 0.48272 -0.87576
vn 0.33548 0.40011 -0.85286
vn 0.49242 0.68143 -0.54146
vn -0.00783 0.35469 -0.93495
vn 0.26101 0.91695 -0.30179
vn 0.35359 0.8497 -0.39114
vn 0.31312 0.8497 -0.42423
vn -0.00025 0.70759 -0.70662
vn 0.35355 0.84977 -0.39101
vn -4E-05 0.72014 -0.69383
vn -0.00079 0.69042 -0.72341
vn 0.35358 0.84972 -0.3911
vn -0.00025 0.70752 -0.70669
vn -0.00123 0.6692 -0.74309
vn 0.35356 0.84968 -0.3912
vn -0.00076 0.69034 -0.72348
vn -0.00167 0.63293 -0.77421
vn 0.35355 0.84973 -0.3911
vn -0.00126 0.66928 -0.74301
vn -0.00212 0.58506 -0.81099
vn 0.35366 0.84965 -0.39119
vn -0.00161 0.63282 -0.7743
vn 0.20144 0.81041 -0.55014
vn 0.3536 0.84969 -0.39114
vn 0.26101 0.91694 -0.30183
vn 0.26099 0.91695 -0.3018
vn 0.3131 0.84972 -0.42421
vn 0.1883 0.95708 -0.2203
vn 0.22951 0.89449 -0.38369
vn 0.18835 0.95708 -0.2203
vn 0.31311 0.84972 -0.4242
vn -0.86603 2E-05 0.49999
vn -0.21754 0.89448 -0.39061
vn -0.13647 0.84971 -0.50929
vn -0.25762 0.84971 -0.46003
vn -0.0069 0.97557 -0.21956
vn -0.0069 0.84971 -0.52721
vn -0.13646 0.84971 -0.50929
vn -0.21755 0.89448 -0.3906
vn -0.00692 0.99762 -0.06867
vn -0.13646 0.8497 -0.50931
vn -0.0069 0.97558 -0.21956
vn -0.13644 0.84973 -0.50926
vn -0.0069 0.99761 -0.06869
vn -0.42368 0.87436 -0.23663
vn -0.46003 0.84971 -0.25762
vn -0.50929 0.84971 -0.13647
vn -0.06869 0.99761 -0.0069
vn -0.50928 0.84971 -0.13646
vn -0.5272 0.84971 -0.00691
vn -0.04882 0.99761 -0.0488
vn -0.50928 0.84971 -0.13645
vn -0.06869 0.99761 -0.00691
vn -0.3906 0.89449 -0.21753
vn -0.50929 0.84971 -0.13645
vn -0.04883 0.99761 -0.04881
vn -0.42367 0.87436 -0.23663
vn -0.50929 0.84971 -0.13647
vn -0.39061 0.89448 -0.21754
vn -0.21735 0.97607 -0.0069
vn -0.06863 0.99762 -0.0069
vn -0.52718 0.84972 -0.0069
vn -0.50001 1E-05 0.86602
vn -0.3837 0.89448 -0.22951
vn -0.37283 0.84971 -0.37282
vn -0.45312 0.84971 -0.26959
vn -0.2486 0.87436 -0.41676
vn -0.26959 0.84971 -0.45312
vn -0.37282 0.84971 -0.37283
vn -0.38368 0.89449 -0.22951
vn -0.04882 0.99761 -0.04882
vn -0.3728 0.84971 -0.37284
vn -0.22951 0.89449 -0.38368
vn -0.37284 0.84971 -0.3728
vn -0.04882 0.99761 -0.04882
vn -0.2295 0.89448 -0.3837
vn -0.24859 0.87436 -0.41676
vn -0.37282 0.84971 -0.37283
vn -0.00145 0.71692 -0.69715
vn -0.0014 0.72528 -0.68845
vn -1E-05 0.40541 -0.91413
vn -0.00173 0.69395 -0.72002
vn -0.00148 0.71687 -0.69721
vn -2E-05 0.40538 -0.91415
vn -0.0021 0.66115 -0.75025
vn -0.00175 0.69403 -0.71995
vn -3E-05 0.40545 -0.91412
vn -0.00254 0.61803 -0.78615
vn -0.00208 0.66115 -0.75025
vn 1E-05 0.40541 -0.91413
vn -0.0028 0.59271 -0.80541
vn -0.00252 0.618 -0.78617
vn 1E-05 0.40541 -0.91413
vn -0.00521 0.4766 -0.87911
vn -0.00279 0.5927 -0.80542
vn -0 0.40536 -0.91416
vn -0.00733 0.35444 -0.93505
vn -0.00522 0.47661 -0.8791
vn -0 0.40539 -0.91414
vn 0.33085 0.39963 0.85489
vn -0.00777 0.35517 0.93477
vn -0.0028 0.55157 0.83412
vn 0.33089 0.39967 0.85486
vn -0.00695 0.16796 0.98577
vn -0.00776 0.35516 0.93477
vn 0.38193 0.00276 -0.92419
vn -0.00775 0.35471 -0.93495
vn -0.00695 0.16744 -0.98586
vn 0.33543 0.4001 -0.85288
vn -0.00777 0.35473 -0.93494
vn 0.38194 0.00278 -0.92418
vn 0.13499 0.97952 0.14938
vn 0.07378 0.99724 0.00824
vn 0.07974 0.99679 0.00694
vn 0.0488 0.99762 0.0488
vn 0.13499 0.97951 0.14944
vn 0.07972 0.99679 0.00689
vn 0.04881 0.99761 0.04882
vn 0.07974 0.99679 0.00691
vn 0.06868 0.99761 0.00691
vn 0.07409 0.99723 0.0069
vn 0.06871 0.99761 0.0069
vn 0.07974 0.99679 0.0069
vn 0.00689 0.99762 0.06865
vn 0.18567 0.95834 0.21703
vn 0.13501 0.97951 0.14942
vn 0.2295 0.89448 0.3837
vn 0.18567 0.95834 0.21705
vn 0.00688 0.99762 0.06866
vn 0.0069 0.99762 0.06868
vn 0.135 0.97951 0.14943
vn 0.04881 0.99762 0.0488
vn 0.07413 0.99722 -0.00689
vn 0.07973 0.99679 -0.00689
vn 0.13659 0.97893 -0.1518
vn 0.22949 0.8945 -0.38368
vn 0.13657 0.97893 -0.15179
vn 0.18832 0.95708 -0.2203
vn 0.06868 0.99762 -0.0069
vn 0.13659 0.97893 -0.1518
vn 0.04881 0.99762 -0.04881
vn 0.2295 0.89449 -0.38368
vn 0.04883 0.99761 -0.04882
vn 0.13659 0.97893 -0.15179
vn 0.07413 0.99723 -0.0069
vn 0.13658 0.97893 -0.15179
vn 0.06868 0.99761 -0.0069
vn -2E-05 -1E-05 1
vn 2E-05 -0 1
vn -1 -0 -2E-05
vn -1 0 -2E-05
vn -2E-05 0 1
vn -1 1E-05 -2E-05
vn 2E-05 0 -1
vn -1 -1E-05 2E-05
vn -1 0 2E-05
vn 1 -1E-05 -2E-05
vn 1 0 -2E-05
vn -2E-05 0 1
vn 2E-05 -0 1
vn 1 -0 -2E-05
vn 2E-05 0 1
vn 2E-05 0 -1
vn 1 1E-05 2E-05
vn 1 0 2E-05
vn -2E-05 -1E-05 -1
vn 2E-05 -0 -1
vn 1 -0 -2E-05
vn -2E-05 -0 -1
vn -1 -0 2E-05
vn -2E-05 0 -1
vn -1 -0 -2E-05
vn -0.99875 -0 0.05002
vn -0.99499 -0 0.09997
vn -0.94592 0.3165 0.07121
vn -0.94393 0.31622 0.09485
vn -0.9475 0.31622 0.04744
vn -0.70711 -2E-05 0.70711
vn -1 1E-05 1E-05
vn -0.99499 -0 0.10002
vn -0.99499 2E-05 0.1
vn -0.70711 -1E-05 0.70711
vn -0.99499 2E-05 0.1
vn -1 -0 2E-05
vn -1 0 2E-05
vn -0.99875 -0 0.05005
vn -0.94868 0.31623 -1E-05
vn -0.94749 0.31623 0.04747
vn -0.94868 0.31623 -1E-05
vn -0.94868 0.31623 1E-05
vn -0.94713 0.31623 0.0542
vn -0.9475 0.31623 0.04745
vn -0.94599 0.31623 0.07147
vn -0.94749 0.31623 0.04746
vn -0.94713 0.31623 0.0542
vn 2E-05 -3E-05 -1
vn -1 5E-05 2E-05
vn -1 -3E-05 2E-05
vn 5E-05 7E-05 -1
vn -0.99875 -2E-05 -0.05004
vn -1 -2E-05 0
vn -0.94868 0.31623 1E-05
vn -0.94868 0.31623 1E-05
vn -0.94749 0.31623 -0.04747
vn 2E-05 5E-05 1
vn 2E-05 -3E-05 1
vn -1 -3E-05 -2E-05
vn -0.10001 -2E-05 0.99499
vn 1E-05 -1E-05 1
vn -1 -6E-05 1E-05
vn -0.09999 1E-05 0.99499
vn -0.09999 -0 0.99499
vn -1 6E-05 -1E-05
vn -0.70711 -2E-05 0.7071
vn -0.10003 -1E-05 0.99498
vn -1 -1E-05 -2E-05
vn 1 5E-05 -2E-05
vn 1 -3E-05 -2E-05
vn -2E-05 -3E-05 1
vn 0.99874 1E-05 0.05009
vn 1 1E-05 0
vn -7E-05 7E-05 1
vn 0.99499 -7E-05 0.10002
vn 0.99874 -2E-05 0.05009
vn -0 4E-05 1
vn 0.99499 1E-05 0.09999
vn 0.99499 -0 0.09999
vn -1E-05 6E-05 1
vn 0.7071 -2E-05 0.70712
vn 0.99499 -2E-05 0.09999
vn 2E-05 -0 1
vn 0.10002 -0 0.99499
vn 0.7071 -2E-05 0.70711
vn -0 1E-05 1
vn -1E-05 0 1
vn 0.10001 -0 0.99499
vn -1E-05 -0 1
vn 0.99874 -0 -0.05014
vn 1 -0 -2E-05
vn 1 0 -2E-05
vn 0.10001 -2E-05 -0.99499
vn -1E-05 -1E-05 -1
vn 1 -6E-05 -1E-05
vn -2E-05 -3E-05 -1
vn 1 -3E-05 2E-05
vn -2E-05 5E-05 -1
vn 0.09999 1E-05 -0.99499
vn 0.09999 -0 -0.99499
vn 1 6E-05 1E-05
vn 0.70711 -2E-05 -0.7071
vn 0.09998 -2E-05 -0.99499
vn 1 -0 -3E-05
vn 0.99498 -0 -0.10002
vn 0.70711 -2E-05 -0.70711
vn 1 1E-05 -1E-05
vn 0.99874 0 -0.05015
vn 0.99499 0 -0.1
vn 1 1E-05 -1E-05
vn 0.96593 0.25882 0
vn 0.96593 0.25882 0
vn 0.96471 0.25882 0.04835
vn 0.9638 0.25882 -0.06397
vn 0.96471 0.25882 -0.04847
vn 0.96592 0.25882 1E-05
vn 0.96593 0.25882 1E-05
vn 0.96381 0.25882 -0.06394
vn 0.96592 0.25882 1E-05
vn 0.96281 0.25882 0.07749
vn 0.96471 0.25882 0.04836
vn 0.96108 0.25882 0.09659
vn 0.96282 0.25881 0.07747
vn 0.9638 0.25882 0.06404
vn 0.96472 0.25881 0.04834
vn 0.96592 0.25882 -1E-05
vn 0.96471 0.25882 0.04838
vn 0.96381 0.25882 0.06393
vn 0.09999 2E-05 0.99499
vn 0.09999 2E-05 0.99499
vn 0.7071 -1E-05 0.70711
vn -0.22951 0.89449 -0.38369
vn -0.04881 0.99761 -0.04881
vn -0.0069 0.99761 -0.06868
vn -0.38713 0.89452 -0.22351
vn -0.3906 0.89449 -0.21755
vn -0.04881 0.99762 -0.0488
vn -0.38371 0.89448 -0.2295
vn -0.38714 0.89452 -0.22353
vn -0.0488 0.99762 -0.0488
vn -0.22352 0.89452 -0.38714
vn -0.22951 0.89448 -0.38371
vn -0.00688 0.99762 -0.06868
vn -0.21753 0.8945 -0.39057
vn -0.22351 0.89454 -0.38709
vn -0.00691 0.99762 -0.06866
vn 0.07744 0.25882 0.96282
vn 0.09659 0.25882 0.96108
vn 1E-05 0.25882 0.96593
vn -1E-05 0.2588 0.96593
vn -1E-05 0.2588 0.96593
vn -0.09658 0.2588 0.96109
vn 0.07744 0.25881 0.96282
vn 0 0.25881 0.96593
vn 0.06395 0.25881 0.96381
vn -2E-05 0.25882 0.96593
vn 0.06398 0.25881 0.96381
vn -2E-05 0.25882 0.96593
vn -1E-05 0.25883 0.96592
vn -0.09658 0.25882 0.96108
vn -0.07743 0.25883 0.96282
vn 0.22351 0.89452 -0.38713
vn 0.21755 0.89449 -0.3906
vn 0.04879 0.99762 -0.04881
vn 0.2295 0.89448 -0.38371
vn 0.22353 0.89452 -0.38713
vn 0.0488 0.99762 -0.0488
vn 3E-05 3E-05 -1
vn -0.99499 1E-05 -0.1
vn -0.99875 1E-05 -0.05007
vn -0.94598 0.31627 -0.07144
vn -0.94749 0.31623 -0.04749
vn -0.94393 0.31623 -0.09485
vn -0.94868 0.31623 -1E-05
vn -0.9475 0.31623 -0.04745
vn -0.94713 0.31623 -0.0542
vn -0.94599 0.31623 -0.07148
vn -0.94713 0.31623 -0.05421
vn -0.94749 0.31623 -0.04746
vn 1E-05 6E-05 -1
vn -0.99499 1E-05 -0.09999
vn -0.99499 -0 -0.09999
vn -0 0 -1
vn -2E-05 -0 -1
vn -0.7071 -2E-05 -0.70712
vn -0.99499 -2E-05 -0.09999
vn -0.09999 2E-05 -0.99499
vn -0.09999 2E-05 -0.99499
vn -0.7071 -1E-05 -0.70711
vn 0 1E-05 -1
vn -0.10002 -0 -0.99499
vn -0.7071 -2E-05 -0.70711
vn 0.22352 0.89452 0.38714
vn 0.22951 0.89448 0.38371
vn 0.00688 0.99762 0.06868
vn 0.21753 0.8945 0.39057
vn 0.22351 0.89454 0.3871
vn 0.00691 0.99762 0.06866
vn 1E-05 -0 -1
vn 1E-05 0 -1
vn -0.10001 -0 -0.99499
vn -0.07744 0.25882 -0.96282
vn -0.09659 0.25882 -0.96108
vn -1E-05 0.25882 -0.96593
vn 1E-05 0.25882 -0.96592
vn 1E-05 0.25882 -0.96592
vn 0.09658 0.25882 -0.96108
vn -0.07744 0.25881 -0.96282
vn -0 0.25881 -0.96593
vn -0.06395 0.25881 -0.96381
vn 2E-05 0.25882 -0.96593
vn -0.06398 0.25881 -0.96381
vn 2E-05 0.25882 -0.96593
vn 1E-05 0.25883 -0.96592
vn 0.09658 0.25882 -0.96108
vn 0.07743 0.25883 -0.96282
vn 0.99499 2E-05 -0.1
vn 0.99499 2E-05 -0.1
vn 0.70711 -1E-05 -0.70711
vn -0.22351 0.89452 0.38713
vn -0.21755 0.89449 0.3906
vn -0.04879 0.99762 0.04881
vn -0.22948 0.8945 0.38367
vn -0.22348 0.89454 0.38711
vn -0.0488 0.99762 0.0488
vn -0.3871 0.89454 0.22351
vn -0.38367 0.8945 0.22949
vn -0.06868 0.99762 0.00689
vn -0.39061 0.89448 0.21754
vn -0.38715 0.89452 0.2235
vn -0.06872 0.99761 0.00691
vn 0.96282 0.25881 -0.07745
vn 0.96109 0.25881 -0.09661
vn 0.96471 0.25881 -0.04843
vn 0.96281 0.25882 -0.07745
vn 0.96471 0.25882 -0.04846
vn 0.9638 0.25883 -0.06402
vn 1 1E-05 2E-05
vn 1 0 2E-05
vn -2E-05 -0 -1
vn -2E-05 1E-05 1
vn 1 -0 -2E-05
vn 0.7071 0 0.70711
vn 1 3E-05 -1E-05
vn 1 0 -1E-05
vn 0.70711 -0 0.70711
vn -0 -0 1
vn 1 -1E-05 -2E-05
vn 2E-05 1E-05 -1
vn -1 -0 2E-05
vn 2E-05 0 -1
vn 1 0 2E-05
vn 2E-05 -1E-05 -1
vn -1 1E-05 -2E-05
vn -1 0 -2E-05
vn 2E-05 -0 1
vn -2E-05 0 -1
vn -1 -1E-05 2E-05
vn -1 0 2E-05
vn -0.70711 -0 0.70711
vn -1 -0 -0
vn 2E-05 -2E-05 1
vn 1E-05 0 1
vn -0.70712 0 0.7071
vn 1E-05 3E-05 1
vn -0.68578 -0.72781 2E-05
vn -1 -3E-05 -2E-05
vn -0.70711 -0 0.70711
vn 2E-05 -0.7278 0.68579
vn 3E-05 3E-05 1
vn 0.7071 0 0.70711
vn -0.44143 0.46881 0.76509
vn -0.44143 0.46881 0.76509
vn -0.44143 0.46881 0.76509
vn -0.76324 0.47255 0.44064
vn -0.76324 0.47255 0.44064
vn 0.44194 0.46689 0.76596
vn 0.44194 0.46689 0.76596
vn 0.44194 0.46689 0.76596
vn 0.44194 0.46689 -0.76596
vn 0.44194 0.46689 -0.76596
vn 0.44194 0.46689 -0.76596
vn -0.76324 0.47255 -0.44064
vn -0.76324 0.47255 -0.44064
vn -0.76324 0.47255 -0.44064
vn -0.44143 0.46881 -0.76509
vn -0.44143 0.46881 -0.76509
vn -0.44143 0.46881 -0.76509
vn -0.88165 0.4719 -1E-05
vn -0.88165 0.4719 0.00097
vn -0.72294 0.6909 0.00385
vn -0.88433 0.46687 0
vn -0.88433 0.46687 0
vn -0.88433 0.46687 0
vn -0.72296 0.69088 -0.00385
vn -0.72296 0.69088 0.00385
vn -0.51138 0.85932 0.00729
vn -0.88166 0.47189 0
vn -0.72296 0.69088 0.00384
vn -0.72296 0.69088 -0.00385
vn -0.88167 0.47187 -0
vn -0.72297 0.69087 0.00385
vn -0.88167 0.47187 1E-05
vn -0.10995 0.99394 -2E-05
vn -0.5114 0.85931 0.00727
vn -0.26541 0.96411 0.00727
vn -0.51132 0.85939 4E-05
vn -0.72294 0.6909 -0.00385
vn -0.51134 0.85934 0.00729
vn -0.51132 0.85939 4E-05
vn -0.51132 0.85935 0.0084
vn -0.11005 0.99393 -1E-05
vn -0.11004 0.99393 -0
vn -0.26538 0.96412 0.00622
vn -0.1098 0.99393 0.00728
vn -0.11004 0.99393 0
vn -0.1098 0.99393 -0.00622
vn -0.26537 0.96412 -0.00729
vn -0.10995 0.99394 2E-05
vn -0.26541 0.96411 -0.00727
vn -0.5114 0.85931 -0.00727
vn -0.51133 0.85938 3E-05
vn -0.51135 0.85934 -0.00729
vn -0.72296 0.69088 -0.00385
vn -0.51132 0.85939 4E-05
vn -0.11002 0.99393 -0.00107
vn -0.51134 0.85935 -0.00728
vn 0 0.47188 -0.88166
vn -0.00098 0.47188 -0.88166
vn -0.00385 0.69089 -0.72295
vn 0 0.47227 -0.88145
vn 0.00385 0.69092 -0.72292
vn -0.00385 0.69092 -0.72292
vn -0.00729 0.85935 -0.51134
vn 0 0.47188 -0.88166
vn -0.00385 0.6909 -0.72294
vn 0.00385 0.6909 -0.72294
vn -0 0.47187 -0.88167
vn -0.00385 0.69091 -0.72293
vn 0 0.47187 -0.88167
vn 2E-05 0.99394 -0.10995
vn -0.00727 0.85931 -0.5114
vn -0.00727 0.96411 -0.26541
vn -4E-05 0.85939 -0.51132
vn 0.00385 0.6909 -0.72294
vn -0.00728 0.85934 -0.51135
vn -4E-05 0.85939 -0.51132
vn -0.0084 0.85935 -0.51132
vn 2E-05 0.99393 -0.11005
vn -0 0.99393 -0.11004
vn -0.00622 0.96412 -0.26538
vn -0.00729 0.99393 -0.1098
vn 0 0.99393 -0.11004
vn 0.00622 0.99393 -0.1098
vn 0.00729 0.96412 -0.26537
vn 2E-05 0.25883 0.96592
vn -0.07746 0.25883 0.96281
vn -0.06398 0.25883 0.9638
vn -2E-05 0.99394 -0.10995
vn 0.00727 0.96411 -0.26541
vn 0.00727 0.85931 -0.5114
vn -3E-05 0.85938 -0.51134
vn 0.00729 0.85934 -0.51136
vn 0.00385 0.69088 -0.72296
vn -3E-05 0.85939 -0.51132
vn 0.00107 0.99393 -0.11002
vn 0.00728 0.85935 -0.51134
vn 0 0.47192 0.88164
vn 0.00098 0.47192 0.88164
vn 0.00385 0.69092 0.72292
vn 0 0.47227 0.88145
vn -0.00385 0.69092 0.72292
vn 0.00385 0.69092 0.72292
vn 0.00729 0.85935 0.51134
vn 0 0.47188 0.88166
vn 0.00385 0.6909 0.72294
vn -0.00385 0.6909 0.72294
vn -0 0.47187 0.88167
vn 0.00384 0.69087 0.72297
vn -0 0.47187 0.88167
vn -2E-05 0.99394 0.10995
vn 0.00727 0.85931 0.5114
vn 0.00727 0.96411 0.26541
vn 3E-05 0.85936 0.51136
vn -0.00386 0.69087 0.72297
vn 0.00728 0.85932 0.51139
vn 3E-05 0.85939 0.51132
vn 0.0084 0.85935 0.51132
vn -2E-05 0.99393 0.11
vn 0 0.99393 0.11004
vn 0.00622 0.96412 0.26538
vn 0.00729 0.99393 0.1098
vn -0 0.99393 0.11004
vn -0.00622 0.99393 0.1098
vn -0.00729 0.96412 0.26537
vn -2E-05 0.25883 -0.96592
vn 0.07746 0.25883 -0.96281
vn 0.06398 0.25883 -0.9638
vn 2E-05 0.99394 0.10995
vn -0.00727 0.96411 0.26541
vn -0.00727 0.85931 0.5114
vn 3E-05 0.85941 0.51129
vn -0.00729 0.85936 0.51132
vn -0.00385 0.69092 0.72292
vn 3E-05 0.85939 0.51132
vn -0.00107 0.99393 0.11002
vn -0.00728 0.85935 0.51134
vt 0.01557 0.5479
vt 0.0121 0.53165
vt 0.01106 0.53184
vt 0.01183 0.52968
vt 0.00989 0.53364
vt 0.00948 0.53177
vt 0.01307 0.53245
vt 0.01282 0.52999
vt 0.02331 0.54715
vt 0.02377 0.54605
vt 0.01348 0.53132
vt 0.0195 0.54549
vt 0.03138 0.56975
vt 0.02673 0.55046
vt 0.02986 0.55468
vt 0.00945 0.53651
vt 0.00945 0.5582
vt 0.00876 0.53659
vt 0.00877 0.56079
vt 0.00851 0.53675
vt 0.02327 0.40488
vt 0.01109 0.37971
vt 0.01048 0.38023
vt 0.00948 0.37874
vt 0.00972 0.38176
vt 0.01176 0.37956
vt 0.01408 0.37969
vt 0.01418 0.37821
vt 0.01178 0.3781
vt 0.02985 0.39308
vt 0.04334 0.41407
vt 0.04224 0.42673
vt 0.0428 0.41509
vt 0.03191 0.42917
vt 0.04381 0.42132
vt 0.04498 0.42122
vt 0.04371 0.41339
vt 0.03128 0.43711
vt 0.02946 0.44421
vt 0.02987 0.44535
vt 0.04267 0.42776
vt 0.01944 0.4545
vt 0.02673 0.44954
vt 0.02376 0.45392
vt 0.03138 0.43025
vt 0.00945 0.38381
vt 0.00945 0.41422
vt 0.0195 0.40512
vt 0.00876 0.38358
vt 0.00877 0.41645
vt 0.00851 0.38311
vt 0.00385 0.64516
vt 0.00383 0.62671
vt 0.00299 0.62742
vt 0.00416 0.62387
vt 0.00367 0.64656
vt 0.00633 0.73555
vt 0.98476 0.73752
vt 0.99285 0.62791
vt 0.00297 0.62307
vt 0.00413 0.62204
vt 0.00884 0.73208
vt 0.00418 0.62508
vt 0.00814 0.7344
vt 0.00418 0.55981
vt 0.00416 0.55986
vt 0.00665 0.73894
vt 0.00897 0.73396
vt 0.00884 0.62205
vt 0.00393 0.64778
vt 0.98438 0.74026
vt 0.00367 0.64646
vt 0.55371 0.04914
vt 0.37386 0.06913
vt 0.55697 0.04476
vt 0.02275 0.30664
vt 0.02249 0.3067
vt 0.37742 0.0729
vt 0.99362 0.36016
vt 0.99433 0.35962
vt 0.05632 0.41969
vt 0.0564 0.41991
vt 0.05717 0.42169
vt 0.56339 0.04627
vt 0.99384 0.3607
vt 0.99309 0.36198
vt 0.99253 0.36123
vt 0.99333 0.36144
vt 0.98483 0.36194
vt 0.9849 0.36196
vt 0.99246 0.3612
vt 0.96465 0.38877
vt 0.98585 0.36975
vt 0.96262 0.38299
vt 0.01407 0.37072
vt 0.01415 0.36975
vt 0.98603 0.3721
vt 0.98593 0.37072
vt 0.01962 0.32889
vt 0.01938 0.32879
vt 0.02683 0.33175
vt 0.02874 0.32976
vt 0.0355 0.389
vt 0.02381 0.33116
vt 0.02327 0.33089
vt 0.02276 0.33064
vt 0.02105 0.32975
vt 0.01986 0.32898
vt 0.01951 0.3288
vt 0.01963 0.32857
vt 0.01941 0.32859
vt 0.01968 0.3289
vt 0.01996 0.32872
vt 0.01947 0.32842
vt 0.02395 0.32908
vt 0.02397 0.32862
vt 0.02659 0.32788
vt 0.02685 0.32887
vt 0.02803 0.32573
vt 0.02394 0.32968
vt 0.03094 0.31302
vt 0.03062 0.31275
vt 0.02832 0.32598
vt 0.03007 0.30986
vt 0.03047 0.31034
vt 0.02756 0.30806
vt 0.03108 0.31355
vt 0.02274 0.30678
vt 0.02253 0.30685
vt 0.02765 0.30796
vt 0.02314 0.30684
vt 0.05678 0.42105
vt 0.0237 0.31999
vt 0.02458 0.3187
vt 0.01739 0.3238
vt 0.01877 0.31394
vt 0.01888 0.3116
vt 0.01749 0.3244
vt 0.01157 0.31731
vt 0.01248 0.3188
vt 0.01183 0.37703
vt 0.01298 0.33898
vt 0.01248 0.33709
vt 0.02263 0.2094
vt 0.01342 0.33385
vt 0.01474 0.34022
vt 0.01673 0.34106
vt 0.01428 0.37717
vt 0.01979 0.21531
vt 0.00851 0.41736
vt 0.01637 0.32114
vt 0.02947 0.20797
vt 0.01575 0.3283
vt 0.01548 0.33144
vt 0.01703 0.32544
vt 0.01709 0.32486
vt 0.01786 0.33082
vt 0.01051 0.39309
vt 0.0095 0.40517
vt 0.01152 0.38156
vt 0.01249 0.37092
vt 0.0134 0.36143
vt 0.01422 0.3532
vt 0.01493 0.34626
vt 0.01555 0.34056
vt 0.01607 0.33595
vt 0.0165 0.33231
vt 0.01685 0.32949
vt 0.01713 0.32734
vt 0.01735 0.32574
vt 0.01752 0.32459
vt 0.01766 0.3238
vt 0.01776 0.32332
vt 0.01784 0.3231
vt 0.01789 0.32314
vt 0.01791 0.32359
vt 0.00733 0.42899
vt 0.01787 0.32487
vt 0.01776 0.32678
vt 0.01757 0.32952
vt 0.01726 0.33352
vt 0.01678 0.33936
vt 0.01608 0.34774
vt 0.01509 0.35943
vt 0.01376 0.37498
vt 0.01214 0.39423
vt 0.01032 0.4159
vt 0.00851 0.43763
vt 0.00878 0.46342
vt 0.00851 0.46325
vt 0.00877 0.43921
vt 0.00948 0.46823
vt 0.01979 0.42885
vt 0.01951 0.429
vt 0.01965 0.42875
vt 0.02457 0.44695
vt 0.02104 0.44001
vt 0.02099 0.45776
vt 0.02061 0.43672
vt 0.02292 0.45967
vt 0.01557 0.4521
vt 0.01307 0.46755
vt 0.02331 0.45285
vt 0.01349 0.46872
vt 0.00945 0.4418
vt 0.0121 0.46835
vt 0.01106 0.46816
vt 0.01183 0.47032
vt 0.01282 0.47001
vt 0.01372 0.4691
vt 0.00988 0.46633
vt 0.00945 0.46349
vt 0.04919 0.51208
vt 0.04967 0.52831
vt 0.04967 0.51091
vt 0.04969 0.5
vt 0.06678 0.50365
vt 0.06168 0.50733
vt 0.06828 0.5
vt 0.04921 0.52822
vt 0.04796 0.53239
vt 0.04833 0.5355
vt 0.04848 0.51434
vt 0.04848 0.52821
vt 0.04285 0.52407
vt 0.03834 0.52524
vt 0.04285 0.47593
vt 0.04462 0.46354
vt 0.04274 0.46484
vt 0.04245 0.46359
vt 0.03559 0.47529
vt 0.04848 0.48566
vt 0.04654 0.46456
vt 0.04509 0.46133
vt 0.04246 0.46294
vt 0.04372 0.46169
vt 0.04796 0.4676
vt 0.04833 0.4645
vt 0.04848 0.47179
vt 0.04919 0.48792
vt 0.04918 0.47178
vt 0.0384 0.47477
vt 0.03228 0.47866
vt 0.04654 0.53544
vt 0.04462 0.53646
vt 0.04509 0.53867
vt 0.04274 0.53516
vt 0.04372 0.53831
vt 0.03559 0.52471
vt 0.03229 0.52135
vt 0.04245 0.53637
vt 0.02665 0.5
vt 0.02161 0.50402
vt 0.02771 0.50834
vt 0.02707 0.5
vt 0.02088 0.50227
vt 0.02062 0.5
vt 0.02771 0.49166
vt 0.02954 0.51578
vt 0.02125 0.50525
vt 0.02014 0.5033
vt 0.02118 0.50578
vt 0.02088 0.49773
vt 0.01976 0.5
vt 0.02161 0.49598
vt 0.02014 0.4967
vt 0.02954 0.48422
vt 0.02126 0.49479
vt 0.04246 0.53705
vt 0.04967 0.48909
vt 0.04967 0.47169
vt 0.0616 0.49263
vt 0.02118 0.49422
vt 0.06673 0.49629
vt 0.12745 0.59012
vt 0.12597 0.41017
vt 0.12597 0.58983
vt 0.12413 0.38577
vt 0.12759 0.39688
vt 0.12739 0.40988
vt 0.12206 0.3898
vt 0.12206 0.6102
vt 0.01951 0.571
vt 0.01979 0.57115
vt 0.01965 0.57125
vt 0.02218 0.5569
vt 0.02457 0.55305
vt 0.0206 0.56344
vt 0.00851 0.56237
vt 0.01051 0.58635
vt 0.0095 0.57417
vt 0.01152 0.59844
vt 0.01249 0.61
vt 0.0134 0.62072
vt 0.01422 0.63035
vt 0.01493 0.63879
vt 0.01555 0.64602
vt 0.01607 0.65212
vt 0.0165 0.65721
vt 0.01685 0.6614
vt 0.01713 0.66483
vt 0.01735 0.66762
vt 0.01752 0.6699
vt 0.01766 0.67174
vt 0.01776 0.67325
vt 0.01784 0.6745
vt 0.01789 0.67556
vt 0.01791 0.67641
vt 0.00733 0.57101
vt 0.01787 0.67691
vt 0.01776 0.67667
vt 0.01757 0.67568
vt 0.01726 0.67363
vt 0.01678 0.67002
vt 0.01608 0.66414
vt 0.01509 0.65516
vt 0.01376 0.64229
vt 0.01214 0.62523
vt 0.01032 0.60471
vt 0.00851 0.58264
vt 0.00878 0.6164
vt 0.00851 0.61689
vt 0.00877 0.58355
vt 0.00948 0.62126
vt 0.0428 0.58491
vt 0.04381 0.57868
vt 0.04224 0.57327
vt 0.04268 0.57221
vt 0.03191 0.57083
vt 0.03128 0.56289
vt 0.02946 0.55579
vt 0.04498 0.57878
vt 0.04301 0.572
vt 0.02985 0.60692
vt 0.01418 0.62179
vt 0.04332 0.58589
vt 0.02327 0.59512
vt 0.01408 0.62031
vt 0.00945 0.58578
vt 0.01176 0.62044
vt 0.01178 0.62196
vt 0.01013 0.61925
vt 0.00945 0.61619
vt 0.01183 0.62297
vt 0.01944 0.59489
vt 0.13665 0.38307
vt 0.13665 0.38484
vt 0.13646 0.36908
vt 0.13706 0.35768
vt 0.13665 0.36877
vt 0.13659 0.35646
vt 0.13616 0.39102
vt 0.13616 0.36934
vt 0.13645 0.38802
vt 0.13604 0.39192
vt 0.05887 0.43494
vt 0.05887 0.56506
vt 0.13529 0.40292
vt 0.05832 0.42757
vt 0.13554 0.3974
vt 0.13592 0.3928
vt 0.1658 0.22916
vt 0.13866 0.3425
vt 0.16474 0.23592
vt 0.16715 0.22842
vt 0.88948 0.5005
vt 0.93344 0.4994
vt 0.75 0.10952
vt 0.75 0.31075
vt 0.75 0.2031
vt 0.56656 0.5006
vt 0.6611 0.5
vt 0.75 0.7969
vt 0.75 0.89048
vt 0.8389 0.5
vt 0.61052 0.4995
vt 0.75 0.68925
vt 0.75 0.83992
vt 0.59031 0.5
vt 0.90969 0.5
vt 0.75 0.16008
vt 0.40939 0.5
vt 0.25 0.83929
vt 0.25 0.16071
vt 0.09061 0.5
vt 0.94776 0.5
vt 0.95483 0.45361
vt 0.96025 0.5
vt 0.96331 0.5
vt 0.95483 0.54639
vt 0.9576 0.55283
vt 0.9618 0.53389
vt 0.9576 0.44717
vt 0.9618 0.46611
vt 0.94984 0.5
vt 0.95238 0.45805
vt 0.95238 0.54195
vt 0.9167 0.5
vt 0.75 0.85484
vt 0.89106 0.72331
vt 0.75 0.14516
vt 0.89106 0.27669
vt 0.5833 0.5
vt 0.60894 0.27669
vt 0.60894 0.72331
vt 0.25 0.8276
vt 0.40391 0.5
vt 0.09609 0.5
vt 0.25 0.1724
vt 0.96859 0.49999
vt 0.97372 0.5552
vt 0.97742 0.50001
vt 0.97372 0.4448
vt 0.5493 0.5
vt 0.75 0.92725
vt 0.9507 0.5
vt 0.75 0.07275
vt 0.42782 0.91882
vt 0.43944 0.92218
vt 0.24894 0.97124
vt 0.24914 0.99233
vt 0.25106 1
vt 0.25086 0.95703
vt 0.06056 0.92218
vt 0.0744 0.91809
vt 0.25 0.87793
vt 0.25 0.94499
vt 0.45904 0.5
vt 0.07357 0.5
vt 0.04095 0.5
vt 0.42867 0.5
vt 0.25 0.05501
vt 0.25 0.12207
vt 0.04475 0.25785
vt 0.03535 0.2553
vt 0.02279 0.24662
vt 0.02951 0.42903
vt 0.02283 0.42842
vt 0.02956 0.24748
vt 0.01682 0.36474
vt 0.02218 0.36525
vt 0.42782 0.08118
vt 0.43944 0.07782
vt 0.24894 0
vt 0.24914 0.04297
vt 0.25106 0.02876
vt 0.25086 0.00766
vt 0.06056 0.07782
vt 0.0744 0.08191
vt 0.48055 0.36497
vt 0.48318 0.36474
vt 0.47716 0.2463
vt 0.47313 0.42869
vt 0.47721 0.42855
vt 0.47318 0.24729
vt 0.46465 0.2553
vt 0.45783 0.25709
vt 0.48055 0.63503
vt 0.48318 0.63526
vt 0.47716 0.57158
vt 0.47313 0.75303
vt 0.47721 0.75338
vt 0.47318 0.57118
vt 0.46465 0.7447
vt 0.45783 0.74291
vt 0.04475 0.74215
vt 0.03535 0.7447
vt 0.02279 0.57145
vt 0.02951 0.7522
vt 0.02283 0.7537
vt 0.02956 0.5711
vt 0.01682 0.63526
vt 0.02218 0.63475
vt 0.39054 0.08643
vt 0.40327 0.09039
vt 0.40322 0.09061
vt 0.41059 0.09357
vt 0.38403 0.08762
vt 0.37729 0.08218
vt 0.40342 0.09014
vt 0.41762 0.09679
vt 0.40487 0.08885
vt 0.41882 0.0954
vt 0.37834 0.079
vt 0.40752 0.08739
vt 0.42066 0.09322
vt 0.0559 0.41819
vt 0.378 0.07991
vt 0.37771 0.08078
vt 0.37862 0.07879
vt 0.39361 0.08261
vt 0.45757 0.088
vt 0.41425 0.0902
vt 0.43909 0.0871
vt 0.37839 0.07874
vt 0.05713 0.42241
vt 0.55083 0.0536
vt 0.05717 0.57831
vt 0.05772 0.5766
vt 0.05723 0.57774
vt 0.05723 0.42226
vt 0.37707 0.08306
vt 0.16844 0.20672
vt 0.05887 0.43522
vt 0.02437 0.30711
vt 0.02309 0.30668
vt 0.16975 0.20931
vt 0.41882 0.9046
vt 0.39843 0.91109
vt 0.41762 0.90321
vt 0.41762 0.90284
vt 0.41933 0.9041
vt 0.42029 0.90235
vt 0.42016 0.90265
vt 0.37729 0.91782
vt 0.37706 0.91694
vt 0.38403 0.91238
vt 0.16844 0.79326
vt 0.16987 0.79101
vt 0.37771 0.91922
vt 0.42065 0.90678
vt 0.378 0.92009
vt 0.37839 0.92126
vt 0.37862 0.92121
vt 0.0564 0.58009
vt 0.05632 0.58031
vt 0.05677 0.57898
vt 0.37755 0.9268
vt 0.55371 0.95086
vt 0.02309 0.69332
vt 0.0355 0.611
vt 0.03139 0.68302
vt 0.03062 0.68745
vt 0.02768 0.69092
vt 0.02708 0.69133
vt 0.02651 0.69171
vt 0.02437 0.69289
vt 0.05578 0.58226
vt 0.05713 0.57759
vt 0.40086 0.91505
vt 0.55083 0.9464
vt 0.42099 0.90633
vt 0.43909 0.9129
vt 0.42128 0.90591
vt 0.55697 0.95524
vt 0.55689 0.94529
vt 0.37386 0.93087
vt 0.56339 0.95373
vt 0.99433 0.64038
vt 0.51386 0.64969
vt 0.47585 0.87092
vt 0.47539 0.87341
vt 0.47479 0.87572
vt 0.47322 0.8855
vt 0.47103 0.8971
vt 0.45882 0.91148
vt 0.02282 0.69348
vt 0.02254 0.69363
vt 0.97643 0.64118
vt 0.96977 0.59308
vt 0.97643 0.35882
vt 0.98087 0.26171
vt 0.96971 0.40675
vt 0.95787 0.72546
vt 0.75085 0.95797
vt 0.59323 0.93297
vt 0.90677 0.06703
vt 0.95787 0.27454
vt 0.90677 0.93297
vt 0.74915 0.04203
vt 0.56273 0.0514
vt 0.55981 0.0553
vt 0.54213 0.72546
vt 0.56598 0.04759
vt 0.59323 0.06703
vt 0.55981 0.9447
vt 0.53445 0.28226
vt 0.5308 0.28251
vt 0.52347 0.26923
vt 0.52832 0.39669
vt 0.52347 0.39153
vt 0.52832 0.26696
vt 0.51894 0.35351
vt 0.53782 0.28074
vt 0.52102 0.35422
vt 0.5226 0.35548
vt 0.90597 0.05321
vt 0.91243 0.04955
vt 0.75 0.00372
vt 0.75 0.03484
vt 0.75 0.02249
vt 0.75 0.01073
vt 0.58757 0.04955
vt 0.903 0.05781
vt 0.59403 0.05321
vt 0.597 0.05781
vt 0.97898 0.35422
vt 0.98106 0.35351
vt 0.97653 0.26923
vt 0.97168 0.39669
vt 0.97653 0.39153
vt 0.97168 0.26696
vt 0.9692 0.28251
vt 0.9774 0.35548
vt 0.96555 0.28226
vt 0.96218 0.28074
vt 0.97898 0.64578
vt 0.98106 0.64649
vt 0.97653 0.60847
vt 0.97168 0.73304
vt 0.97653 0.73077
vt 0.97168 0.60331
vt 0.9692 0.71749
vt 0.9774 0.64452
vt 0.96555 0.71774
vt 0.96218 0.71926
vt 0.90597 0.94679
vt 0.91243 0.95045
vt 0.75 0.97751
vt 0.75 0.98926
vt 0.75 0.99628
vt 0.75 0.96516
vt 0.58757 0.95045
vt 0.903 0.94219
vt 0.59403 0.94679
vt 0.597 0.94219
vt 0.53445 0.71774
vt 0.5308 0.71749
vt 0.52347 0.60847
vt 0.52832 0.73304
vt 0.52347 0.73077
vt 0.52832 0.60331
vt 0.51894 0.64649
vt 0.53782 0.71926
vt 0.52102 0.64578
vt 0.5226 0.64452
vt 0.55689 0.05471
vt 0.51652 0.35059
vt 0.51386 0.35031
vt 0.47103 0.1029
vt 0.05887 0.56478
vt 0.52357 0.35882
vt 0.54213 0.27454
vt 0.53029 0.26081
vt 0.75085 0.0127
vt 0.51652 0.6494
vt 0.53023 0.73885
vt 0.56273 0.9486
vt 0.52357 0.64118
vt 0.48898 0.38274
vt 0.47314 0.11405
vt 0.4748 0.12431
vt 0.47541 0.1267
vt 0.47585 0.12908
vt 0.48604 0.26077
vt 0.48884 0.62687
vt 0.05822 0.42317
vt 0.44016 0.08952
vt 0.42099 0.09367
vt 0.45465 0.09189
vt 0.44056 0.09114
vt 0.47152 0.12479
vt 0.46723 0.10347
vt 0.47137 0.12525
vt 0.47262 0.12956
vt 0.48313 0.26109
vt 0.47106 0.12981
vt 0.48662 0.38287
vt 0.48646 0.62672
vt 0.47137 0.87475
vt 0.47262 0.87044
vt 0.46723 0.89653
vt 0.47147 0.8752
vt 0.45562 0.9077
vt 0.4654 0.89623
vt 0.44016 0.91048
vt 0.41762 0.09716
vt 0.42037 0.09735
vt 0.41933 0.0959
vt 0.13842 0.34194
vt 0.13796 0.3414
vt 0.38551 0.08761
vt 0.41899 0.09787
vt 0.42379 0.09759
vt 0.42029 0.09765
vt 0.05553 0.41676
vt 0.0265 0.30828
vt 0.02708 0.30867
vt 0.02768 0.30908
vt 0.0309 0.31318
vt 0.03139 0.31698
vt 0.0572 0.42234
vt 0.05636 0.41945
vt 0.13842 0.65806
vt 0.13866 0.6575
vt 0.16605 0.76818
vt 0.13796 0.6586
vt 0.1673 0.77201
vt 0.13658 0.64332
vt 0.13706 0.64231
vt 0.0572 0.57766
vt 0.05855 0.57068
vt 0.05639 0.58046
vt 0.05149 0.57762
vt 0.05345 0.58036
vt 0.05553 0.58324
vt 0.38551 0.91239
vt 0.41942 0.90222
vt 0.1658 0.77084
vt 0.13665 0.61516
vt 0.13645 0.61198
vt 0.13616 0.60898
vt 0.13604 0.60808
vt 0.13592 0.6072
vt 0.13598 0.60801
vt 0.13598 0.60868
vt 0.13585 0.60946
vt 0.1355 0.60977
vt 0.13665 0.61693
vt 0.13665 0.63123
vt 0.13646 0.63092
vt 0.13616 0.63066
vt 0.56598 0.95241
vt 0.99362 0.63984
vt 0.99333 0.63857
vt 0.99166 0.63016
vt 0.96971 0.73919
vt 0.98087 0.64073
vt 0.74915 0.9873
vt 0.98225 0.74052
vt 0.98174 0.74412
vt 0.98129 0.74508
vt 0.98098 0.74309
vt 0.98087 0.73829
vt 0.99309 0.63802
vt 0.99384 0.63929
vt 0.05773 0.42343
vt 0.99192 0.62055
vt 0.99186 0.62453
vt 0.99177 0.6279
vt 0.97651 0.3571
vt 0.98098 0.25691
vt 0.96977 0.26115
vt 0.9595 0.27808
vt 0.98129 0.25492
vt 0.97651 0.6429
vt 0.98087 0.35927
vt 0.9595 0.72192
vt 0.90345 0.93736
vt 0.59655 0.93736
vt 0.5405 0.72192
vt 0.53029 0.59325
vt 0.53023 0.40692
vt 0.52349 0.6429
vt 0.5405 0.27808
vt 0.52349 0.3571
vt 0.90345 0.06264
vt 0.98174 0.25588
vt 0.59655 0.06264
vt 0.98225 0.25948
vt 0.99194 0.43761
vt 0.99194 0.38349
vt 0.99192 0.37945
vt 0.99194 0.56239
vt 0.99166 0.36984
vt 0.99177 0.3721
vt 0.99186 0.37547
vt 0.99194 0.61651
vt 0.99224 0.43728
vt 0.993 0.3795
vt 0.99222 0.38292
vt 0.99192 0.5584
vt 0.99192 0.4416
vt 0.99186 0.55527
vt 0.99186 0.44473
vt 0.993 0.44021
vt 0.99303 0.43712
vt 0.99177 0.55346
vt 0.99177 0.44654
vt 0.99295 0.44262
vt 0.99166 0.55329
vt 0.99166 0.44671
vt 0.9929 0.444
vt 0.98225 0.61017
vt 0.98225 0.38983
vt 0.983 0.38624
vt 0.99199 0.44494
vt 0.98174 0.61477
vt 0.98174 0.38523
vt 0.98129 0.62228
vt 0.98129 0.37772
vt 0.98438 0.38101
vt 0.98476 0.38461
vt 0.98098 0.63149
vt 0.98098 0.36851
vt 0.98407 0.37526
vt 0.98388 0.36826
vt 0.9819 0.26368
vt 0.98184 0.3607
vt 0.98388 0.26064
vt 0.98386 0.26436
vt 0.98407 0.25906
vt 0.98438 0.25974
vt 0.99202 0.37143
vt 0.98295 0.26162
vt 0.9929 0.37382
vt 0.99285 0.37209
vt 0.99295 0.37642
vt 0.99224 0.61709
vt 0.993 0.55979
vt 0.99222 0.56271
vt 0.993 0.6205
vt 0.99303 0.61737
vt 0.99295 0.62358
vt 0.9929 0.62618
vt 0.983 0.73832
vt 0.99199 0.62862
vt 0.98407 0.74094
vt 0.98388 0.73936
vt 0.9819 0.63926
vt 0.98184 0.73637
vt 0.98388 0.63174
vt 0.98386 0.63876
vt 0.98407 0.62474
vt 0.98438 0.61899
vt 0.99202 0.55511
vt 0.98295 0.61366
vt 0.9929 0.556
vt 0.99285 0.5559
vt 0.99295 0.55738
vt 0.98593 0.62928
vt 0.01415 0.63025
vt 0.98585 0.63025
vt 0.01959 0.67125
vt 0.01941 0.67148
vt 0.01397 0.6279
vt 0.01407 0.62928
vt 0.96254 0.6169
vt 0.9849 0.63804
vt 0.96459 0.61113
vt 0.99246 0.6388
vt 0.99253 0.63877
vt 0.98486 0.63704
vt 0.98483 0.63806
vt 0.99243 0.63776
vt 0.0227 0.6936
vt 0.02273 0.69322
vt 0.02252 0.69337
vt 0.02288 0.69345
vt 0.02314 0.69316
vt 0.02253 0.69315
vt 0.02765 0.69204
vt 0.02756 0.69194
vt 0.03007 0.69014
vt 0.03047 0.68966
vt 0.03062 0.68725
vt 0.02768 0.69166
vt 0.02832 0.67402
vt 0.02803 0.67427
vt 0.03094 0.68698
vt 0.02659 0.67212
vt 0.02685 0.67113
vt 0.02397 0.67138
vt 0.02845 0.67351
vt 0.01963 0.67143
vt 0.01947 0.67158
vt 0.02395 0.67092
vt 0.01996 0.67128
vt 0.05617 0.41957
vt 0.01248 0.6812
vt 0.01157 0.68269
vt 0.01739 0.6762
vt 0.01877 0.68606
vt 0.01888 0.6884
vt 0.01749 0.6756
vt 0.02458 0.6813
vt 0.0237 0.68001
vt 0.13554 0.60258
vt 0.13529 0.59708
vt 0.03607 0.60726
vt 0.05375 0.57341
vt 0.05153 0.57654
vt 0.05657 0.57208
vt 0.01986 0.67102
vt 0.02089 0.67034
vt 0.02276 0.66936
vt 0.02328 0.66911
vt 0.02381 0.66884
vt 0.02721 0.66836
vt 0.02874 0.67024
vt 0.01991 0.67113
vt 0.02281 0.66981
vt 0.02289 0.67038
vt 0.02386 0.6693
vt 0.02705 0.66928
vt 0.02394 0.66986
vt 0.03117 0.68332
vt 0.02853 0.67053
vt 0.03036 0.68787
vt 0.03108 0.68377
vt 0.02645 0.69161
vt 0.02763 0.69082
vt 0.02311 0.69321
vt 0.0557 0.58234
vt 0.01673 0.65894
vt 0.01474 0.65978
vt 0.013 0.661
vt 0.01428 0.62283
vt 0.03046 0.60915
vt 0.01893 0.65885
vt 0.0221 0.65904
vt 0.43994 0.90739
vt 0.42502 0.90523
vt 0.43838 0.9096
vt 0.45436 0.90674
vt 0.01548 0.66856
vt 0.01786 0.66918
vt 0.01344 0.66618
vt 0.0203 0.66878
vt 0.02307 0.66519
vt 0.16089 0.77339
vt 0.38707 0.91831
vt 0.38792 0.91748
vt 0.38805 0.91661
vt 0.42406 0.90242
vt 0.4268 0.90315
vt 0.0237 0.66139
vt 0.04371 0.58661
vt 0.1198 0.65975
vt 0.11816 0.67478
vt 0.1215 0.67525
vt 0.12156 0.65947
vt 0.12341 0.67147
vt 0.11978 0.65939
vt 0.12253 0.65839
vt 0.12415 0.66649
vt 0.12331 0.65718
vt 0.12528 0.66005
vt 0.12432 0.65578
vt 0.12705 0.65388
vt 0.13119 0.62408
vt 0.13002 0.63957
vt 0.12567 0.65274
vt 0.13262 0.62501
vt 0.13318 0.61942
vt 0.01893 0.34115
vt 0.02209 0.34096
vt 0.03046 0.39085
vt 0.42502 0.09477
vt 0.38805 0.08339
vt 0.4268 0.09685
vt 0.43838 0.0904
vt 0.38792 0.08253
vt 0.38707 0.08169
vt 0.16089 0.22662
vt 0.0203 0.33122
vt 0.02307 0.33482
vt 0.45336 0.09376
vt 0.452 0.09192
vt 0.43994 0.09261
vt 0.13318 0.38059
vt 0.13262 0.37499
vt 0.13384 0.38515
vt 0.12606 0.34693
vt 0.13002 0.36043
vt 0.13118 0.38294
vt 0.13124 0.37589
vt 0.12705 0.34612
vt 0.12513 0.33936
vt 0.1238 0.34068
vt 0.12419 0.33383
vt 0.12473 0.3431
vt 0.12317 0.3383
vt 0.12348 0.32882
vt 0.12219 0.33617
vt 0.12133 0.32463
vt 0.11816 0.32522
vt 0.11983 0.33635
vt 0.0237 0.33861
vt 0.47106 0.87019
vt 0.46836 0.88027
vt 0.46855 0.87924
vt 0.47058 0.87236
vt 0.47 0.87438
vt 0.4706 0.12774
vt 0.46855 0.12079
vt 0.46546 0.10963
vt 0.46499 0.1084
vt 0.46839 0.11985
vt 0.47 0.12562
vt 0.46509 0.10843
vt 0.46493 0.10787
vt 0.02131 0.54116
vt 0.02099 0.54224
vt 0.46493 0.89213
vt 0.46499 0.8916
vt 0.46515 0.8914
vt 0.46546 0.89037
vt 0.05149 0.42238
vt 0.05578 0.41807
vt 0.02311 0.30679
vt 0.02645 0.30839
vt 0.0265 0.30804
vt 0.02763 0.30918
vt 0.03062 0.31271
vt 0.02768 0.30884
vt 0.02853 0.32947
vt 0.03117 0.31668
vt 0.02671 0.3308
vt 0.02845 0.32905
vt 0.02281 0.33019
vt 0.02386 0.3307
vt 0.01991 0.32887
vt 0.03607 0.39274
vt 0.01397 0.3721
vt 0.05153 0.4235
vt 0.05597 0.42837
vt 0.05375 0.42659
vt 0.05694 0.4215
vt 0.0565 0.42053
vt 0.02941 0.46069
vt 0.12733 0.36243
vt 0.12435 0.34835
vt 0.12315 0.34676
vt 0.12503 0.34778
vt 0.1237 0.34558
vt 0.11422 0.38114
vt 0.12993 0.37676
vt 0.11924 0.37986
vt 0.13259 0.38785
vt 0.13544 0.39249
vt 0.12883 0.58978
vt 0.13544 0.60751
vt 0.13571 0.60767
vt 0.12883 0.41022
vt 0.13541 0.39135
vt 0.1357 0.39233
vt 0.11924 0.62014
vt 0.13259 0.61214
vt 0.13541 0.60865
vt 0.12413 0.61423
vt 0.12759 0.60312
vt 0.13118 0.61706
vt 0.13384 0.61485
vt 0.12993 0.62324
vt 0.12435 0.65165
vt 0.12733 0.63757
vt 0.11422 0.61886
vt 0.02941 0.53931
vt 0.03259 0.5483
vt 0.12335 0.65319
vt 0.03784 0.48761
vt 0.02575 0.46033
vt 0.03644 0.5
vt 0.03784 0.51239
vt 0.04168 0.52181
vt 0.0343 0.5534
vt 0.0231 0.54027
vt 0.04168 0.47819
vt 0.0326 0.45167
vt 0.0343 0.44661
vt 0.04257 0.48186
vt 0.11447 0.38421
vt 0.03967 0.49057
vt 0.04253 0.48353
vt 0.0386 0.5
vt 0.03967 0.50943
vt 0.11446 0.61568
vt 0.04256 0.51825
vt 0.11376 0.61374
vt 0.94615 0.58146
vt 0.94621 0.58139
vt 0.94386 0.577
vt 0.94863 0.57798
vt 0.94609 0.58153
vt 0.9615 0.61415
vt 0.94533 0.57908
vt 0.94381 0.57707
vt 0.96522 0.60914
vt 0.98603 0.6279
vt 0.94902 0.57743
vt 0.94374 0.57171
vt 0.94637 0.5738
vt 0.99243 0.57553
vt 0.97944 0.59582
vt 0.00292 0.61683
vt 0.99303 0.56288
vt 0.00292 0.5642
vt 0.00297 0.5587
vt 0.00299 0.55723
vt 0.98476 0.61539
vt 0.00633 0.61717
vt 0.00665 0.62655
vt 0.0067 0.64049
vt 0.98386 0.73564
vt 0.0067 0.73359
vt 0.00376 0.61708
vt 0.00411 0.61986
vt 0.00411 0.61764
vt 0.00413 0.5608
vt 0.00411 0.56249
vt 0.00374 0.56433
vt 0.00385 0.55806
vt 0.00909 0.62861
vt 0.00897 0.62462
vt 0.00809 0.61861
vt 0.00857 0.63972
vt 0.00917 0.63342
vt 0.0092 0.63822
vt 0.00909 0.73437
vt 0.00917 0.73319
vt 0.00852 0.73262
vt 0.0092 0.73056
vt 0.00411 0.56467
vt 0.00418 0.37492
vt 0.00418 0.44019
vt 0.00884 0.37795
vt 0.00383 0.44199
vt 0.00884 0.26792
vt 0.00897 0.37538
vt 0.00665 0.37345
vt 0.00814 0.38129
vt 0.00416 0.37613
vt 0.00416 0.44014
vt 0.00413 0.37796
vt 0.00413 0.4392
vt 0.00299 0.44277
vt 0.00411 0.38014
vt 0.00411 0.43751
vt 0.00297 0.4413
vt 0.00411 0.38236
vt 0.00411 0.43533
vt 0.00374 0.38293
vt 0.00376 0.43566
vt 0.00292 0.38317
vt 0.00297 0.37693
vt 0.00809 0.26553
vt 0.00385 0.37334
vt 0.00897 0.26604
vt 0.00909 0.37139
vt 0.00909 0.26563
vt 0.00633 0.26445
vt 0.00917 0.36658
vt 0.00917 0.26681
vt 0.00665 0.26106
vt 0.0092 0.36178
vt 0.0092 0.26944
vt 0.00852 0.36024
vt 0.00857 0.26744
vt 0.0067 0.35951
vt 0.99285 0.4441
vt 0.00633 0.38283
vt 0.00292 0.4358
vt 0.98386 0.36124
vt 0.0067 0.26641
vt 0.004 0.34992
vt 0.98476 0.26248
vt 0.00379 0.35006
vt 0.00359 0.35027
vt 0.00245 0.3533
vt 0.00379 0.357
vt 0.00245 0.35352
vt 0.00342 0.35642
vt 0.00299 0.37258
vt 0.0036 0.3567
vt 0.99303 0.38263
vt 0.94872 0.42174
vt 0.94911 0.42229
vt 0.94619 0.41816
vt 0.94648 0.42588
vt 0.96529 0.39076
vt 0.94966 0.42308
vt 0.96283 0.38384
vt 0.98486 0.36296
vt 0.94654 0.41872
vt 0.94616 0.41817
vt 0.94253 0.42374
vt 0.05211 0.42873
vt 0.05192 0.42626
vt 0.05229 0.42856
vt 0.0529 0.42925
vt 0.05223 0.42865
vt 0.05243 0.42947
vt 0.05257 0.43046
vt 0.0517 0.42481
vt 0.05459 0.42926
vt 0.05349 0.42994
vt 0.05531 0.42881
vt 0.01831 0.41522
vt 0.99079 0.43328
vt 0.99079 0.56672
vt 0.99393 0.57678
vt 0.00921 0.43328
vt 0.03719 0.46213
vt 0.02724 0.43412
vt 0.03139 0.44937
vt 0.04466 0.5
vt 0.05211 0.57127
vt 0.05216 0.42873
vt 0.05216 0.57127
vt 0.05235 0.42961
vt 0.98168 0.45239
vt 0.98175 0.54761
vt 0.97276 0.56588
vt 0.97328 0.56595
vt 0.98168 0.58478
vt 0.98167 0.58293
vt 0.97449 0.46158
vt 0.97269 0.5
vt 0.98167 0.54987
vt 0.9737 0.5661
vt 0.99023 0.56675
vt 0.98974 0.56686
vt 0.96281 0.46213
vt 0.96394 0.48105
vt 0.95534 0.5
vt 0.95582 0.5
vt 0.94957 0.57665
vt 0.96387 0.51895
vt 0.96382 0.51685
vt 0.9686 0.47439
vt 0.96382 0.48315
vt 0.95619 0.5
vt 0.97213 0.5
vt 0.97162 0.5
vt 0.98175 0.41521
vt 0.97276 0.43412
vt 0.97328 0.43405
vt 0.98167 0.45013
vt 0.96861 0.44937
vt 0.98167 0.41707
vt 0.9737 0.4339
vt 0.99023 0.43325
vt 0.98974 0.43314
vt 0.00977 0.43325
vt 0.00921 0.56672
vt 0.01825 0.45239
vt 0.01833 0.45013
vt 0.00607 0.57678
vt 0 0.56446
vt 0.01833 0.41707
vt 0.01026 0.43314
vt 0.01831 0.54761
vt 0.02672 0.43405
vt 0.02551 0.46158
vt 0.0263 0.4339
vt 0.03139 0.47439
vt 0.03613 0.48105
vt 0.02731 0.5
vt 0.02787 0.5
vt 0.02724 0.56588
vt 0.03606 0.51895
vt 0.03618 0.51685
vt 0.03618 0.48315
vt 0.02838 0.5
vt 0.04418 0.5
vt 0.04381 0.5
vt 0.00977 0.56675
vt 0.01825 0.58479
vt 0.01833 0.58293
vt 0.01833 0.54987
vt 0.01026 0.56686
vt 0.02672 0.56595
vt 0.0263 0.5661
vt 1 0.589
vt 0.00578 0.57493
vt 0.00409 0.56662
vt 0.99591 0.58319
vt 0.00409 0.58319
vt 1 0.5866
vt 0.99422 0.57493
vt 1 0.56317
vt 0.99591 0.56662
vt 0.97498 0.46251
vt 0.97333 0.45412
vt 0.96545 0.47135
vt 0.97333 0.47108
vt 0.96937 0.47472
vt 0.96384 0.46302
vt 0.96937 0.45086
vt 0.96545 0.45456
vt 0.03616 0.46302
vt 0.03455 0.45456
vt 0.02667 0.47108
vt 0.03455 0.47135
vt 0.03063 0.47472
vt 0.02502 0.46251
vt 0.03063 0.45086
vt 0.02667 0.45412
vt 0.94709 0.42782
vt 0.94388 0.42799
vt 0.94698 0.57186
vt 0.9439 0.42933
vt 0.94375 0.57037
vt 0.93716 0.42877
vt 0.93713 0.42744
vt 0.93587 0.56556
vt 0.93585 0.43452
vt 0.93411 0.43999
vt 0.93711 0.57102
vt 0.93661 0.4282
vt 0.93465 0.55956
vt 0.93465 0.44044
vt 0.93453 0.55874
vt 0.93453 0.44126
vt 0.93391 0.44213
vt 0.93449 0.55788
vt 0.93449 0.44212
vt 0.93391 0.55787
vt 0.93411 0.56001
vt 0.93657 0.57159
vt 0.93709 0.57234
vt 0.05169 0.57526
vt 0.05192 0.57374
vt 0.05257 0.56954
vt 0.05235 0.57039
vt 0.05243 0.5705
vt 0.05222 0.57135
vt 0.06298 0.42937
vt 0.06298 0.57063
vt 0.06301 0.57196
vt 0.05302 0.56979
vt 0.06417 0.43464
vt 0.06421 0.56516
vt 0.06589 0.56001
vt 0.06353 0.5712
vt 0.06535 0.44044
vt 0.06535 0.55956
vt 0.06547 0.44126
vt 0.06547 0.55874
vt 0.06608 0.55787
vt 0.06551 0.44212
vt 0.06551 0.55788
vt 0.06608 0.44213
vt 0.06589 0.43999
vt 0.06353 0.42881
vt 0.05304 0.4302
vt 0.06301 0.42805
vt 0.02604 0.5663
vt 0.02598 0.56653
vt 0.01844 0.5512
vt 0.01844 0.58244
vt 0.01082 0.56725
vt 0.01063 0.56703
vt 0.0122 0.57088
vt 0.01944 0.5556
vt 0.0195 0.58526
vt 0.02665 0.57012
vt 0.03835 0.48484
vt 0.03138 0.5
vt 0.04522 0.5
vt 0.0384 0.51516
vt 0.01944 0.41473
vt 0.0122 0.42912
vt 0.02665 0.42988
vt 0.0195 0.4444
vt 0.11376 0.38626
vt 0.04253 0.51647
vt 0.11738 0.64984
vt 0.03437 0.5537
vt 0.11651 0.64934
vt 0.03436 0.55363
vt 0.0318 0.5512
vt 0.03016 0.55437
vt 0.02403 0.54574
vt 0.01372 0.5309
vt 0.03436 0.44638
vt 0.11651 0.35066
vt 0.03437 0.4463
vt 0.11825 0.34971
vt 0.11896 0.34597
vt 0.02496 0.44742
vt 0.02403 0.45426
vt 0.03016 0.44563
vt 0.04301 0.428
vt 0.13569 0.60343
vt 0.13583 0.60739
vt 0.13553 0.6006
vt 0.13552 0.39953
vt 0.13568 0.39672
vt 0.13598 0.39199
vt 0.07913 0.42674
vt 0.07638 0.42455
vt 0.06064 0.4252
vt 0.07618 0.42339
vt 0.08078 0.43178
vt 0.05938 0.425
vt 0.06046 0.42398
vt 0.07908 0.42568
vt 0.07584 0.42312
vt 0.05935 0.43541
vt 0.08601 0.51341
vt 0.08111 0.43152
vt 0.05894 0.42873
vt 0.0591 0.56984
vt 0.08078 0.56822
vt 0.08626 0.51345
vt 0.05935 0.56459
vt 0.08101 0.43157
vt 0.06064 0.5748
vt 0.07891 0.57364
vt 0.08111 0.56848
vt 0.05939 0.575
vt 0.07638 0.57545
vt 0.07882 0.57476
vt 0.08101 0.56843
vt 0.06046 0.57602
vt 0.07618 0.57661
vt 0.05818 0.5757
vt 0.05822 0.57683
vt 0.05818 0.4243
vt 0.07772 0.43405
vt 0.07567 0.42823
vt 0.0832 0.5
vt 0.07725 0.43441
vt 0.07492 0.42992
vt 0.07772 0.56595
vt 0.0821 0.5
vt 0.07667 0.43486
vt 0.07725 0.56559
vt 0.07567 0.57177
vt 0.05599 0.57165
vt 0.05534 0.57122
vt 0.05229 0.57144
vt 0.05459 0.57074
vt 0.0529 0.57075
vt 0.94369 0.42722
vt 0.99243 0.36224
vt 0.97951 0.40416
vt 0.94078 0.42436
vt 0.94389 0.42382
vt 0.97944 0.45394
vt 0.96145 0.47463
vt 0.97309 0.5
vt 0.97345 0.5
vt 0.97951 0.54605
vt 0.96138 0.52537
vt 0.96178 0.52514
vt 0.99243 0.43128
vt 0.91524 0.51391
vt 0.95024 0.5
vt 0.96178 0.47486
vt 0.9505 0.5
vt 0.92049 0.56775
vt 0.96837 0.42972
vt 0.94061 0.42556
vt 0.9205 0.43219
vt 0.92223 0.42706
vt 0.92482 0.4251
vt 0.99243 0.42447
vt 0.99252 0.42616
vt 0.99255 0.42786
vt 0.98061 0.40548
vt 0.9927 0.42927
vt 0.96874 0.43052
vt 0.98061 0.45469
vt 0.99243 0.56872
vt 0.99252 0.57043
vt 0.99252 0.42956
vt 0.98061 0.54531
vt 0.9927 0.57073
vt 0.96837 0.57028
vt 0.94484 0.57568
vt 0.96874 0.56948
vt 0.94457 0.57476
vt 0.94431 0.57383
vt 0.98061 0.59452
vt 0.99252 0.57384
vt 0.92222 0.57288
vt 0.92484 0.57484
vt 0.92503 0.57598
vt 0.94196 0.57512
vt 0.92228 0.57396
vt 0.92536 0.57625
vt 0.92015 0.56802
vt 0.91499 0.51396
vt 0.92025 0.56797
vt 0.92016 0.43192
vt 0.92229 0.42598
vt 0.92026 0.43197
vt 0.92501 0.42395
vt 0.99255 0.57214
vt 0.98937 0.43297
vt 0.98918 0.43275
vt 0.98156 0.41756
vt 0.98156 0.4488
vt 0.97402 0.43347
vt 0.97396 0.4337
vt 0.97121 0.5
vt 0.97096 0.5
vt 0.9636 0.48407
vt 0.9636 0.51593
vt 0.95638 0.5
vt 0.98937 0.56703
vt 0.98918 0.56725
vt 0.98156 0.5512
vt 0.98156 0.58244
vt 0.97402 0.56653
vt 0.97396 0.5663
vt 0.94093 0.5756
vt 0.04361 0.5
vt 0.04362 0.5
vt 0.0364 0.48407
vt 0.0364 0.51593
vt 0.02904 0.5
vt 0.02879 0.5
vt 0.02604 0.4337
vt 0.02598 0.43347
vt 0.01844 0.41756
vt 0.01844 0.4488
vt 0.01082 0.43275
vt 0.01063 0.43297
vt 0.00528 0.57471
vt 1 0.58538
vt 1 0.56398
vt 0.99472 0.57471
vt 0.03053 0.45199
vt 0.03559 0.4631
vt 0.03053 0.47379
vt 0.02542 0.46264
vt 0.96946 0.45199
vt 0.97458 0.46264
vt 0.96946 0.47379
vt 0.96441 0.4631
vt 0.13585 0.39054
vt 0.13598 0.39132
vt 0.13587 0.39196
vt 0.1355 0.39023
vt 0.13583 0.39261
vt 0.4275 0.09674
vt 0.13587 0.60804
vt 0.42296 0.90283
vt 0.01248 0.66291
vt 0.45553 0.90506
vt 0.46072 0.90064
vt 0.44056 0.90742
vt 0.4613 0.89965
vt 0.46475 0.89264
vt 0.46477 0.89257
vt 0.46826 0.88072
vt 0.46991 0.87466
vt 0.46516 0.89146
vt 0.46483 0.89252
vt 0.05802 0.42292
vt 0.05747 0.42234
vt 0.4654 0.89065
vt 0.46475 0.10736
vt 0.46477 0.10743
vt 0.45934 0.09762
vt 0.46512 0.1084
vt 0.46006 0.0988
vt 0.46483 0.10748
vt 0.42129 0.0941
vt 0.46829 0.11941
vt 0.4654 0.10935
vt 0.46991 0.12534
vt 0.46987 0.12505
vt 0.05906 0.42353
vt 0.12561 0.3473
vt 0.11991 0.34837
vt 0.12133 0.34555
vt 0.1202 0.34572
vt 0.12125 0.34737
vt 0.12244 0.34537
vt 0.12159 0.65287
vt 0.11977 0.65154
vt 0.11844 0.65053
vt 0.02899 0.55046
vt 0.11976 0.34087
vt 0.03108 0.31623
vt 0.02845 0.32649
vt 0.02845 0.67095
vt 0.03108 0.68644
vt 0.02708 0.30843
vt 0.02768 0.30834
vt 0.02439 0.3072
vt 0.02341 0.32987
vt 0.02289 0.32962
vt 0.02117 0.32913
vt 0.02394 0.33014
vt 0.02708 0.69157
vt 0.0265 0.69196
vt 0.02439 0.6928
vt 0.02768 0.69116
vt 0.02341 0.67013
vt 0.02394 0.67032
vt 0.021 0.67092
vt 0.46987 0.87495
vt 0.46799 0.8847
vt 0.4654 0.10377
vt 0.4679 0.11484
vt 0.44056 0.90886
vt 0.4275 0.90326
vt 0.42296 0.90305
vt 0.42234 0.90424
vt 0.44056 0.09258
vt 0.42296 0.09695
vt 0.42241 0.09587
vt 0.42296 0.09717
vt 0.9168 0.49997
vt 0.92236 0.43357
vt 0.9179 0.49997
vt 0.9244 0.42779
vt 0.92283 0.43393
vt 0.92235 0.56636
vt 0.9244 0.57217
vt 0.92282 0.56601
vt 0.92515 0.57047
vt 0.9234 0.56556
vt 0.94108 0.42409
vt 0.93692 0.4267
vt 0.93637 0.42611
vt 0.93654 0.42688
vt 0.92747 0.42565
vt 0.93574 0.42647
vt 0.9363 0.42667
vt 0.9358 0.42746
vt 0.92534 0.42369
vt 0.92515 0.42949
vt 0.9277 0.42638
vt 0.93633 0.57369
vt 0.92749 0.57429
vt 0.92773 0.57356
vt 0.94355 0.57248
vt 0.94094 0.57558
vt 0.05802 0.57708
vt 0.05746 0.57767
vt 0.05907 0.57646
vt 0.93688 0.5731
vt 0.93626 0.57313
vt 0.9365 0.57292
vt 0.93569 0.57334
vt 0.93576 0.57235
vt 0.93619 0.57238
vt 0.92777 0.57225
vt 0.92342 0.43438
vt 0.93247 0.55968
vt 0.93269 0.5612
vt 0.93298 0.55812
vt 0.93375 0.56651
vt 0.93322 0.56075
vt 0.9324 0.5581
vt 0.9324 0.4419
vt 0.93298 0.44188
vt 0.93247 0.44032
vt 0.93322 0.43925
vt 0.93269 0.4388
vt 0.93377 0.4334
vt 0.93548 0.42862
vt 0.93496 0.42809
vt 0.92775 0.42768
vt 0.93509 0.42774
vt 0.93519 0.42742
vt 0.93573 0.42773
vt 0.93491 0.57173
vt 0.93503 0.57204
vt 0.9352 0.57257
vt 0.93526 0.57272
vt 0.93514 0.57239
vt 0.93544 0.57121
vt 0.06377 0.42671
vt 0.07258 0.4261
vt 0.07234 0.42684
vt 0.05657 0.42792
vt 0.06015 0.42371
vt 0.06321 0.42729
vt 0.06384 0.42727
vt 0.06359 0.42747
vt 0.0644 0.42706
vt 0.06433 0.42804
vt 0.0639 0.42801
vt 0.06015 0.57629
vt 0.06321 0.57271
vt 0.06377 0.57329
vt 0.06359 0.57253
vt 0.07258 0.5739
vt 0.06438 0.57296
vt 0.06383 0.57276
vt 0.06433 0.57196
vt 0.07584 0.57688
vt 0.07492 0.57008
vt 0.07234 0.57316
vt 0.06753 0.44032
vt 0.06731 0.4388
vt 0.06702 0.44188
vt 0.06629 0.43369
vt 0.06677 0.43925
vt 0.0676 0.4419
vt 0.0676 0.5581
vt 0.06702 0.55812
vt 0.07667 0.56514
vt 0.06753 0.55968
vt 0.06677 0.56075
vt 0.06731 0.5612
vt 0.06629 0.56631
vt 0.06465 0.57081
vt 0.06518 0.57134
vt 0.0723 0.57186
vt 0.06505 0.57168
vt 0.06496 0.57199
vt 0.06441 0.57168
vt 0.06518 0.42866
vt 0.0723 0.42814
vt 0.06506 0.42836
vt 0.0649 0.42783
vt 0.06483 0.42767
vt 0.06496 0.42801
vt 0.06465 0.42919
vt 0.0639 0.57199
vt 0.06393 0.57181
vt 0.06441 0.42832
vt 0.0649 0.57216
vt 0.06483 0.57233
vt 0.06396 0.42836
vt 0.06393 0.42817
vt 0.06532 0.56542
vt 0.06422 0.57038
vt 0.06407 0.57104
vt 0.06633 0.56038
vt 0.0665 0.55921
vt 0.06655 0.558
vt 0.06396 0.57164
vt 0.06655 0.442
vt 0.0665 0.44079
vt 0.06633 0.43962
vt 0.06532 0.43458
vt 0.06422 0.42962
vt 0.06409 0.42903
vt 0.05349 0.57006
vt 0.93618 0.42775
vt 0.9362 0.42759
vt 0.93623 0.42743
vt 0.936 0.57137
vt 0.93587 0.57077
vt 0.93472 0.56562
vt 0.93613 0.57204
vt 0.93616 0.57222
vt 0.93568 0.57208
vt 0.93367 0.56038
vt 0.9335 0.55921
vt 0.93345 0.558
vt 0.93345 0.442
vt 0.9335 0.44079
vt 0.93367 0.43962
vt 0.93474 0.4343
vt 0.93591 0.42906
vt 0.93606 0.42838
vt 0.93524 0.42726
vt 0.93531 0.4271
vt 0.05694 0.5785
vt 0.05617 0.58043
vt 0.05649 0.57949
vt 0.25094 0.98045
vt 0.40642 0.95708
vt 0.09358 0.95708
vt 0.24906 0.99664
vt 0.02283 0.27424
vt 0.02899 0.28754
vt 0.01879 0.35079
vt 0.02279 0.38388
vt 0.25094 0.00336
vt 0.40642 0.04292
vt 0.09358 0.04292
vt 0.24906 0.01955
vt 0.4772 0.27451
vt 0.4812 0.35079
vt 0.471 0.28754
vt 0.47717 0.3837
vt 0.4772 0.61612
vt 0.4812 0.64921
vt 0.471 0.71246
vt 0.47717 0.72576
vt 0.02283 0.6163
vt 0.02899 0.71246
vt 0.01879 0.64921
vt 0.02279 0.72549
vt 0.9549 0.5
vt 0.96178 0.48478
vt 0.96178 0.51522
vt 0.96879 0.5
vt 0.9734 0.43016
vt 0.98061 0.41495
vt 0.98061 0.44474
vt 0.9879 0.4294
vt 0.9734 0.56985
vt 0.98061 0.55526
vt 0.98061 0.58505
vt 0.9879 0.5706
vt 0.01629 0.36117
vt 0.04741 0.19347
vt 0.01979 0.78469
vt 0.02263 0.7906
vt 0.01629 0.63883
vt 0.04741 0.80653
vt 0.02947 0.79203
vt 0.06615 0.61789
vt 0.06615 0.38211
vt 0.06496 0.59864
vt 0.06496 0.40136
vt 0.99529 0.69138
vt 0.99653 0.67216
vt 0.99529 0.70222
vt 0 0.69998
vt 0.99918 0.71261
vt 0.01458 0.71255
vt 0.99653 0.66235
vt 1 0.65563
vt 0.01162 0.68698
vt 0.04331 0.68459
vt 1 0.66516
vt 0.01212 0.68097
vt 0.03496 0.64876
vt 0.99918 0.7015
vt 0.00503 0.68898
vt 0.01393 0.69618
vt 0.99529 0.29779
vt 0.99653 0.33765
vt 0.99529 0.30862
vt 0.00503 0.31102
vt 0.99918 0.29851
vt 0.01393 0.30382
vt 0.99653 0.32784
vt 1 0.33484
vt 1 0.34437
vt 0.01212 0.31903
vt 0.01162 0.31302
vt 0.03496 0.34201
vt 0 0.30001
vt 0.99918 0.28739
vt 0.28069 0
vt 0.04891 0.22052
vt 0.02669 0.21386
vt 0.0642 0.25235
vt 0.27918 0.00217
vt 0.02419 0.23802
vt 0.02817 0.21419
vt 0.06879 0.22968
vt 0.11782 0.118
vt 0.07797 0.23466
vt 0.07334 0.23198
vt 0.07242 0.25667
vt 0.26068 0.06524
vt 0.24661 0.09884
vt 0.13834 0.14434
vt 0.08886 0.24003
vt 0.07849 0.23482
vt 0.07902 0.2351
vt 0.08487 0.23824
vt 0.08827 0.23994
vt 0.46838 0.23403
vt 0.42825 0.24821
vt 0.35985 0.14994
vt 0.47676 0.5
vt 0.4465 0.5
vt 0.426 0.37548
vt 0.40782 0.25519
vt 0.46838 0.76598
vt 0.42825 0.75179
vt 0.43086 0.5
vt 0.26068 0.93476
vt 0.40782 0.74481
vt 0.426 0.62452
vt 0.28069 1
vt 0.11781 0.882
vt 0.24661 0.90116
vt 0.35985 0.85006
vt 0.04893 0.77947
vt 0.06879 0.77032
vt 0.13834 0.85566
vt 0.02669 0.78614
vt 0.0642 0.74765
vt 0.08929 0.75955
vt 0.08411 0.76213
vt 0.07666 0.76613
vt 0.07806 0.7654
vt 0.07529 0.76688
vt 0.04306 0.73811
vt 0.06024 0.73135
vt 0.27918 0.99782
vt 0.02419 0.76198
vt 0.02817 0.78581
vt 0.46698 0.76568
vt 0.47574 0.5
vt 0.46698 0.23432
vt 0.2292 0.46231
vt 0.24661 0.24611
vt 0.24661 0.4466
vt 0.23147 0.46718
vt 0.26403 0.46231
vt 0.24661 0.45188
vt 0.13543 0.27746
vt 0.08929 0.24045
vt 0.16958 0.32725
vt 0.09721 0.2991
vt 0.0749 0.27966
vt 0.08243 0.26282
vt 0.13142 0.3429
vt 0.19205 0.37797
vt 0.20971 0.4471
vt 0.16757 0.42286
vt 0.22209 0.5
vt 0.21381 0.5016
vt 0.18138 0.50124
vt 0.2292 0.53769
vt 0.20909 0.55679
vt 0.19053 0.6262
vt 0.16674 0.57971
vt 0.24661 0.5534
vt 0.16751 0.67652
vt 0.1337 0.72446
vt 0.13006 0.6593
vt 0.09743 0.70068
vt 0.08242 0.73718
vt 0.07246 0.74353
vt 0.24661 0.75389
vt 0.26403 0.53769
vt 0.24661 0.54649
vt 0.26797 0.5
vt 0.22526 0.5
vt 0.27114 0.5
vt 0.26176 0.46718
vt 0.24661 0.45351
vt 0.26872 0.5
vt 0.05322 0.32614
vt 0.07052 0.28824
vt 0.04903 0.31926
vt 0.07265 0.28402
vt 0.0648 0.2789
vt 0.04339 0.3508
vt 0.03956 0.34472
vt 0.06288 0.41986
vt 0.03981 0.35628
vt 0.03496 0.35124
vt 8E-05 0.33768
vt 0.03753 0.35274
vt 0.06925 0.5
vt 0.0603 0.43292
vt 0.05213 0.39207
vt 0.06288 0.58014
vt 0.0603 0.56708
vt 0.05322 0.67386
vt 0.04339 0.6492
vt 0.05213 0.60793
vt 0.07052 0.71176
vt 0.04845 0.68137
vt 0.03956 0.65528
vt 0.03981 0.64372
vt 0.03753 0.64726
vt 8E-05 0.65291
vt 0.06517 0.72068
vt 0.07265 0.71598
vt 0.07457 0.72069
vt 0.06957 0.72562
vt 0.07183 0.72356
vt 0.07241 0.72299
vt 0.07299 0.7224
vt 0.07362 0.72172
vt 0.07424 0.72106
vt 0.0749 0.72034
vt 0.07131 0.27594
vt 0.01212 0.31619
vt 0.04331 0.31541
vt 0.02572 0.30291
vt 0.02084 0.30985
vt 0.01458 0.28745
vt 0.00503 0.30811
vt 0.01393 0.30085
vt 0.01493 0.28104
vt 0.00743 0.28335
vt 0.00236 0.28302
vt 8E-05 0.34709
vt 0.01901 0.27381
vt 0.05828 0.27401
vt 0.02164 0.25641
vt 0.0593 0.27135
vt 0.06373 0.27021
vt 0.06705 0.27237
vt 0.04306 0.26189
vt 0.06024 0.26865
vt 0.01901 0.28524
vt 0.0249 0.24467
vt 0.01493 0.29231
vt 0.00236 0.29424
vt 0.00743 0.29457
vt 0.01393 0.69915
vt 0.05828 0.72599
vt 0.02572 0.69709
vt 0.02084 0.69015
vt 0.01493 0.71896
vt 0.00743 0.71665
vt 0.00503 0.69189
vt 0.01212 0.68381
vt 0.00236 0.71698
vt 0.00743 0.70544
vt 0.00236 0.70576
vt 0.01901 0.72619
vt 0.01493 0.70769
vt 0.02164 0.74359
vt 0.0249 0.75533
vt 0.0593 0.72865
vt 0.01901 0.71476
vt 0.02164 0.73186
vt 0.06372 0.7298
vt 8E-05 0.66232
vt 0.03496 0.65799
vt 0.06704 0.72763
vt 0.25957 0.00606
vt 0.24661 0.00583
vt 0.23366 0.00606
vt 0.04449 0.13734
vt 0.04341 0.14155
vt 0.04248 0.1458
vt 0.09149 0.16988
vt 0.08028 0.20004
vt 0.05128 0.22145
vt 0.45075 0.1458
vt 0.44981 0.14155
vt 0.44874 0.13734
vt 0.39842 0.16263
vt 0.34826 0.09992
vt 0.47358 0.5
vt 0.47356 0.49562
vt 0.46998 0.32399
vt 0.4698 0.31962
vt 0.46956 0.31526
vt 0.43616 0.32443
vt 0.42441 0.24509
vt 0.46956 0.68474
vt 0.4698 0.68038
vt 0.46998 0.67601
vt 0.43698 0.66736
vt 0.44244 0.5861
vt 0.47356 0.50438
vt 0.44874 0.86266
vt 0.44981 0.85845
vt 0.45075 0.8542
vt 0.40174 0.83012
vt 0.42441 0.75491
vt 0.04248 0.8542
vt 0.04341 0.85845
vt 0.04449 0.86266
vt 0.23366 0.99394
vt 0.24661 0.99417
vt 0.25957 0.99394
vt 0.25239 0.93014
vt 0.34826 0.90008
vt 0.0513 0.77855
vt 0.07181 0.76865
vt 0.06565 0.74032
vt 0.08028 0.79996
vt 0.07413 0.76742
vt 0.07576 0.7666
vt 0.07066 0.73823
vt 0.09148 0.83012
vt 0.09319 0.79198
vt 0.07654 0.76647
vt 0.08095 0.76423
vt 0.08422 0.76311
vt 0.13231 0.78976
vt 0.09849 0.82483
vt 0.10474 0.81956
vt 0.13654 0.79671
vt 0.09481 0.83737
vt 0.1019 0.83192
vt 0.10832 0.82657
vt 0.12358 0.81186
vt 0.14497 0.90008
vt 0.24083 0.93014
vt 0.15782 0.88389
vt 0.24017 0.93221
vt 0.2416 0.90993
vt 0.2413 0.91969
vt 0.25305 0.93221
vt 0.25193 0.91973
vt 0.25163 0.90993
vt 0.39842 0.83737
vt 0.33541 0.88389
vt 0.35669 0.79671
vt 0.3913 0.8319
vt 0.3849 0.82657
vt 0.36091 0.78976
vt 0.39476 0.82485
vt 0.38848 0.81956
vt 0.3736 0.80488
vt 0.43616 0.67557
vt 0.41278 0.74808
vt 0.40144 0.65959
vt 0.4308 0.6735
vt 0.42581 0.67147
vt 0.40277 0.6507
vt 0.4317 0.66534
vt 0.42676 0.66324
vt 0.41432 0.65719
vt 0.4442 0.50418
vt 0.43292 0.58417
vt 0.44516 0.50458
vt 0.43492 0.50422
vt 0.4394 0.50417
vt 0.44516 0.49542
vt 0.4442 0.49582
vt 0.43942 0.49583
vt 0.43492 0.49578
vt 0.44244 0.4139
vt 0.43698 0.33264
vt 0.43292 0.41583
vt 0.40277 0.3493
vt 0.43168 0.33466
vt 0.42676 0.33676
vt 0.40144 0.34041
vt 0.43082 0.3265
vt 0.42581 0.32852
vt 0.41317 0.33424
vt 0.40174 0.16988
vt 0.41278 0.25192
vt 0.36091 0.21023
vt 0.39474 0.17517
vt 0.38848 0.18044
vt 0.35669 0.20329
vt 0.39133 0.16808
vt 0.3849 0.17343
vt 0.36965 0.18814
vt 0.25239 0.06986
vt 0.33541 0.11611
vt 0.25305 0.06779
vt 0.25163 0.09007
vt 0.25193 0.08031
vt 0.24017 0.06779
vt 0.24083 0.06986
vt 0.2413 0.08027
vt 0.2416 0.09007
vt 0.14497 0.09991
vt 0.09481 0.16263
vt 0.15782 0.11611
vt 0.13654 0.20329
vt 0.10193 0.1681
vt 0.10832 0.17343
vt 0.13231 0.21023
vt 0.09846 0.17515
vt 0.10474 0.18044
vt 0.11963 0.19512
vt 0.07181 0.23135
vt 0.08381 0.2365
vt 0.09319 0.20802
vt 0.0833 0.2365
vt 0.08133 0.23587
vt 0.07792 0.23442
vt 0.0776 0.23427
vt 0.07727 0.23422
vt 0.07475 0.2329
vt 0.06565 0.25968
vt 0.06136 0.56808
vt 0.06603 0.50285
vt 0.06477 0.53589
vt 0.09657 0.55016
vt 0.06136 0.50289
vt 0.09228 0.5952
vt 0.09813 0.50399
vt 0.09228 0.50409
vt 0.09447 0.59696
vt 0.10037 0.50406
vt 0.0988 0.55109
vt 0.16056 0.58411
vt 0.09447 0.50417
vt 0.12312 0.65974
vt 0.09228 0.4048
vt 0.09228 0.49591
vt 0.17717 0.50602
vt 0.20019 0.50632
vt 0.19143 0.50674
vt 0.18694 0.63407
vt 0.21238 0.5064
vt 0.09123 0.69742
vt 0.12854 0.73052
vt 0.16306 0.68411
vt 0.06741 0.71067
vt 0.06955 0.71515
vt 0.06538 0.70637
vt 0.06225 0.71158
vt 0.06929 0.71536
vt 0.07702 0.7362
vt 0.16073 0.41634
vt 0.0988 0.44891
vt 0.10037 0.49594
vt 0.09447 0.49583
vt 0.17717 0.49398
vt 0.19143 0.49326
vt 0.09447 0.40304
vt 0.12367 0.34108
vt 0.09813 0.49601
vt 0.09657 0.44984
vt 0.06477 0.46411
vt 0.06136 0.43192
vt 0.06603 0.49715
vt 0.06136 0.49711
vt 0.06538 0.29363
vt 0.09077 0.30217
vt 0.06203 0.28816
vt 0.06741 0.28933
vt 0.06714 0.28342
vt 0.06955 0.28485
vt 0.07703 0.26379
vt 0.12957 0.27055
vt 0.08422 0.23688
vt 0.1643 0.31805
vt 0.18767 0.36781
vt 0.20005 0.49368
vt 0.02084 0.31275
vt 0.05828 0.28544
vt 0.04306 0.27354
vt 0.02164 0.26814
vt 0.06024 0.28018
vt 0.0593 0.28282
vt 0.06244 0.28102
vt 0.0706 0.26204
vt 0.02084 0.68725
vt 0.05828 0.71456
vt 0.0593 0.71718
vt 0.06243 0.71898
vt 0.06437 0.71807
vt 0.04306 0.72646
vt 0.06024 0.71982
vt 0.06438 0.28194
vt 0.3331 0.49407
vt 0.43996 0.49535
vt 0.44243 0.4954
vt 0.27615 0.49357
vt 0.24962 0.4357
vt 0.26772 0.45443
vt 0.2498 0.30494
vt 0.25051 0.2473
vt 0.25259 0.0791
vt 0.25278 0.07374
vt 0.24342 0.30288
vt 0.24064 0.0791
vt 0.24044 0.07374
vt 0.24361 0.4357
vt 0.24361 0.5643
vt 0.22551 0.54557
vt 0.24343 0.69506
vt 0.24272 0.7527
vt 0.24064 0.92089
vt 0.24044 0.92626
vt 0.07733 0.76585
vt 0.06745 0.71643
vt 0.06604 0.71714
vt 0.06902 0.71557
vt 0.06857 0.71588
vt 0.06815 0.7161
vt 0.06775 0.71638
vt 0.24981 0.69712
vt 0.25259 0.92089
vt 0.25278 0.92626
vt 0.24962 0.5643
vt 0.27615 0.50643
vt 0.26772 0.54557
vt 0.33635 0.50588
vt 0.3627 0.50635
vt 0.43996 0.50465
vt 0.44243 0.5046
vt 0.21238 0.4936
vt 0.19022 0.49091
vt 0.22551 0.45443
vt 0.21477 0.49358
vt 0.18852 0.48757
vt 0.21708 0.49357
vt 0.19022 0.50909
vt 0.21476 0.50641
vt 0.21708 0.50643
vt 0.24661 0.13284
vt 0.24661 0.38246
vt 0.3006 0.5
vt 0.33327 0.5
vt 0.41525 0.5
vt 0.24661 0.61754
vt 0.24661 0.68868
vt 0.07798 0.5
vt 0.19263 0.5
vt 0.24661 0.31132
vt 0.24661 0.86716
vt 0.15996 0.5
vt 0.03402 0.5
vt 0.24661 0.96288
vt 0.24661 0.03712
vt 0.45921 0.5
vt 0.18832 0.50622
vt 0.18852 0.51243
vt 0.18825 0.5
vt 0.19135 0.5
vt 0.18832 0.49378
vt 0.24661 0.62708
vt 0.24051 0.62641
vt 0.30498 0.5
vt 0.30491 0.50622
vt 0.30471 0.51243
vt 0.25272 0.62641
vt 0.30491 0.49377
vt 0.25272 0.37359
vt 0.24661 0.37292
vt 0.30471 0.48757
vt 0.29822 0.5
vt 0.29812 0.49269
vt 0.30066 0.50929
vt 0.29812 0.50731
vt 0.40209 0.65514
vt 0.25113 0.61764
vt 0.35881 0.79323
vt 0.25015 0.61211
vt 0.24661 0.61237
vt 0.24307 0.61211
vt 0.24209 0.61764
vt 0.13442 0.79323
vt 0.24051 0.37359
vt 0.24209 0.38236
vt 0.13442 0.20677
vt 0.24307 0.38789
vt 0.24661 0.38763
vt 0.25015 0.38789
vt 0.25113 0.38236
vt 0.35881 0.20677
vt 0.30067 0.49071
vt 0.40209 0.34486
vt 0.3627 0.49365
vt 0.24272 0.2473
vt 0.25051 0.7527
vt 0.44515 0.49998
vt 0.43995 0.49998
vt 0.24665 0.93226
vt 0.24664 0.92094
vt 0.24658 0.06773
vt 0.24659 0.07906
usemtl mat0
f 1/1/1 2/2/1 3/3/1
f 4/4/2 3/3/3 2/2/4
f 5/5/5 1/1/5 3/3/5
f 6/6/6 5/5/7 3/3/8
f 6/6/9 3/3/10 4/4/11
f 1/1/12 7/7/12 2/2/12
f 8/8/13 2/2/14 7/7/15
f 4/4/16 2/2/17 8/8/18
f 1/1/5 9/9/5 7/7/5
f 10/10/19 7/7/20 9/9/21
f 11/11/22 8/8/23 7/7/24
f 11/11/25 7/7/26 10/10/27
f 12/12/28 9/9/29 1/1/30
f 13/13/31 9/9/32 12/12/33
f 14/14/34 9/9/35 13/13/36
f 15/15/37 9/9/38 14/14/39
f 10/10/40 9/9/41 15/15/42
f 16/16/43 17/17/43 1/1/43
f 12/12/44 1/1/45 17/17/46
f 5/5/5 16/16/5 1/1/5
f 18/18/47 17/17/48 16/16/49
f 19/19/50 12/12/51 17/17/52
f 18/18/53 19/19/54 17/17/55
f 18/18/56 16/16/57 5/5/58
f 6/6/59 20/20/60 5/5/61
f 18/18/62 5/5/63 20/20/64
f 21/21/65 22/22/65 23/23/65
f 24/24/66 23/23/67 22/22/68
f 25/25/5 21/21/5 23/23/5
f 24/24/69 25/25/70 23/23/71
f 21/21/72 26/26/72 22/22/72
f 24/24/73 22/22/74 26/26/75
f 21/21/5 27/27/5 26/26/5
f 28/28/76 26/26/77 27/27/78
f 29/29/79 24/24/80 26/26/81
f 28/28/82 29/29/83 26/26/84
f 21/21/5 30/30/5 27/27/5
f 31/31/85 27/27/86 30/30/87
f 28/28/88 27/27/89 31/31/90
f 32/32/5 33/33/5 30/30/5
f 31/31/91 30/30/92 33/33/93
f 34/34/94 32/32/94 30/30/94
f 21/21/95 34/34/95 30/30/95
f 32/32/96 35/35/96 33/33/96
f 31/31/97 33/33/98 35/35/99
f 36/36/100 35/35/101 32/32/102
f 36/36/103 37/37/104 35/35/105
f 31/31/106 35/35/107 37/37/108
f 38/38/5 39/39/5 32/32/5
f 40/40/109 32/32/110 39/39/111
f 34/34/112 38/38/112 32/32/112
f 41/41/113 36/36/114 32/32/115
f 41/41/116 32/32/117 40/40/118
f 42/42/119 39/39/120 38/38/121
f 43/43/122 39/39/123 42/42/124
f 44/44/125 39/39/126 43/43/127
f 40/40/128 39/39/129 44/44/130
f 42/42/131 38/38/132 34/34/133
f 45/45/134 34/34/135 21/21/136
f 42/42/137 34/34/138 45/45/139
f 46/46/140 47/47/140 21/21/140
f 48/48/141 21/21/142 47/47/143
f 25/25/144 46/46/144 21/21/144
f 45/45/145 21/21/146 48/48/147
f 49/49/148 47/47/149 46/46/150
f 50/50/50 48/48/51 47/47/52
f 49/49/151 50/50/152 47/47/153
f 49/49/154 46/46/155 25/25/156
f 51/51/157 25/25/158 24/24/159
f 49/49/160 25/25/161 51/51/162
f 52/52/163 53/53/164 54/54/165
f 55/55/166 54/54/167 53/53/168
f 56/56/169 54/54/170 57/57/171
f 58/58/172 57/57/172 54/54/172
f 56/56/173 52/52/174 54/54/175
f 58/58/176 54/54/176 59/59/176
f 60/60/177 59/59/178 54/54/179
f 61/61/180 60/60/181 54/54/182
f 61/61/183 54/54/184 55/55/185
f 62/62/186 63/63/187 53/53/188
f 55/55/189 53/53/190 63/63/191
f 64/64/192 62/62/193 53/53/194
f 52/52/195 64/64/196 53/53/197
f 65/65/198 63/63/198 62/62/198
f 66/66/198 55/55/198 63/63/198
f 65/65/198 66/66/198 63/63/198
f 67/67/199 62/62/200 64/64/201
f 68/68/202 62/62/203 67/67/204
f 69/69/198 62/62/198 68/68/198
f 69/69/198 65/65/198 62/62/198
f 56/56/205 57/57/206 64/64/207
f 67/67/208 64/64/209 57/57/210
f 70/70/211 64/64/212 52/52/213
f 70/70/214 56/56/215 64/64/216
f 71/71/217 57/57/218 58/58/219
f 67/67/220 57/57/221 71/71/222
f 72/72/223 52/52/224 56/56/225
f 72/72/226 70/70/226 52/52/226
f 72/72/227 56/56/228 70/70/229
f 73/73/230 74/74/231 75/75/232
f 76/76/233 77/77/234 74/74/234
f 78/78/235 74/74/236 73/73/237
f 76/76/238 74/74/239 78/78/240
f 79/79/241 75/75/242 80/80/243
f 81/81/244 82/82/245 83/83/246
f 73/73/247 75/75/248 84/84/249
f 79/79/250 84/84/251 75/75/252
f 79/79/253 80/80/254 85/85/255
f 86/86/256 85/85/257 87/87/258
f 79/79/259 85/85/260 88/88/261
f 86/86/262 88/88/263 85/85/264
f 89/89/265 87/87/266 90/90/267
f 91/91/268 87/87/269 89/89/270
f 91/91/271 86/86/272 87/87/273
f 92/92/274 90/90/275 93/93/276
f 94/94/277 90/90/278 92/92/279
f 89/89/280 90/90/281 94/94/282
f 95/95/283 93/93/284 96/96/285
f 97/97/286 92/92/287 93/93/288
f 98/98/289 93/93/290 95/95/291
f 98/98/292 97/97/293 93/93/294
f 99/99/295 96/96/296 100/100/296
f 101/101/297 102/102/298 96/96/299
f 103/103/300 96/96/301 102/102/302
f 104/104/303 101/101/304 96/96/305
f 105/105/306 104/104/307 96/96/308
f 106/106/309 105/105/310 96/96/311
f 107/107/312 106/106/313 96/96/314
f 108/108/315 107/107/316 96/96/317
f 99/99/318 108/108/319 96/96/320
f 95/95/321 96/96/322 103/103/323
f 99/99/324 100/100/325 109/109/326
f 110/110/327 109/109/328 111/111/329
f 112/112/330 99/99/331 109/109/332
f 113/113/333 112/112/334 109/109/335
f 113/113/336 109/109/337 110/110/338
f 110/110/339 111/111/340 114/114/341
f 115/115/342 114/114/343 116/116/344
f 110/110/345 114/114/346 115/115/347
f 115/115/348 116/116/349 117/117/350
f 118/118/351 117/117/352 119/119/353
f 118/118/354 120/120/355 117/117/356
f 115/115/357 117/117/358 120/120/359
f 121/121/360 119/119/361 122/122/362
f 121/121/363 123/123/364 119/119/365
f 118/118/366 119/119/367 123/123/368
f 121/121/369 122/122/370 124/124/371
f 125/125/372 124/124/373 126/126/374
f 121/121/375 124/124/376 127/127/377
f 125/125/378 127/127/379 124/124/380
f 128/128/381 126/126/382 129/129/383
f 130/130/384 125/125/385 126/126/386
f 131/131/387 130/130/388 126/126/389
f 128/128/390 131/131/391 126/126/392
f 128/128/393 129/129/394 77/77/395
f 83/83/396 82/82/397 132/132/398
f 128/128/399 77/77/400 76/76/401
f 133/133/402 134/134/403 135/135/404
f 136/136/405 137/137/406 134/134/407
f 136/136/408 134/134/409 133/133/410
f 138/138/411 135/135/412 139/139/413
f 138/138/414 133/133/415 135/135/416
f 140/140/417 139/139/418 137/137/419
f 138/138/420 139/139/421 140/140/422
f 140/140/423 137/137/424 136/136/425
f 141/141/426 142/142/427 143/143/428
f 140/140/429 143/143/430 142/142/431
f 24/24/432 141/141/433 143/143/434
f 144/144/435 24/24/436 143/143/437
f 145/145/438 144/144/439 143/143/440
f 136/136/441 145/145/442 143/143/443
f 140/140/444 136/136/445 143/143/446
f 141/141/447 146/146/448 142/142/449
f 140/140/450 142/142/451 146/146/452
f 140/140/453 146/146/454 147/147/455
f 29/29/456 141/141/457 24/24/458
f 29/29/459 148/148/460 141/141/461
f 149/149/462 51/51/463 24/24/464
f 144/144/465 149/149/466 24/24/467
f 50/50/468 51/51/469 150/150/470
f 49/49/471 51/51/472 50/50/473
f 151/151/474 152/152/475 144/144/476
f 153/153/477 151/151/478 144/144/479
f 154/154/480 153/153/481 144/144/482
f 145/145/483 154/154/484 144/144/485
f 153/153/486 155/155/487 151/151/488
f 156/156/489 151/151/490 155/155/491
f 156/156/492 155/155/493 153/153/494
f 136/136/495 154/154/496 145/145/497
f 136/136/498 157/157/499 154/154/500
f 158/158/501 150/150/502 159/159/503
f 160/160/504 150/150/505 158/158/506
f 161/161/507 150/150/508 160/160/509
f 162/162/510 150/150/511 161/161/512
f 163/163/513 150/150/514 162/162/515
f 164/164/516 150/150/517 163/163/518
f 165/165/519 150/150/520 164/164/521
f 166/166/522 150/150/523 165/165/524
f 167/167/525 150/150/526 166/166/527
f 168/168/528 150/150/529 167/167/530
f 169/169/531 150/150/532 168/168/533
f 170/170/534 150/150/535 169/169/536
f 171/171/537 150/150/538 170/170/539
f 172/172/540 150/150/541 171/171/542
f 173/173/543 150/150/544 172/172/545
f 174/174/546 150/150/547 173/173/548
f 175/175/549 150/150/550 174/174/551
f 176/176/552 150/150/553 175/175/554
f 177/177/555 150/150/556 176/176/557
f 50/50/558 150/150/559 177/177/560
f 177/177/561 176/176/562 178/178/563
f 177/177/564 178/178/565 179/179/566
f 177/177/567 179/179/568 180/180/569
f 177/177/570 180/180/571 181/181/572
f 177/177/573 181/181/574 182/182/575
f 177/177/576 182/182/577 183/183/578
f 177/177/579 183/183/580 184/184/581
f 177/177/582 184/184/583 185/185/584
f 177/177/585 185/185/586 186/186/587
f 177/177/588 186/186/589 187/187/590
f 177/177/591 187/187/592 188/188/593
f 189/189/594 188/188/595 190/190/596
f 191/191/597 177/177/598 188/188/599
f 189/189/600 191/191/601 188/188/602
f 189/189/603 190/190/604 192/192/605
f 193/193/606 194/194/606 195/195/606
f 196/196/607 194/194/608 193/193/609
f 197/197/610 194/194/611 196/196/612
f 198/198/613 193/193/613 199/199/613
f 200/200/614 193/193/615 198/198/616
f 196/196/617 193/193/618 200/200/619
f 201/201/5 202/202/5 203/203/5
f 204/204/620 203/203/621 202/202/622
f 42/42/623 201/201/624 203/203/625
f 43/43/626 42/42/627 203/203/628
f 44/44/629 43/43/630 203/203/631
f 44/44/632 203/203/633 204/204/634
f 205/205/635 206/206/635 202/202/635
f 204/204/636 202/202/637 206/206/638
f 201/201/5 205/205/5 202/202/5
f 205/205/639 207/207/639 206/206/639
f 208/208/640 206/206/641 207/207/642
f 209/209/643 210/210/644 206/206/645
f 204/204/646 206/206/647 210/210/648
f 209/209/649 206/206/650 208/208/651
f 205/205/652 211/211/652 207/207/652
f 192/192/653 207/207/654 211/211/655
f 208/208/656 207/207/657 192/192/658
f 205/205/659 212/212/659 211/211/659
f 192/192/660 211/211/661 212/212/662
f 191/191/663 212/212/664 205/205/665
f 189/189/666 212/212/667 191/191/668
f 189/189/669 192/192/670 212/212/671
f 177/177/672 205/205/673 201/201/674
f 191/191/675 205/205/676 177/177/677
f 42/42/678 177/177/679 201/201/680
f 213/213/681 214/214/682 215/215/683
f 216/216/684 213/213/685 215/215/686
f 217/217/687 215/215/688 218/218/689
f 219/219/690 215/215/691 217/217/692
f 216/216/693 215/215/694 219/219/695
f 213/213/696 220/220/697 214/214/698
f 221/221/699 214/214/700 220/220/701
f 222/222/702 214/214/703 221/221/704
f 223/223/705 224/224/706 220/220/707
f 221/221/708 220/220/709 224/224/710
f 213/213/711 223/223/712 220/220/713
f 225/225/5 224/224/5 223/223/5
f 225/225/5 221/221/5 224/224/5
f 226/226/714 223/223/715 213/213/716
f 226/226/717 225/225/718 223/223/719
f 226/226/720 213/213/721 216/216/722
f 227/227/723 228/228/723 229/229/723
f 230/230/724 229/229/725 228/228/726
f 231/231/5 227/227/5 229/229/5
f 230/230/727 231/231/728 229/229/729
f 232/232/730 233/233/730 228/228/730
f 234/234/731 228/228/732 233/233/733
f 227/227/5 232/232/5 228/228/5
f 230/230/734 228/228/735 235/235/736
f 236/236/737 235/235/738 228/228/739
f 234/234/740 236/236/741 228/228/742
f 232/232/743 237/237/743 233/233/743
f 238/238/744 233/233/745 237/237/746
f 238/238/747 234/234/748 233/233/749
f 232/232/750 239/239/750 237/237/750
f 238/238/751 237/237/752 239/239/753
f 240/240/754 239/239/755 232/232/756
f 240/240/757 241/241/758 239/239/759
f 238/238/760 239/239/761 241/241/762
f 216/216/763 232/232/764 227/227/765
f 216/216/766 240/240/767 232/232/768
f 242/242/769 227/227/770 231/231/771
f 216/216/772 227/227/773 242/242/774
f 243/243/775 231/231/776 230/230/777
f 242/242/778 231/231/779 243/243/780
f 225/225/5 244/244/5 221/221/5
f 222/222/781 221/221/782 244/244/783
f 225/225/784 245/245/784 244/244/784
f 246/246/785 244/244/786 245/245/787
f 246/246/788 222/222/789 244/244/790
f 225/225/791 247/247/791 245/245/791
f 248/248/792 245/245/793 247/247/794
f 248/248/795 246/246/796 245/245/797
f 225/225/5 249/249/5 247/247/5
f 250/250/798 247/247/799 249/249/800
f 250/250/801 251/251/802 247/247/803
f 248/248/804 247/247/805 251/251/806
f 226/226/807 249/249/808 225/225/809
f 252/252/810 250/250/811 249/249/812
f 226/226/813 252/252/814 249/249/815
f 253/253/5 254/254/5 255/255/5
f 252/252/816 255/255/817 254/254/818
f 256/256/5 253/253/5 255/255/5
f 257/257/5 256/256/5 255/255/5
f 258/258/5 257/257/5 255/255/5
f 242/242/819 258/258/820 255/255/821
f 242/242/822 255/255/823 252/252/824
f 253/253/5 259/259/5 254/254/5
f 252/252/825 254/254/826 259/259/827
f 260/260/828 259/259/829 253/253/830
f 250/250/831 259/259/832 260/260/833
f 252/252/834 259/259/835 250/250/836
f 260/260/837 253/253/838 256/256/839
f 261/261/840 256/256/841 257/257/842
f 260/260/843 256/256/844 262/262/845
f 261/261/846 262/262/847 256/256/848
f 258/258/849 263/263/849 257/257/849
f 264/264/850 257/257/851 263/263/852
f 264/264/853 261/261/854 257/257/855
f 258/258/856 265/265/856 263/263/856
f 266/266/857 263/263/858 265/265/859
f 266/266/860 264/264/861 263/263/862
f 258/258/863 267/267/863 265/265/863
f 243/243/864 265/265/865 267/267/866
f 243/243/867 268/268/868 265/265/869
f 266/266/870 265/265/871 268/268/872
f 242/242/873 267/267/874 258/258/875
f 242/242/876 243/243/877 267/267/878
f 262/262/879 269/269/880 251/251/881
f 248/248/882 251/251/883 269/269/884
f 260/260/885 262/262/886 251/251/887
f 250/250/888 260/260/889 251/251/890
f 270/270/891 271/271/892 241/241/893
f 238/238/894 241/241/895 271/271/896
f 240/240/897 270/270/898 241/241/899
f 216/216/900 270/270/901 240/240/902
f 216/216/903 272/272/904 270/270/905
f 235/235/906 273/273/907 268/268/908
f 266/266/909 268/268/910 273/273/911
f 230/230/912 235/235/913 268/268/914
f 243/243/915 230/230/916 268/268/917
f 216/216/918 219/219/919 274/274/920
f 216/216/921 274/274/922 272/272/923
f 275/275/924 276/276/925 277/277/926
f 278/278/927 276/276/928 279/279/929
f 280/280/930 279/279/931 276/276/932
f 281/281/933 276/276/934 278/278/935
f 280/280/936 276/276/937 275/275/938
f 275/275/939 277/277/940 282/282/941
f 283/283/942 284/284/942 285/285/942
f 286/286/943 284/284/944 283/283/945
f 287/287/946 288/288/947 284/284/948
f 287/287/949 284/284/950 286/286/951
f 19/19/952 20/20/953 289/289/954
f 18/18/955 20/20/956 19/19/957
f 290/290/958 289/289/959 291/291/960
f 292/292/961 289/289/962 290/290/963
f 293/293/964 289/289/965 292/292/966
f 294/294/510 289/289/511 293/293/512
f 295/295/967 289/289/968 294/294/969
f 296/296/970 289/289/971 295/295/972
f 297/297/519 289/289/520 296/296/521
f 298/298/973 289/289/974 297/297/975
f 299/299/525 289/289/526 298/298/527
f 300/300/976 289/289/977 299/299/978
f 301/301/979 289/289/980 300/300/981
f 302/302/982 289/289/983 301/301/984
f 303/303/985 289/289/986 302/302/987
f 304/304/988 289/289/989 303/303/990
f 305/305/543 289/289/544 304/304/545
f 306/306/991 289/289/992 305/305/993
f 307/307/994 289/289/995 306/306/996
f 308/308/997 289/289/998 307/307/999
f 309/309/1000 289/289/1001 308/308/1002
f 19/19/1003 289/289/1004 309/309/1005
f 309/309/1006 308/308/1007 310/310/1008
f 309/309/1009 310/310/1010 311/311/1011
f 309/309/1012 311/311/1013 312/312/1014
f 309/309/1015 312/312/1016 313/313/1017
f 309/309/1018 313/313/1019 314/314/1020
f 309/309/1021 314/314/1022 315/315/1023
f 309/309/1024 315/315/1025 316/316/1026
f 309/309/1027 316/316/1028 317/317/1029
f 309/309/1030 317/317/1031 318/318/1032
f 309/309/1033 318/318/589 319/319/1034
f 309/309/1035 319/319/1036 320/320/1037
f 321/321/1038 320/320/1039 322/322/1040
f 323/323/1041 309/309/1042 320/320/1043
f 321/321/1044 323/323/1045 320/320/1046
f 321/321/1047 322/322/1048 324/324/1049
f 325/325/1050 326/326/1050 327/327/1050
f 328/328/1051 327/327/1052 326/326/1053
f 329/329/5 325/325/5 327/327/5
f 330/330/1054 329/329/1054 327/327/1054
f 331/331/1055 330/330/1055 327/327/1055
f 328/328/1056 331/331/1057 327/327/1058
f 332/332/1059 326/326/1060 325/325/1061
f 332/332/1062 333/333/1063 326/326/1064
f 328/328/1065 326/326/1066 333/333/1067
f 329/329/5 334/334/5 325/325/5
f 335/335/1068 325/325/1069 334/334/1070
f 336/336/1071 332/332/1072 325/325/1073
f 336/336/1074 325/325/1075 335/335/1076
f 337/337/5 338/338/5 334/334/5
f 335/335/1077 334/334/1078 338/338/1079
f 329/329/1080 337/337/1080 334/334/1080
f 339/339/5 340/340/5 338/338/5
f 341/341/1081 338/338/1082 340/340/1083
f 337/337/5 339/339/5 338/338/5
f 335/335/1084 338/338/1085 341/341/1086
f 339/339/1087 342/342/1087 340/340/1087
f 341/341/1088 340/340/1089 342/342/1090
f 339/339/1091 343/343/1091 342/342/1091
f 324/324/1092 342/342/1093 343/343/1094
f 324/324/1095 344/344/1096 342/342/1097
f 341/341/1098 342/342/1099 344/344/1100
f 323/323/1101 343/343/1102 339/339/1103
f 321/321/1104 324/324/1105 343/343/1106
f 321/321/1107 343/343/1108 323/323/1109
f 345/345/1110 339/339/1111 337/337/1112
f 345/345/1113 309/309/1114 339/339/1115
f 323/323/1116 339/339/1117 309/309/677
f 345/345/1118 337/337/1119 329/329/1120
f 13/13/1121 329/329/1122 330/330/1123
f 345/345/1124 329/329/1125 13/13/1126
f 13/13/1127 330/330/1128 331/331/1129
f 14/14/1130 13/13/1131 331/331/1132
f 15/15/1133 14/14/1134 331/331/1135
f 15/15/1136 331/331/1137 328/328/1138
f 346/346/1139 347/347/1140 348/348/1141
f 349/349/1142 346/346/1142 350/350/1142
f 349/349/1143 347/347/1144 346/346/1145
f 348/348/1146 350/350/1147 346/346/1148
f 351/351/1149 350/350/1150 348/348/1151
f 351/351/1152 349/349/1153 350/350/1154
f 352/352/1155 353/353/1156 348/348/1157
f 351/351/1158 348/348/1159 353/353/1160
f 354/354/1161 352/352/1162 348/348/1163
f 347/347/1164 354/354/1165 348/348/1166
f 355/355/1167 353/353/1167 352/352/1167
f 356/356/1167 353/353/1167 357/357/1167
f 358/358/1167 357/357/1167 353/353/1167
f 359/359/1168 353/353/1169 356/356/1170
f 359/359/1171 351/351/1172 353/353/1173
f 360/360/1167 358/358/1167 353/353/1167
f 361/361/1167 360/360/1167 353/353/1167
f 355/355/1167 361/361/1167 353/353/1167
f 362/362/1174 352/352/1175 354/354/1176
f 362/362/1177 355/355/1178 352/352/1179
f 362/362/1180 354/354/1181 347/347/1182
f 349/349/1183 363/363/1183 347/347/1183
f 364/364/1184 347/347/1184 363/363/1184
f 365/365/1185 347/347/1186 364/364/1187
f 362/362/1188 347/347/1189 365/365/1190
f 366/366/1191 367/367/1192 368/368/1193
f 369/369/198 368/368/198 367/367/198
f 370/370/1194 366/366/1195 368/368/1196
f 371/371/1197 370/370/1198 368/368/1199
f 372/372/198 371/371/198 368/368/198
f 369/369/198 372/372/198 368/368/198
f 373/373/1200 374/374/1201 367/367/1202
f 375/375/198 367/367/198 374/374/198
f 366/366/1203 373/373/1204 367/367/1205
f 375/375/198 369/369/198 367/367/198
f 376/376/1206 374/374/1207 373/373/1208
f 376/376/1209 371/371/1210 374/374/1211
f 377/377/198 374/374/198 371/371/198
f 377/377/198 375/375/198 374/374/198
f 378/378/198 373/373/198 366/366/198
f 379/379/198 376/376/198 373/373/198
f 378/378/198 379/379/198 373/373/198
f 380/380/198 366/366/198 370/370/198
f 378/378/198 366/366/198 380/380/198
f 376/376/1212 370/370/1213 371/371/1214
f 381/381/198 370/370/198 376/376/198
f 381/381/198 380/380/198 370/370/198
f 377/377/198 371/371/198 372/372/198
f 379/379/198 381/381/198 376/376/198
f 382/382/1215 372/372/1216 369/369/1217
f 383/383/1218 377/377/1219 372/372/1220
f 383/383/1221 372/372/1222 382/382/1223
f 384/384/1224 369/369/1225 375/375/1226
f 384/384/1227 382/382/1228 369/369/1229
f 385/385/1230 375/375/1231 377/377/1232
f 384/384/1233 375/375/1234 385/385/1235
f 383/383/1236 385/385/1237 377/377/1238
f 386/386/198 387/387/198 388/388/198
f 389/389/1239 388/388/1240 387/387/1241
f 390/390/198 386/386/198 388/388/198
f 391/391/1242 390/390/1243 388/388/1244
f 392/392/1245 391/391/1246 388/388/1247
f 389/389/1248 392/392/1249 388/388/1250
f 393/393/1251 387/387/1252 386/386/1253
f 394/394/1254 389/389/1255 387/387/1256
f 393/393/1257 394/394/1258 387/387/1259
f 395/395/1260 386/386/1261 390/390/1262
f 396/396/1263 386/386/1264 395/395/1265
f 396/396/1266 393/393/1267 386/386/1268
f 397/397/1269 395/395/1270 390/390/1271
f 391/391/1272 397/397/1273 390/390/1274
f 398/398/1275 380/380/1276 381/381/1277
f 399/399/1278 378/378/1279 380/380/1280
f 400/400/1281 399/399/1282 380/380/1283
f 398/398/1284 400/400/1285 380/380/1286
f 401/401/1287 381/381/1288 379/379/1289
f 402/402/1290 398/398/1291 381/381/1292
f 401/401/1293 402/402/1294 381/381/1295
f 403/403/1296 379/379/1297 378/378/1298
f 404/404/1299 379/379/1300 403/403/1301
f 404/404/1302 401/401/1303 379/379/1304
f 405/405/1305 403/403/1306 378/378/1307
f 399/399/1308 405/405/1309 378/378/1310
f 406/406/1311 383/383/1312 382/382/1313
f 407/407/1314 382/382/1315 384/384/1316
f 406/406/1317 382/382/1318 407/407/1319
f 408/408/1320 385/385/1321 383/383/1322
f 409/409/1323 384/384/1324 385/385/1325
f 409/409/1326 385/385/1327 408/408/1328
f 408/408/1329 383/383/1330 406/406/1331
f 409/409/1332 407/407/1333 384/384/1334
f 410/410/1335 395/395/1336 397/397/1337
f 410/410/1338 396/396/1339 395/395/1340
f 410/410/1341 397/397/1342 391/391/1343
f 411/411/1344 391/391/1345 392/392/1346
f 410/410/1347 391/391/1348 411/411/1349
f 412/412/1350 392/392/1351 389/389/1352
f 412/412/1353 411/411/1354 392/392/1355
f 412/412/1356 389/389/1357 394/394/1358
f 412/412/1359 394/394/1360 393/393/1361
f 413/413/1362 393/393/1363 396/396/1364
f 413/413/1365 412/412/1366 393/393/1367
f 410/410/1368 413/413/1369 396/396/1370
f 414/414/1371 403/403/1372 405/405/1373
f 414/414/1374 404/404/1375 403/403/1376
f 414/414/1377 405/405/1378 399/399/1379
f 415/415/1380 399/399/1381 400/400/1382
f 414/414/1383 399/399/1384 415/415/1385
f 416/416/1386 400/400/1387 398/398/1388
f 416/416/1389 415/415/1390 400/400/1391
f 416/416/1392 398/398/1393 402/402/1394
f 416/416/1395 402/402/1396 401/401/1397
f 417/417/1398 401/401/1399 404/404/1400
f 417/417/1401 416/416/1402 401/401/1403
f 414/414/1404 417/417/1405 404/404/1406
f 418/418/1407 419/419/1408 420/420/1409
f 421/421/1410 422/422/1411 419/419/1412
f 421/421/1413 419/419/1414 418/418/1415
f 423/423/1416 420/420/1417 424/424/1418
f 423/423/1419 418/418/1420 420/420/1421
f 425/425/1422 424/424/1423 422/422/1424
f 425/425/1425 423/423/1426 424/424/1427
f 421/421/1428 425/425/1429 422/422/1430
f 426/426/1431 427/427/1432 428/428/1433
f 429/429/1434 430/430/1435 427/427/1436
f 429/429/1437 427/427/1438 426/426/1439
f 431/431/1440 428/428/1441 432/432/1442
f 426/426/1443 428/428/1444 431/431/1445
f 433/433/1446 432/432/1447 430/430/1448
f 431/431/1449 432/432/1450 433/433/1451
f 429/429/1452 433/433/1453 430/430/1454
f 434/434/1455 435/435/1456 436/436/1457
f 437/437/1458 438/438/1459 435/435/1460
f 437/437/1461 435/435/1462 434/434/1463
f 439/439/1464 436/436/1465 440/440/1466
f 439/439/1467 434/434/1468 436/436/1469
f 441/441/1470 440/440/1471 438/438/1472
f 441/441/1425 439/439/1473 440/440/1474
f 437/437/1475 441/441/1476 438/438/1477
f 442/442/1478 443/443/1479 444/444/1480
f 445/445/1481 446/446/1482 443/443/1483
f 445/445/1484 443/443/1485 442/442/1486
f 447/447/1487 444/444/1488 448/448/1489
f 447/447/1419 442/442/1420 444/444/1421
f 449/449/1422 448/448/1423 446/446/1424
f 449/449/1490 447/447/1491 448/448/1492
f 445/445/1493 449/449/1494 446/446/1495
f 450/450/1496 451/451/1408 452/452/1497
f 453/453/1498 454/454/1499 451/451/1500
f 453/453/1501 451/451/1502 450/450/1503
f 455/455/1504 452/452/1505 456/456/1506
f 455/455/1507 450/450/1508 452/452/1509
f 457/457/1510 456/456/1423 454/454/1511
f 457/457/1512 455/455/1513 456/456/1514
f 453/453/1515 457/457/1516 454/454/1517
f 458/458/1518 459/459/1519 460/460/1520
f 461/461/1521 462/462/1522 459/459/1523
f 461/461/1501 459/459/1524 458/458/1525
f 463/463/1526 460/460/1527 464/464/1528
f 463/463/1529 458/458/1530 460/460/1531
f 465/465/1532 464/464/1533 462/462/1534
f 465/465/1535 463/463/1536 464/464/1537
f 461/461/1538 465/465/1539 462/462/1540
f 466/466/1455 467/467/1541 468/468/1542
f 469/469/1543 470/470/1544 467/467/1545
f 469/469/1546 467/467/1547 466/466/1548
f 471/471/1549 468/468/1550 472/472/1551
f 471/471/1552 466/466/1553 468/468/1554
f 473/473/1470 472/472/1555 470/470/1556
f 473/473/1557 471/471/1558 472/472/1559
f 469/469/1560 473/473/1561 470/470/1562
f 474/474/1563 475/475/1564 476/476/1565
f 477/477/1566 476/476/1567 475/475/1568
f 478/478/1569 474/474/1569 476/476/1569
f 478/478/1570 476/476/1570 477/477/1570
f 479/479/1571 480/480/1572 475/475/1573
f 481/481/1574 475/475/1575 480/480/1576
f 474/474/1577 479/479/1578 475/475/1579
f 477/477/1580 475/475/1581 481/481/1582
f 479/479/1583 482/482/1584 480/480/1585
f 483/483/1586 480/480/1587 482/482/1588
f 483/483/1589 481/481/1590 480/480/1591
f 484/484/1592 485/485/1593 482/482/1594
f 486/486/1595 482/482/1596 485/485/1597
f 81/81/1598 487/487/1599 82/82/1600
f 488/488/1601 484/484/1602 482/482/1603
f 489/489/1604 488/488/1605 482/482/1606
f 479/479/1607 489/489/1608 482/482/1609
f 483/483/1610 482/482/1611 486/486/1612
f 490/490/1613 491/491/1614 485/485/1615
f 492/492/1616 485/485/1617 491/491/1618
f 484/484/1619 490/490/1620 485/485/1621
f 486/486/1622 485/485/1623 493/493/1624
f 494/494/1625 493/493/1626 485/485/1627
f 492/492/1628 494/494/1629 485/485/1630
f 492/492/1631 491/491/1632 490/490/1633
f 495/495/1634 490/490/1635 484/484/1636
f 82/82/1637 487/487/1638 496/496/1639
f 492/492/1640 490/490/1641 497/497/1642
f 132/132/1643 82/82/1644 496/496/1645
f 498/498/1646 499/499/1647 500/500/1648
f 83/83/1649 132/132/1650 501/501/1651
f 132/132/1652 496/496/1653 501/501/1654
f 489/489/1655 484/484/1656 488/488/1657
f 479/479/1658 484/484/1659 489/489/1660
f 502/502/1661 484/484/1662 479/479/1663
f 503/503/1664 484/484/1665 502/502/1666
f 501/501/1667 496/496/1668 504/504/1669
f 505/505/1670 484/484/1671 503/503/1672
f 505/505/1673 506/506/1674 484/484/1675
f 474/474/1676 502/502/1677 479/479/1678
f 478/478/1679 502/502/1679 474/474/1679
f 365/365/1680 507/507/1680 502/502/1680
f 503/503/1681 502/502/1682 507/507/1683
f 478/478/1684 365/365/1684 502/502/1684
f 508/508/1685 509/509/1686 510/510/1687
f 511/511/1688 510/510/1688 509/509/1688
f 512/512/1689 508/508/1690 510/510/1691
f 513/513/1692 510/510/1693 511/511/1694
f 514/514/1695 510/510/1696 513/513/1697
f 512/512/1698 510/510/1699 514/514/1700
f 515/515/1701 516/516/1702 509/509/1703
f 517/517/1704 509/509/1704 516/516/1704
f 508/508/1705 515/515/1706 509/509/1707
f 517/517/1708 511/511/1708 509/509/1708
f 518/518/1709 516/516/1710 515/515/1711
f 518/518/1712 519/519/1713 516/516/1714
f 517/517/1715 516/516/1715 519/519/1715
f 508/508/1716 520/520/1717 515/515/1718
f 518/518/1719 515/515/1720 520/520/1721
f 521/521/1722 522/522/1723 520/520/1724
f 518/518/1725 520/520/1726 522/522/1727
f 508/508/1728 521/521/1729 520/520/1730
f 521/521/1731 523/523/1732 522/522/1733
f 518/518/1734 522/522/1735 523/523/1736
f 521/521/1737 524/524/1738 523/523/1739
f 498/498/1740 525/525/1741 526/526/1742
f 498/498/1743 527/527/1744 525/525/1745
f 528/528/1746 523/523/1747 529/529/1748
f 530/530/1749 523/523/1750 528/528/1751
f 531/531/1752 518/518/1753 523/523/1754
f 532/532/1755 531/531/1756 523/523/1757
f 533/533/1758 532/532/1759 523/523/1760
f 534/534/1761 533/533/1762 523/523/1763
f 535/535/1764 534/534/1765 523/523/1766
f 536/536/1767 535/535/1768 523/523/1769
f 537/537/1770 536/536/1771 523/523/1772
f 530/530/1773 537/537/1774 523/523/1775
f 538/538/1776 525/525/1777 539/539/1778
f 525/525/1779 527/527/1780 539/539/1781
f 521/521/1782 540/540/1783 524/524/1784
f 498/498/1785 500/500/1786 527/527/1787
f 541/541/1788 524/524/1789 540/540/1790
f 527/527/1791 500/500/1792 539/539/1793
f 541/541/1794 529/529/1795 524/524/1796
f 541/541/1797 540/540/1798 521/521/1799
f 542/542/1800 521/521/1801 508/508/1802
f 543/543/1803 541/541/1804 521/521/1805
f 542/542/1806 543/543/1807 521/521/1808
f 542/542/1809 508/508/1810 544/544/1811
f 512/512/1812 544/544/1813 508/508/1814
f 529/529/1815 523/523/1816 524/524/1817
f 528/528/1818 529/529/1819 545/545/1820
f 546/546/1821 545/545/1822 529/529/1823
f 547/547/1824 528/528/1825 545/545/1826
f 548/548/1827 545/545/1828 546/546/1829
f 549/549/1830 545/545/1831 548/548/1832
f 546/546/1833 529/529/1834 541/541/1835
f 550/550/1836 546/546/1837 541/541/1838
f 551/551/1839 550/550/1840 541/541/1841
f 552/552/1842 551/551/1843 541/541/1844
f 553/553/1845 552/552/1846 541/541/1847
f 554/554/1848 553/553/1849 541/541/1850
f 555/555/1851 554/554/1852 541/541/1853
f 556/556/1854 555/555/1855 541/541/1856
f 543/543/1857 556/556/1858 541/541/1859
f 557/557/1860 528/528/1861 547/547/1862
f 557/557/1863 530/530/1864 528/528/1865
f 557/557/1866 547/547/1867 558/558/1868
f 559/559/198 411/411/198 412/412/198
f 560/560/198 410/410/198 411/411/198
f 560/560/198 411/411/198 559/559/198
f 561/561/198 412/412/198 413/413/198
f 562/562/198 412/412/198 561/561/198
f 562/562/198 559/559/198 412/412/198
f 563/563/198 413/413/198 410/410/198
f 563/563/198 561/561/198 413/413/198
f 564/564/198 563/563/198 410/410/198
f 560/560/198 564/564/198 410/410/198
f 565/565/198 415/415/198 416/416/198
f 566/566/198 414/414/198 415/415/198
f 565/565/198 566/566/198 415/415/198
f 567/567/198 416/416/198 417/417/198
f 564/564/198 416/416/198 568/568/198
f 567/567/198 568/568/198 416/416/198
f 569/569/198 416/416/198 564/564/198
f 565/565/198 416/416/198 569/569/198
f 570/570/198 417/417/198 414/414/198
f 570/570/198 567/567/198 417/417/198
f 571/571/198 414/414/198 572/572/198
f 573/573/198 572/572/198 414/414/198
f 574/574/198 414/414/198 571/571/198
f 575/575/198 414/414/198 574/574/198
f 566/566/198 576/576/198 414/414/198
f 573/573/198 414/414/198 576/576/198
f 575/575/198 570/570/198 414/414/198
f 577/577/1869 578/578/1870 579/579/1871
f 580/580/1872 581/581/1873 578/578/1874
f 577/577/1875 580/580/1876 578/578/1877
f 582/582/1878 579/579/1879 583/583/1880
f 577/577/1881 579/579/1882 584/584/1883
f 582/582/1884 584/584/1885 579/579/1886
f 585/585/1887 583/583/1888 581/581/1889
f 582/582/1890 583/583/1891 585/585/1892
f 586/586/1893 581/581/1894 580/580/1895
f 585/585/1896 581/581/1897 586/586/1898
f 587/587/1899 588/588/1900 589/589/1901
f 590/590/1902 591/591/1903 588/588/1904
f 587/587/1905 590/590/1906 588/588/1907
f 592/592/1908 589/589/1909 593/593/1910
f 587/587/1911 589/589/1912 594/594/1913
f 592/592/1914 594/594/1915 589/589/1916
f 595/595/1917 593/593/1918 591/591/1919
f 592/592/1920 593/593/1921 595/595/1922
f 596/596/1923 591/591/1924 590/590/1925
f 595/595/1926 591/591/1927 596/596/1928
f 597/597/1929 598/598/1930 599/599/1931
f 600/600/1872 601/601/1873 598/598/1874
f 597/597/1875 600/600/1876 598/598/1877
f 602/602/1932 599/599/1933 603/603/1880
f 597/597/1934 599/599/1935 604/604/1936
f 602/602/1937 604/604/1938 599/599/1939
f 605/605/1887 603/603/1888 601/601/1889
f 602/602/1940 603/603/1941 605/605/1942
f 606/606/1943 601/601/1944 600/600/1945
f 605/605/1946 601/601/1947 606/606/1948
f 607/607/1929 608/608/1949 609/609/1950
f 610/610/1872 611/611/1951 608/608/1952
f 607/607/1953 610/610/1954 608/608/1955
f 612/612/1956 609/609/1957 613/613/1958
f 607/607/1959 609/609/1960 614/614/1961
f 612/612/1962 614/614/1963 609/609/1964
f 615/615/1887 613/613/1965 611/611/1966
f 612/612/1967 613/613/1968 615/615/1969
f 616/616/1970 611/611/1971 610/610/1972
f 615/615/1973 611/611/1974 616/616/1975
f 617/617/1899 618/618/1900 619/619/1901
f 620/620/1976 621/621/1977 618/618/1978
f 617/617/1979 620/620/1980 618/618/1981
f 622/622/1982 619/619/1983 623/623/1984
f 617/617/1911 619/619/1912 624/624/1913
f 622/622/1985 624/624/1986 619/619/1987
f 625/625/1917 623/623/1918 621/621/1919
f 622/622/1988 623/623/1989 625/625/1990
f 626/626/1991 621/621/1992 620/620/1993
f 625/625/1926 621/621/1927 626/626/1928
f 627/627/1929 628/628/1949 629/629/1950
f 630/630/1994 631/631/1995 628/628/1996
f 627/627/1997 630/630/1998 628/628/1999
f 632/632/1932 629/629/2000 633/633/2001
f 627/627/2002 629/629/2003 634/634/2004
f 632/632/2005 634/634/2006 629/629/2007
f 635/635/2008 633/633/2009 631/631/2010
f 632/632/2011 633/633/2012 635/635/2013
f 636/636/2014 631/631/2015 630/630/2016
f 635/635/2017 631/631/2018 636/636/2019
f 84/84/2020 637/637/2021 497/497/2022
f 638/638/2023 497/497/2024 637/637/2025
f 73/73/2026 84/84/2027 497/497/2028
f 495/495/2029 73/73/2030 497/497/2031
f 639/639/2032 497/497/2033 638/638/2034
f 640/640/2035 497/497/2036 639/639/2037
f 539/539/2038 500/500/2039 641/641/2040
f 495/495/2041 497/497/2042 490/490/2043
f 640/640/2044 492/492/2045 497/497/2046
f 571/571/2047 572/572/2048 637/637/2049
f 638/638/2050 637/637/2051 572/572/2052
f 574/574/2053 571/571/2054 637/637/2055
f 84/84/2056 574/574/2057 637/637/2058
f 642/642/198 638/638/198 572/572/198
f 643/643/198 572/572/198 573/573/198
f 644/644/198 572/572/198 643/643/198
f 644/644/198 642/642/198 572/572/198
f 88/88/2059 574/574/2060 84/84/2061
f 645/645/198 575/575/198 574/574/198
f 88/88/198 645/645/198 574/574/198
f 79/79/2062 88/88/2063 84/84/2064
f 78/78/2065 73/73/2066 495/495/2067
f 550/550/2068 576/576/2069 546/546/2070
f 548/548/2071 546/546/2072 576/576/2073
f 550/550/2074 646/646/2075 576/576/2076
f 647/647/198 576/576/198 646/646/198
f 548/548/2077 576/576/2078 648/648/2079
f 566/566/2080 648/648/2080 576/576/2080
f 647/647/198 573/573/198 576/576/198
f 639/639/2081 638/638/2082 646/646/2083
f 642/642/198 646/646/198 638/638/198
f 550/550/2084 639/639/2085 646/646/2086
f 649/649/198 647/647/198 646/646/198
f 642/642/198 649/649/198 646/646/198
f 650/650/2087 639/639/2088 550/550/2089
f 651/651/2090 640/640/2091 639/639/2092
f 652/652/2093 651/651/2094 639/639/2095
f 653/653/2096 652/652/2097 639/639/2098
f 654/654/2099 653/653/2100 639/639/2101
f 655/655/2102 654/654/2103 639/639/2104
f 650/650/2105 655/655/2106 639/639/2107
f 656/656/2108 650/650/2109 550/550/2110
f 551/551/2111 656/656/2112 550/550/2113
f 500/500/2114 499/499/2115 641/641/2116
f 83/83/2117 501/501/2118 657/657/2119
f 506/506/2120 78/78/2121 495/495/2122
f 506/506/2123 495/495/2124 484/484/2124
f 506/506/2125 76/76/2126 78/78/2127
f 494/494/2128 486/486/2129 493/493/2130
f 658/658/2131 486/486/2132 494/494/2133
f 659/659/2134 483/483/2135 486/486/2136
f 658/658/2137 659/659/2138 486/486/2139
f 658/658/2140 494/494/2141 492/492/2142
f 660/660/2143 492/492/2144 640/640/2145
f 658/658/2146 492/492/2147 661/661/2148
f 660/660/2149 661/661/2150 492/492/2151
f 662/662/2152 640/640/2153 651/651/2154
f 663/663/2155 640/640/2156 662/662/2157
f 660/660/2158 640/640/2159 663/663/2160
f 662/662/2161 651/651/2162 652/652/2163
f 664/664/2164 652/652/2165 653/653/2166
f 664/664/2167 662/662/2168 652/652/2169
f 664/664/2170 653/653/2171 654/654/2172
f 665/665/2173 654/654/2174 655/655/2175
f 665/665/2176 664/664/2177 654/654/2178
f 666/666/2179 655/655/2180 650/650/2181
f 667/667/2182 655/655/2183 666/666/2184
f 665/665/2185 655/655/2186 667/667/2187
f 668/668/2188 650/650/2189 656/656/2190
f 666/666/2191 650/650/2192 668/668/2193
f 669/669/2194 656/656/2195 551/551/2196
f 668/668/2197 656/656/2198 669/669/2199
f 670/670/2200 551/551/2201 552/552/2202
f 671/671/2203 669/669/2204 551/551/2205
f 670/670/2206 671/671/2207 551/551/2208
f 670/670/2209 552/552/2210 553/553/2211
f 672/672/2212 553/553/2213 554/554/2214
f 672/672/2215 673/673/2216 553/553/2217
f 670/670/2218 553/553/2219 673/673/2220
f 672/672/2221 554/554/2222 555/555/2223
f 672/672/2224 555/555/2225 556/556/2226
f 674/674/2227 556/556/2228 543/543/2229
f 672/672/2230 556/556/2231 675/675/2232
f 674/674/2233 675/675/2234 556/556/2235
f 542/542/2236 544/544/2237 543/543/2238
f 676/676/2239 543/543/2240 544/544/2241
f 674/674/2242 543/543/2243 676/676/2244
f 478/478/2245 477/477/2245 481/481/2245
f 677/677/2246 478/478/2246 481/481/2246
f 678/678/2247 677/677/2248 481/481/2249
f 679/679/2250 481/481/2251 483/483/2252
f 679/679/2253 678/678/2254 481/481/2255
f 364/364/2256 363/363/2256 507/507/2256
f 503/503/2257 507/507/2258 363/363/2259
f 365/365/2260 364/364/2260 507/507/2260
f 680/680/2261 363/363/2262 349/349/2263
f 680/680/2264 503/503/2265 363/363/2266
f 680/680/2267 349/349/2268 681/681/2269
f 351/351/2270 681/681/2271 349/349/2272
f 682/682/2273 365/365/2274 478/478/2275
f 682/682/2276 362/362/2277 365/365/2278
f 683/683/2279 478/478/2280 677/677/2281
f 683/683/2282 682/682/2283 478/478/2284
f 684/684/2285 683/683/2286 677/677/2287
f 685/685/2288 684/684/2289 677/677/2290
f 678/678/2291 685/685/2292 677/677/2293
f 680/680/2294 681/681/2295 503/503/2296
f 686/686/2297 503/503/2298 681/681/2299
f 103/103/2300 503/503/2301 686/686/2302
f 687/687/2303 505/505/2304 503/503/2305
f 688/688/2306 687/687/2307 503/503/2308
f 689/689/2309 688/688/2310 503/503/2311
f 690/690/2312 689/689/2313 503/503/2314
f 691/691/2315 690/690/2316 503/503/2317
f 102/102/2318 691/691/2319 503/503/2320
f 103/103/2321 102/102/2322 503/503/2323
f 692/692/2324 681/681/2325 351/351/2326
f 693/693/2327 681/681/2328 692/692/2329
f 693/693/2330 686/686/2331 681/681/2332
f 694/694/2333 695/695/2334 519/519/2335
f 696/696/2336 519/519/2336 695/695/2336
f 697/697/2337 694/694/2338 519/519/2339
f 518/518/2340 697/697/2341 519/519/2342
f 698/698/2343 517/517/2343 519/519/2343
f 696/696/2344 698/698/2344 519/519/2344
f 699/699/2345 695/695/2346 694/694/2347
f 700/700/2348 696/696/2348 695/695/2348
f 699/699/2349 700/700/2350 695/695/2351
f 699/699/2352 694/694/2353 697/697/2354
f 701/701/2355 697/697/2356 518/518/2357
f 702/702/2358 699/699/2359 697/697/2360
f 701/701/2361 702/702/2362 697/697/2363
f 703/703/2364 701/701/2365 518/518/2366
f 531/531/2367 704/704/2368 518/518/2369
f 705/705/2370 518/518/2371 704/704/2372
f 706/706/2373 703/703/2374 518/518/2375
f 705/705/2376 706/706/2377 518/518/2378
f 707/707/2379 511/511/2380 517/517/2381
f 708/708/2382 511/511/2383 707/707/2384
f 513/513/2385 511/511/2386 708/708/2387
f 709/709/2388 517/517/2389 698/698/2390
f 707/707/2391 517/517/2392 709/709/2393
f 710/710/2394 698/698/2395 696/696/2396
f 711/711/2397 698/698/2398 710/710/2399
f 712/712/2400 698/698/2401 711/711/2402
f 713/713/2403 698/698/2404 712/712/2405
f 714/714/2406 698/698/2407 713/713/2408
f 715/715/2409 698/698/2410 714/714/2411
f 715/715/2412 716/716/2413 698/698/2414
f 717/717/2415 698/698/2416 716/716/2417
f 718/718/2418 709/709/2419 698/698/2420
f 717/717/2421 718/718/2422 698/698/2423
f 719/719/2424 710/710/2424 696/696/2424
f 720/720/2425 719/719/2425 696/696/2425
f 700/700/2426 720/720/2426 696/696/2426
f 721/721/2427 710/710/2428 719/719/2429
f 711/711/2430 710/710/2431 721/721/2432
f 721/721/2433 719/719/2434 720/720/2435
f 721/721/2436 720/720/2437 700/700/2438
f 722/722/2439 721/721/2440 700/700/2441
f 699/699/2442 722/722/2443 700/700/2444
f 548/548/2445 648/648/2446 723/723/2447
f 566/566/198 723/723/198 648/648/198
f 724/724/2448 548/548/2449 723/723/2450
f 725/725/2451 724/724/2452 723/723/2453
f 726/726/198 725/725/198 723/723/198
f 569/569/198 727/727/198 723/723/198
f 728/728/198 723/723/198 727/727/198
f 729/729/198 569/569/198 723/723/198
f 566/566/198 729/729/198 723/723/198
f 730/730/198 726/726/198 723/723/198
f 731/731/198 730/730/198 723/723/198
f 732/732/198 731/731/198 723/723/198
f 733/733/198 732/732/198 723/723/198
f 734/734/198 733/733/198 723/723/198
f 728/728/198 734/734/198 723/723/198
f 724/724/2454 549/549/2455 548/548/2456
f 735/735/2457 549/549/2458 724/724/2459
f 735/735/2460 736/736/2461 549/549/2462
f 737/737/2463 657/657/2464 501/501/2465
f 735/735/2466 724/724/2467 725/725/2468
f 738/738/198 88/88/198 725/725/198
f 86/86/2469 725/725/2470 88/88/2471
f 739/739/2472 738/738/2472 725/725/2472
f 740/740/2473 739/739/2473 725/725/2473
f 726/726/198 740/740/198 725/725/198
f 735/735/2474 725/725/2475 86/86/2476
f 741/741/2477 561/561/2478 563/563/2479
f 742/742/198 561/561/198 743/743/198
f 602/602/2480 743/743/2481 561/561/2482
f 742/742/198 562/562/198 561/561/198
f 602/602/2483 561/561/2484 741/741/2485
f 564/564/198 568/568/198 563/563/198
f 600/600/2486 563/563/2487 568/568/2488
f 604/604/2489 741/741/2490 563/563/2491
f 600/600/2492 604/604/2493 563/563/2494
f 567/567/198 743/743/198 568/568/198
f 744/744/2495 568/568/2496 743/743/2497
f 744/744/2498 600/600/2499 568/568/2500
f 745/745/198 743/743/198 567/567/198
f 745/745/198 742/742/198 743/743/198
f 744/744/2501 743/743/2502 606/606/2503
f 602/602/2504 606/606/2505 743/743/2506
f 728/728/198 727/727/198 559/559/198
f 746/746/2477 559/559/2507 727/727/2508
f 612/612/2509 560/560/2510 559/559/2511
f 562/562/198 747/747/198 559/559/198
f 728/728/198 559/559/198 747/747/198
f 612/612/2512 559/559/2513 746/746/2514
f 569/569/198 564/564/198 727/727/198
f 610/610/2515 727/727/2516 564/564/2517
f 614/614/2489 746/746/2490 727/727/2518
f 610/610/2519 614/614/2520 727/727/2521
f 748/748/2495 564/564/2522 560/560/2523
f 748/748/2524 610/610/2525 564/564/2526
f 748/748/2527 560/560/2502 616/616/2503
f 612/612/2528 616/616/2529 560/560/2530
f 749/749/2531 569/569/2532 729/729/2533
f 622/622/2534 565/565/2535 569/569/2536
f 622/622/2537 569/569/2538 749/749/2539
f 620/620/2540 729/729/2541 566/566/2542
f 624/624/2543 749/749/2544 729/729/2545
f 620/620/2546 624/624/2547 729/729/2548
f 750/750/2549 566/566/2550 565/565/2551
f 750/750/2552 620/620/2553 566/566/2554
f 750/750/2555 565/565/2556 626/626/2557
f 622/622/2504 626/626/2505 565/565/2506
f 751/751/2558 573/573/2507 647/647/2508
f 643/643/198 573/573/198 752/752/198
f 632/632/2559 752/752/2560 573/573/2561
f 632/632/2512 573/573/2513 751/751/2514
f 630/630/2562 647/647/2563 649/649/2564
f 634/634/2565 751/751/2566 647/647/2567
f 630/630/2568 634/634/2569 647/647/2570
f 753/753/198 752/752/198 649/649/198
f 754/754/2571 649/649/2572 752/752/2573
f 642/642/198 753/753/198 649/649/198
f 754/754/2574 630/630/2575 649/649/2576
f 753/753/198 643/643/198 752/752/198
f 754/754/2577 752/752/2578 636/636/2579
f 632/632/2580 636/636/2581 752/752/2582
f 755/755/2558 643/643/2478 753/753/2479
f 582/582/2583 644/644/2584 643/643/2585
f 582/582/2483 643/643/2586 755/755/2587
f 580/580/2588 753/753/2589 642/642/2590
f 584/584/2565 755/755/2591 753/753/2592
f 580/580/2593 584/584/2594 753/753/2595
f 756/756/2571 642/642/2596 644/644/2597
f 756/756/2498 580/580/2499 642/642/2500
f 756/756/2598 644/644/2599 586/586/2600
f 582/582/2601 586/586/2602 644/644/2603
f 757/757/2531 567/567/2532 570/570/2533
f 758/758/198 567/567/198 645/645/198
f 592/592/2534 645/645/2535 567/567/2536
f 758/758/2604 745/745/2604 567/567/2604
f 592/592/2537 567/567/2538 757/757/2539
f 590/590/2540 570/570/2541 575/575/2542
f 594/594/2543 757/757/2544 570/570/2545
f 590/590/2546 594/594/2547 570/570/2548
f 759/759/2549 575/575/2550 645/645/2551
f 759/759/2552 590/590/2553 575/575/2554
f 760/760/198 645/645/198 88/88/198
f 760/760/198 758/758/198 645/645/198
f 759/759/2555 645/645/2556 596/596/2557
f 592/592/2504 596/596/2505 645/645/2506
f 761/761/198 762/762/198 88/88/198
f 763/763/198 88/88/198 762/762/198
f 764/764/198 761/761/198 88/88/198
f 765/765/198 760/760/198 88/88/198
f 766/766/198 765/765/198 88/88/198
f 767/767/2605 766/766/2605 88/88/2605
f 763/763/2606 767/767/2606 88/88/2606
f 768/768/198 764/764/198 88/88/198
f 738/738/198 768/768/198 88/88/198
f 769/769/2607 762/762/2608 761/761/2609
f 770/770/2610 763/763/2611 762/762/2612
f 771/771/2613 770/770/2614 762/762/2615
f 769/769/2616 771/771/2617 762/762/2618
f 772/772/198 773/773/198 761/761/198
f 769/769/2619 761/761/2620 773/773/2621
f 772/772/198 761/761/198 764/764/198
f 774/774/198 775/775/198 773/773/198
f 776/776/2622 773/773/2623 775/775/2624
f 772/772/198 774/774/198 773/773/198
f 777/777/2625 769/769/2626 773/773/2627
f 776/776/2628 777/777/2629 773/773/2630
f 778/778/198 779/779/198 775/775/198
f 780/780/2631 775/775/2632 779/779/2633
f 774/774/198 778/778/198 775/775/198
f 780/780/2634 776/776/2635 775/775/2636
f 781/781/198 782/782/198 779/779/198
f 783/783/2637 779/779/2638 782/782/2639
f 778/778/198 781/781/198 779/779/198
f 783/783/2640 780/780/2641 779/779/2642
f 784/784/198 785/785/198 782/782/198
f 786/786/2643 782/782/2644 785/785/2645
f 781/781/198 784/784/198 782/782/198
f 787/787/2646 782/782/2647 786/786/2648
f 783/783/2649 782/782/2650 787/787/2651
f 788/788/198 789/789/198 785/785/198
f 786/786/2652 785/785/2653 789/789/2654
f 784/784/198 788/788/198 785/785/198
f 790/790/198 791/791/198 789/789/198
f 792/792/2655 789/789/2656 791/791/2657
f 788/788/198 790/790/198 789/789/198
f 793/793/2658 786/786/2659 789/789/2660
f 792/792/2661 793/793/2662 789/789/2663
f 794/794/198 795/795/198 791/791/198
f 796/796/2664 791/791/2665 795/795/2666
f 790/790/198 794/794/198 791/791/198
f 796/796/2667 792/792/2668 791/791/2669
f 728/728/198 747/747/198 795/795/198
f 797/797/2670 795/795/2671 747/747/2672
f 794/794/198 728/728/198 795/795/198
f 797/797/2673 796/796/2674 795/795/2675
f 798/798/2676 747/747/2677 562/562/2678
f 799/799/2679 747/747/2680 798/798/2681
f 797/797/2682 747/747/2683 799/799/2684
f 798/798/2685 562/562/2686 742/742/2687
f 800/800/2688 742/742/2689 745/745/2690
f 801/801/2691 798/798/2692 742/742/2693
f 800/800/2694 801/801/2695 742/742/2696
f 802/802/2697 745/745/2698 758/758/2699
f 802/802/2700 800/800/2701 745/745/2702
f 803/803/2703 758/758/2704 760/760/2705
f 803/803/2706 802/802/2707 758/758/2708
f 804/804/2709 760/760/2710 765/765/2711
f 805/805/2712 760/760/2713 804/804/2714
f 803/803/2715 760/760/2716 805/805/2717
f 804/804/2718 765/765/2719 766/766/2720
f 806/806/2721 766/766/2722 767/767/2723
f 806/806/2724 807/807/2725 766/766/2726
f 804/804/2727 766/766/2728 807/807/2729
f 808/808/2730 767/767/2731 763/763/2732
f 806/806/2733 767/767/2734 808/808/2735
f 808/808/2736 763/763/2737 770/770/2738
f 809/809/2739 764/764/2740 768/768/2741
f 810/810/2742 772/772/2743 764/764/2744
f 811/811/2617 764/764/2618 809/809/2616
f 810/810/2745 764/764/2746 811/811/2747
f 809/809/2748 768/768/2749 738/738/2750
f 812/812/2751 738/738/2752 739/739/2753
f 813/813/2754 809/809/2755 738/738/2756
f 812/812/2757 813/813/2758 738/738/2759
f 814/814/2760 739/739/2761 740/740/2762
f 814/814/2763 812/812/2764 739/739/2765
f 815/815/2766 740/740/2767 726/726/2768
f 815/815/2769 814/814/2770 740/740/2771
f 816/816/2643 726/726/2644 730/730/2645
f 817/817/2772 815/815/2773 726/726/2774
f 816/816/2775 817/817/2776 726/726/2777
f 816/816/2778 730/730/2779 731/731/2780
f 71/71/2781 731/731/2782 732/732/2783
f 58/58/2784 816/816/2785 731/731/2786
f 71/71/2787 58/58/2788 731/731/2789
f 818/818/2790 732/732/2791 733/733/2792
f 818/818/2793 71/71/2794 732/732/2795
f 819/819/2796 733/733/2797 734/734/2798
f 819/819/2799 818/818/2800 733/733/2801
f 820/820/2802 734/734/2803 728/728/2804
f 821/821/2679 734/734/2680 820/820/2681
f 819/819/2805 734/734/2806 821/821/2807
f 820/820/2808 728/728/2809 794/794/2810
f 822/822/2811 794/794/2812 790/790/2813
f 823/823/2814 820/820/2815 794/794/2816
f 822/822/2817 823/823/2818 794/794/2819
f 824/824/2820 790/790/2821 788/788/2822
f 824/824/2823 822/822/2824 790/790/2825
f 825/825/2826 788/788/2827 784/784/2828
f 825/825/2829 824/824/2830 788/788/2831
f 826/826/2709 784/784/2710 781/781/2711
f 827/827/2832 784/784/2833 826/826/2834
f 825/825/2835 784/784/2836 827/827/2837
f 826/826/2838 781/781/2839 778/778/2840
f 828/828/2841 778/778/2842 774/774/2843
f 829/829/2844 826/826/2845 778/778/2846
f 828/828/2847 829/829/2848 778/778/2849
f 830/830/2850 774/774/2851 772/772/2852
f 830/830/2853 828/828/2854 774/774/2855
f 810/810/2856 830/830/2857 772/772/2858
f 831/831/2859 832/832/2860 833/833/2861
f 834/834/2862 835/835/2863 832/832/2864
f 834/834/2865 832/832/2866 531/531/2867
f 836/836/2868 531/531/2869 832/832/2870
f 837/837/2871 836/836/2872 832/832/2873
f 831/831/2874 837/837/2875 832/832/2876
f 838/838/2877 833/833/2878 839/839/2879
f 840/840/2880 833/833/2881 838/838/2882
f 831/831/2883 833/833/2884 840/840/2885
f 841/841/2886 839/839/2887 842/842/2888
f 843/843/2889 838/838/2890 839/839/2891
f 844/844/2892 839/839/2893 841/841/2894
f 843/843/2895 839/839/2896 844/844/2897
f 841/841/2898 842/842/2899 736/736/2900
f 841/841/2901 736/736/2902 845/845/2903
f 735/735/2904 845/845/2905 736/736/2906
f 557/557/2907 558/558/2908 846/846/2909
f 847/847/2910 846/846/2911 848/848/2912
f 849/849/2913 557/557/2914 846/846/2915
f 850/850/2916 849/849/2917 846/846/2918
f 850/850/2919 846/846/2920 847/847/2921
f 847/847/2922 848/848/2923 851/851/2924
f 852/852/2925 851/851/2926 853/853/2927
f 847/847/2928 851/851/2929 852/852/2930
f 852/852/2931 853/853/2932 854/854/2933
f 855/855/2934 854/854/2935 856/856/2936
f 855/855/2937 857/857/2938 854/854/2939
f 852/852/2940 854/854/2941 857/857/2942
f 858/858/2943 856/856/2944 859/859/2945
f 858/858/2946 860/860/2947 856/856/2948
f 855/855/2949 856/856/2950 860/860/2951
f 858/858/2952 859/859/2953 861/861/2954
f 862/862/2955 861/861/2956 863/863/2957
f 858/858/2958 861/861/2959 864/864/2960
f 862/862/2961 864/864/2962 861/861/2963
f 865/865/2964 863/863/2965 866/866/2966
f 867/867/2967 862/862/2968 863/863/2969
f 868/868/2970 867/867/2971 863/863/2972
f 865/865/2973 868/868/2974 863/863/2975
f 81/81/2976 869/869/2977 487/487/2978
f 865/865/2979 866/866/2980 835/835/2981
f 865/865/2982 835/835/2983 834/834/2984
f 870/870/2985 871/871/2986 872/872/2987
f 873/873/2988 874/874/2989 871/871/2990
f 873/873/2991 871/871/2992 870/870/2993
f 875/875/2994 872/872/2995 876/876/2996
f 875/875/2997 870/870/2998 872/872/2999
f 877/877/3000 876/876/3001 874/874/3002
f 875/875/3003 876/876/3004 877/877/3005
f 877/877/3006 874/874/3007 873/873/3008
f 711/711/3009 721/721/3010 722/722/3011
f 357/357/3012 722/722/3013 699/699/3014
f 712/712/1167 722/722/1167 357/357/1167
f 712/712/3015 711/711/3016 722/722/3017
f 702/702/3018 357/357/3019 699/699/3020
f 539/539/3021 357/357/3022 702/702/3023
f 713/713/1167 712/712/1167 357/357/1167
f 641/641/3024 356/356/3025 357/357/3026
f 714/714/1167 713/713/1167 357/357/1167
f 878/878/1167 714/714/1167 357/357/1167
f 879/879/1167 878/878/1167 357/357/1167
f 358/358/1167 879/879/1167 357/357/1167
f 539/539/3027 641/641/3028 357/357/3029
f 539/539/3030 702/702/3031 701/701/3032
f 538/538/3033 701/701/3034 703/703/3035
f 538/538/3036 539/539/3037 701/701/3038
f 880/880/3039 704/704/3040 531/531/3041
f 881/881/3042 705/705/3043 704/704/3044
f 882/882/3045 704/704/3046 880/880/3047
f 883/883/3048 704/704/3049 882/882/3050
f 881/881/3051 704/704/3052 883/883/3053
f 884/884/3054 834/834/3055 531/531/3056
f 885/885/3057 884/884/3058 531/531/3059
f 886/886/3060 885/885/3061 531/531/3062
f 887/887/3063 886/886/3064 531/531/3065
f 888/888/3066 887/887/3067 531/531/3068
f 889/889/3069 888/888/3070 531/531/3071
f 890/890/3072 889/889/3073 531/531/3074
f 532/532/3075 890/890/3076 531/531/3077
f 880/880/3078 531/531/3079 836/836/3080
f 891/891/3081 834/834/3082 884/884/3083
f 891/891/3084 865/865/3085 834/834/3086
f 892/892/3087 884/884/3088 885/885/3089
f 892/892/3090 893/893/3091 884/884/3092
f 891/891/3093 884/884/3094 893/893/3095
f 892/892/3096 885/885/3097 886/886/3098
f 894/894/3099 886/886/3100 887/887/3101
f 892/892/3102 886/886/3103 894/894/3104
f 894/894/3105 887/887/3106 888/888/3107
f 894/894/3108 888/888/3109 889/889/3110
f 895/895/3111 889/889/3112 890/890/3113
f 895/895/3114 896/896/3115 889/889/3116
f 894/894/3117 889/889/3118 896/896/3119
f 897/897/3120 890/890/3121 532/532/3122
f 897/897/3123 898/898/3124 890/890/3125
f 895/895/3126 890/890/3127 898/898/3128
f 897/897/3129 532/532/3130 533/533/3131
f 899/899/3132 533/533/3133 534/534/3134
f 897/897/3135 533/533/3136 900/900/3137
f 899/899/3138 900/900/3139 533/533/3140
f 901/901/3141 534/534/3142 535/535/3143
f 902/902/3144 899/899/3145 534/534/3146
f 901/901/3147 902/902/3148 534/534/3149
f 901/901/3150 535/535/3151 536/536/3152
f 901/901/3153 536/536/3154 537/537/3155
f 901/901/3156 537/537/3157 530/530/3158
f 849/849/3159 530/530/3160 557/557/3161
f 850/850/3162 530/530/3163 849/849/3164
f 903/903/3165 901/901/3166 530/530/3167
f 903/903/3168 530/530/3169 850/850/3170
f 538/538/3171 703/703/3172 706/706/3173
f 881/881/3174 706/706/3175 705/705/3176
f 904/904/3177 706/706/3178 881/881/3179
f 525/525/3180 706/706/3181 904/904/3182
f 538/538/3183 706/706/3184 525/525/3185
f 875/875/3186 905/905/3187 906/906/3188
f 875/875/3189 906/906/3190 907/907/3191
f 335/335/3192 344/344/3193 908/908/3194
f 335/335/3195 341/341/3196 344/344/3197
f 336/336/3198 908/908/3199 909/909/3200
f 336/336/3201 335/335/3202 908/908/3203
f 875/875/3204 910/910/3205 905/905/3206
f 877/877/3207 911/911/3208 910/910/3209
f 875/875/3210 877/877/3211 910/910/3212
f 912/912/3213 913/913/3214 914/914/3215
f 912/912/3216 914/914/3217 915/915/3218
f 870/870/3219 916/916/3220 917/917/3221
f 870/870/3222 918/918/3223 916/916/3224
f 873/873/3225 917/917/3226 919/919/3227
f 873/873/3228 870/870/3229 917/917/3230
f 873/873/3231 919/919/3232 920/920/3233
f 921/921/3234 922/922/3235 923/923/3236
f 921/921/3237 923/923/3238 924/924/3239
f 708/708/3240 924/924/3241 913/913/3242
f 709/709/3243 921/921/3244 924/924/3245
f 707/707/3246 709/709/3247 924/924/3248
f 708/708/3249 707/707/3250 924/924/3251
f 925/925/3252 708/708/3253 913/913/3254
f 926/926/3255 925/925/3256 913/913/3257
f 912/912/3258 926/926/3259 913/913/3260
f 877/877/3261 927/927/3262 911/911/3263
f 873/873/3264 920/920/3265 927/927/3266
f 877/877/3267 873/873/3268 927/927/3269
f 336/336/3270 909/909/3271 928/928/3272
f 336/336/3273 928/928/3274 332/332/3275
f 929/929/3276 930/930/3277 931/931/3278
f 932/932/3279 931/931/3280 933/933/3281
f 929/929/3282 931/931/3283 934/934/3284
f 932/932/3285 934/934/3286 931/931/3287
f 935/935/3288 933/933/3289 936/936/3290
f 935/935/3291 932/932/3292 933/933/3293
f 937/937/3294 936/936/3295 938/938/3296
f 937/937/3297 935/935/3298 936/936/3299
f 939/939/3300 938/938/3301 940/940/3302
f 939/939/3303 937/937/3304 938/938/3305
f 941/941/3306 940/940/3307 942/942/3308
f 943/943/3309 940/940/3310 941/941/3311
f 939/939/3312 940/940/3313 943/943/3314
f 941/941/3315 942/942/3316 944/944/3317
f 709/709/3318 944/944/3319 921/921/3320
f 945/945/3321 944/944/3322 709/709/3323
f 941/941/3324 944/944/3325 945/945/3326
f 138/138/3327 147/147/3328 946/946/3329
f 138/138/3330 946/946/3331 947/947/3332
f 28/28/3333 948/948/3334 148/148/3335
f 28/28/3336 148/148/3337 29/29/3338
f 138/138/3339 140/140/3340 147/147/3341
f 682/682/3342 949/949/3343 950/950/3344
f 951/951/3345 952/952/3346 949/949/3347
f 683/683/3348 949/949/3349 682/682/3350
f 951/951/3351 949/949/3352 683/683/3353
f 362/362/3354 950/950/3355 953/953/3356
f 682/682/3357 950/950/3358 362/362/3359
f 362/362/3360 953/953/3361 954/954/3362
f 362/362/3363 954/954/3364 955/955/3365
f 136/136/3366 956/956/3367 157/157/3368
f 133/133/3369 957/957/3370 956/956/3371
f 136/136/3372 133/133/3373 956/956/3374
f 958/958/3375 959/959/3376 952/952/3377
f 951/951/3378 960/960/3379 952/952/3380
f 958/958/3381 952/952/3382 960/960/3383
f 961/961/3384 955/955/3385 962/962/3386
f 961/961/3387 963/963/3388 955/955/3389
f 362/362/3390 955/955/3391 963/963/3392
f 964/964/3393 962/962/3394 965/965/3395
f 961/961/3396 962/962/3397 966/966/3398
f 967/967/3399 966/966/3400 962/962/3401
f 964/964/3402 967/967/3403 962/962/3404
f 964/964/3405 965/965/3406 968/968/3407
f 964/964/3408 968/968/3409 969/969/3410
f 970/970/3411 969/969/3412 971/971/3413
f 972/972/3414 964/964/3415 969/969/3416
f 970/970/3417 972/972/3418 969/969/3419
f 973/973/3420 971/971/3421 974/974/3422
f 973/973/3423 970/970/3424 971/971/3425
f 975/975/3426 974/974/3427 976/976/3428
f 975/975/3429 973/973/3430 974/974/3431
f 975/975/3432 976/976/3433 977/977/3434
f 975/975/3435 977/977/3436 978/978/3437
f 28/28/3438 37/37/3439 948/948/3440
f 28/28/3441 31/31/3442 37/37/3443
f 138/138/3444 947/947/3445 979/979/3446
f 133/133/3447 979/979/3448 957/957/3449
f 138/138/3450 979/979/3451 133/133/3452
f 671/671/3453 980/980/3454 669/669/3455
f 981/981/3456 982/982/3457 980/980/3458
f 983/983/3459 984/984/3460 980/980/3461
f 981/981/3462 980/980/3463 984/984/3464
f 671/671/3465 983/983/3466 980/980/3467
f 985/985/3468 667/667/3469 986/986/3470
f 665/665/3471 667/667/3472 985/985/3473
f 987/987/3474 986/986/3475 988/988/3476
f 989/989/3477 986/986/3478 987/987/3479
f 990/990/3480 985/985/3481 986/986/3482
f 989/989/3483 990/990/3484 986/986/3485
f 991/991/3486 988/988/3487 992/992/3488
f 991/991/3489 987/987/3490 988/988/3491
f 993/993/3492 198/198/3493 994/994/3494
f 200/200/3495 198/198/3496 993/993/3497
f 287/287/3498 994/994/3499 288/288/3500
f 993/993/3501 994/994/3502 287/287/3503
f 995/995/3504 996/996/3505 982/982/3506
f 997/997/3507 995/995/3508 982/982/3509
f 998/998/3510 997/997/3511 982/982/3512
f 981/981/3513 998/998/3514 982/982/3515
f 504/504/3516 359/359/3517 356/356/3518
f 504/504/3519 356/356/3520 641/641/3521
f 359/359/3522 692/692/3523 351/351/3524
f 504/504/3525 692/692/3526 359/359/3527
f 496/496/3528 693/693/3529 692/692/3530
f 496/496/3531 692/692/3532 504/504/3533
f 496/496/3534 686/686/3535 693/693/3536
f 999/999/3537 103/103/3538 686/686/3539
f 1000/1000/3540 999/999/3541 686/686/3542
f 487/487/3543 1000/1000/3544 686/686/3545
f 487/487/3546 686/686/3547 496/496/3548
f 1001/1001/3549 76/76/3550 506/506/3551
f 1001/1001/3552 128/128/3553 76/76/3554
f 1002/1002/3555 506/506/3556 505/505/3557
f 1002/1002/3558 1003/1003/3559 506/506/3560
f 1001/1001/3561 506/506/3562 1003/1003/3563
f 1002/1002/3564 505/505/3565 687/687/3566
f 1004/1004/3567 687/687/3568 688/688/3569
f 1002/1002/3570 687/687/3571 1004/1004/3572
f 1004/1004/3573 688/688/3574 689/689/3575
f 1004/1004/3576 689/689/3577 690/690/3578
f 1005/1005/3579 690/690/3580 691/691/3581
f 1005/1005/3582 1006/1006/3583 690/690/3584
f 1004/1004/3585 690/690/3586 1006/1006/3587
f 1007/1007/3588 691/691/3589 102/102/3590
f 1007/1007/3591 1008/1008/3592 691/691/3593
f 1005/1005/3594 691/691/3595 1008/1008/3596
f 1007/1007/3597 102/102/3598 101/101/3599
f 1009/1009/3600 101/101/3601 104/104/3602
f 1007/1007/3603 101/101/3604 1010/1010/3605
f 1009/1009/3606 1010/1010/3607 101/101/3608
f 1011/1011/3609 104/104/3610 105/105/3611
f 1012/1012/3612 1009/1009/3613 104/104/3614
f 1011/1011/3615 1012/1012/3616 104/104/3617
f 1011/1011/3618 105/105/3619 106/106/3620
f 1011/1011/3621 106/106/3622 107/107/3623
f 1011/1011/3624 107/107/3625 108/108/3626
f 112/112/3627 108/108/3628 99/99/3629
f 1013/1013/3630 108/108/3631 112/112/3632
f 1013/1013/3633 1011/1011/3634 108/108/3635
f 1014/1014/3636 103/103/3637 999/999/3638
f 1015/1015/3639 95/95/3640 103/103/3641
f 1014/1014/3642 1015/1015/3643 103/103/3644
f 1014/1014/3645 999/999/3646 1016/1016/3647
f 1017/1017/3648 1016/1016/3649 999/999/3650
f 1018/1018/3651 1017/1017/3652 999/999/3653
f 1019/1019/3654 1018/1018/3655 999/999/3656
f 1020/1020/3657 1019/1019/3658 999/999/3659
f 869/869/3660 1020/1020/3661 999/999/3662
f 1000/1000/3663 869/869/3664 999/999/3665
f 1021/1021/5 1022/1022/5 1023/1023/5
f 967/967/3666 1023/1023/3667 1022/1022/3668
f 1024/1024/3669 1021/1021/3670 1023/1023/3671
f 1025/1025/3672 1023/1023/3673 967/967/3674
f 1026/1026/3675 1023/1023/3676 1025/1025/3677
f 1026/1026/3678 1024/1024/3679 1023/1023/3680
f 1027/1027/3681 1028/1028/3681 1022/1022/3681
f 967/967/3682 1022/1022/3683 1028/1028/3684
f 1027/1027/3685 1022/1022/3685 1021/1021/3685
f 1029/1029/3686 966/966/3686 1028/1028/3686
f 967/967/3687 1028/1028/3688 966/966/3689
f 1029/1029/5 1028/1028/5 1027/1027/5
f 1029/1029/3690 1030/1030/3690 966/966/3690
f 963/963/3691 966/966/3692 1030/1030/3693
f 961/961/3694 966/966/3695 963/963/3696
f 1029/1029/5 1031/1031/5 1030/1030/5
f 963/963/3697 1030/1030/3698 1031/1031/3699
f 1032/1032/3700 1033/1033/3700 1031/1031/3700
f 1034/1034/3701 1031/1031/3702 1033/1033/3703
f 1035/1035/3704 1032/1032/3704 1031/1031/3704
f 279/279/3705 1035/1035/3705 1031/1031/3705
f 278/278/5 279/279/5 1031/1031/5
f 1029/1029/5 278/278/5 1031/1031/5
f 1036/1036/3706 963/963/3707 1031/1031/3708
f 1037/1037/3709 1031/1031/3710 1034/1034/3711
f 1036/1036/3712 1031/1031/3713 1037/1037/3714
f 1038/1038/5 1039/1039/5 1033/1033/5
f 1040/1040/3715 1033/1033/3716 1039/1039/3717
f 1041/1041/5 1038/1038/5 1033/1033/5
f 1042/1042/3718 1041/1041/3718 1033/1033/3718
f 1032/1032/3719 1042/1042/3719 1033/1033/3719
f 1034/1034/3720 1033/1033/3721 717/717/3722
f 1040/1040/3723 717/717/3724 1033/1033/3725
f 1038/1038/5 1043/1043/5 1039/1039/5
f 1044/1044/3726 1039/1039/3727 1043/1043/3728
f 718/718/3729 1039/1039/3730 1044/1044/3731
f 1040/1040/3732 1039/1039/3733 718/718/3734
f 1038/1038/5 1045/1045/5 1043/1043/5
f 945/945/3735 1043/1043/3736 1045/1045/3737
f 1044/1044/3738 1043/1043/3739 945/945/3740
f 1046/1046/3741 1047/1047/3741 1045/1045/3741
f 943/943/3742 1045/1045/3743 1047/1047/3744
f 1038/1038/3745 1046/1046/3745 1045/1045/3745
f 941/941/3746 945/945/3747 1045/1045/3748
f 943/943/3749 941/941/3750 1045/1045/3751
f 943/943/3752 1047/1047/3753 1046/1046/3754
f 1048/1048/5 1049/1049/5 1046/1046/5
f 1050/1050/3755 1046/1046/3756 1049/1049/3757
f 1038/1038/5 1048/1048/5 1046/1046/5
f 1051/1051/3758 943/943/3759 1046/1046/3760
f 1051/1051/3761 1046/1046/3762 1050/1050/3763
f 1052/1052/3764 1021/1021/3764 1049/1049/3764
f 1053/1053/3765 1049/1049/3766 1021/1021/3767
f 1054/1054/5 1052/1052/5 1049/1049/5
f 1055/1055/3768 1054/1054/3768 1049/1049/3768
f 1056/1056/3769 1055/1055/3769 1049/1049/3769
f 1048/1048/3770 1056/1056/3770 1049/1049/3770
f 1050/1050/3771 1049/1049/3772 1057/1057/3773
f 1058/1058/3774 1057/1057/3775 1049/1049/3776
f 1053/1053/3777 1058/1058/3778 1049/1049/3779
f 1059/1059/3780 1027/1027/3780 1021/1021/3780
f 1052/1052/3781 1059/1059/3781 1021/1021/3781
f 1060/1060/3782 1061/1061/3783 1021/1021/3784
f 196/196/3785 1021/1021/3786 1061/1061/3787
f 1060/1060/3788 1021/1021/3789 1024/1024/3790
f 196/196/3791 1053/1053/3792 1021/1021/3793
f 1062/1062/3794 1027/1027/3795 1059/1059/3796
f 281/281/3797 1029/1029/3798 1027/1027/3799
f 1062/1062/3800 1063/1063/3801 1027/1027/3802
f 281/281/3803 1027/1027/3804 1063/1063/3805
f 1062/1062/3806 1059/1059/3807 1052/1052/3808
f 1064/1064/3809 1052/1052/3810 1054/1054/3811
f 1062/1062/3812 1052/1052/3813 1065/1065/3814
f 1064/1064/3815 1065/1065/3816 1052/1052/3817
f 1066/1066/3818 1054/1054/3819 1055/1055/3820
f 1066/1066/3821 1064/1064/3822 1054/1054/3823
f 1067/1067/3824 1055/1055/3825 1056/1056/3826
f 1067/1067/3827 1066/1066/3828 1055/1055/3829
f 1068/1068/3830 1056/1056/3831 1048/1048/3832
f 1069/1069/3833 1067/1067/3834 1056/1056/3835
f 1068/1068/3836 1069/1069/3837 1056/1056/3838
f 1068/1068/3839 1048/1048/3840 1038/1038/3841
f 282/282/3842 1038/1038/3843 1041/1041/3844
f 1068/1068/3845 1038/1038/3846 1070/1070/3847
f 282/282/3848 1070/1070/3849 1038/1038/3850
f 282/282/3851 1041/1041/3852 1042/1042/3853
f 282/282/3854 1042/1042/3855 1032/1032/3856
f 280/280/3857 1032/1032/3858 1035/1035/3859
f 275/275/3860 282/282/3861 1032/1032/3862
f 280/280/3863 275/275/3864 1032/1032/3865
f 280/280/3866 1035/1035/3867 279/279/3868
f 281/281/3869 278/278/3870 1029/1029/3871
f 838/838/3872 1071/1071/3873 1072/1072/3874
f 1073/1073/3875 1072/1072/3876 1071/1071/3877
f 840/840/3878 838/838/3879 1072/1072/3880
f 1074/1074/3881 840/840/3882 1072/1072/3883
f 1073/1073/3884 1074/1074/3885 1072/1072/3886
f 838/838/3887 1075/1075/3888 1071/1071/3889
f 1073/1073/3890 1071/1071/3891 1075/1075/3892
f 1076/1076/3893 1075/1075/3894 838/838/3895
f 1077/1077/3896 1075/1075/3897 1076/1076/3898
f 1078/1078/3899 1075/1075/3900 1077/1077/3901
f 1073/1073/3902 1075/1075/3903 1078/1078/3904
f 1076/1076/3905 838/838/3906 843/843/3907
f 1079/1079/3908 840/840/3909 1074/1074/3910
f 1080/1080/3911 840/840/3912 1079/1079/3913
f 831/831/3914 840/840/3915 1080/1080/3916
f 1081/1081/3917 1079/1079/3918 1074/1074/3919
f 1082/1082/3920 1081/1081/3921 1074/1074/3922
f 1083/1083/3923 1082/1082/3924 1074/1074/3925
f 1083/1083/3926 1074/1074/3927 1073/1073/3928
f 844/844/3929 841/841/3930 845/845/3931
f 843/843/3932 844/844/3933 845/845/3934
f 1084/1084/3935 843/843/3935 845/845/3935
f 735/735/3936 1084/1084/3937 845/845/3938
f 1084/1084/3939 1085/1085/3939 843/843/3939
f 1076/1076/3940 843/843/3940 1085/1085/3940
f 811/811/3941 809/809/3942 813/813/3943
f 1086/1086/3944 813/813/3945 812/812/3946
f 1087/1087/3947 811/811/3948 813/813/3949
f 1088/1088/3950 1087/1087/3950 813/813/3950
f 1088/1088/3951 813/813/3951 1086/1086/3951
f 60/60/3952 812/812/3953 814/814/3954
f 60/60/3955 1086/1086/3956 812/812/3957
f 60/60/3958 814/814/3959 815/815/3960
f 817/817/3961 59/59/3962 815/815/3963
f 60/60/3964 815/815/3965 59/59/3966
f 58/58/3967 59/59/3968 817/817/3969
f 58/58/3970 817/817/3971 816/816/3972
f 810/810/3973 811/811/3974 1087/1087/3975
f 1089/1089/3976 810/810/3977 1087/1087/3978
f 1089/1089/3979 1087/1087/3980 1088/1088/3981
f 827/827/3982 826/826/3983 829/829/3984
f 1090/1090/3985 829/829/3986 828/828/3987
f 1091/1091/3988 827/827/3989 829/829/3990
f 1092/1092/3991 1091/1091/3991 829/829/3991
f 1092/1092/3992 829/829/3992 1090/1090/3992
f 1089/1089/3993 828/828/3994 830/830/3995
f 1089/1089/3996 1090/1090/3997 828/828/3998
f 1089/1089/3999 830/830/4000 810/810/4001
f 825/825/4002 827/827/4003 1091/1091/4004
f 1093/1093/4005 825/825/4006 1091/1091/4007
f 1093/1093/4008 1091/1091/4009 1092/1092/4010
f 821/821/4011 820/820/4012 823/823/4013
f 1094/1094/4014 823/823/4015 822/822/4016
f 1095/1095/4017 821/821/4018 823/823/4019
f 1096/1096/4020 1095/1095/4020 823/823/4020
f 1096/1096/4021 823/823/4021 1094/1094/4021
f 1093/1093/4022 822/822/4023 824/824/4024
f 1093/1093/4025 1094/1094/4026 822/822/4027
f 1093/1093/4028 824/824/4029 825/825/4030
f 819/819/4031 821/821/4032 1095/1095/4033
f 67/67/4034 819/819/4035 1095/1095/4036
f 67/67/4037 1095/1095/4038 1096/1096/4039
f 67/67/4040 71/71/4041 818/818/4042
f 67/67/4043 818/818/4044 819/819/4045
f 1097/1097/4046 1086/1086/4047 60/60/4048
f 1097/1097/4049 1088/1088/4050 1086/1086/4051
f 1098/1098/4052 60/60/4053 61/61/4054
f 1099/1099/4055 60/60/4056 1098/1098/4057
f 1097/1097/4058 60/60/4059 1099/1099/4060
f 1100/1100/4061 1089/1089/4062 1088/1088/4063
f 1100/1100/4064 1088/1088/4065 1101/1101/4066
f 1102/1102/4067 1101/1101/4068 1088/1088/4069
f 1102/1102/4070 1088/1088/4071 1097/1097/4072
f 1103/1103/4073 1090/1090/4074 1089/1089/4075
f 1103/1103/4076 1092/1092/4077 1090/1090/4078
f 66/66/4079 1089/1089/4080 1100/1100/4081
f 65/65/4082 1089/1089/4083 66/66/4084
f 1103/1103/4085 1089/1089/4086 65/65/4087
f 1104/1104/4088 1093/1093/4089 1092/1092/4090
f 1104/1104/4091 1092/1092/4092 1105/1105/4093
f 1106/1106/4094 1105/1105/4095 1092/1092/4096
f 1106/1106/4097 1092/1092/4098 1103/1103/4099
f 1107/1107/4100 1094/1094/4101 1093/1093/4102
f 1107/1107/4103 1096/1096/4104 1094/1094/4105
f 1108/1108/4106 1093/1093/4107 1104/1104/4108
f 1109/1109/4109 1093/1093/4110 1108/1108/4111
f 1107/1107/4112 1093/1093/4113 1109/1109/4114
f 1110/1110/4115 67/67/4116 1096/1096/4117
f 1111/1111/4118 1110/1110/4119 1096/1096/4120
f 1112/1112/4121 1111/1111/4122 1096/1096/4123
f 1107/1107/4124 1112/1112/4125 1096/1096/4126
f 1110/1110/4127 68/68/4128 67/67/4129
f 1105/1105/198 68/68/198 1110/1110/198
f 1105/1105/198 69/69/198 68/68/198
f 1104/1104/198 1110/1110/198 1111/1111/198
f 1104/1104/198 1105/1105/198 1110/1110/198
f 1112/1112/4130 1113/1113/4131 1111/1111/4132
f 1108/1108/198 1111/1111/198 1113/1113/198
f 1108/1108/198 1104/1104/198 1111/1111/198
f 1109/1109/4133 1113/1113/4134 1112/1112/4135
f 1109/1109/198 1108/1108/198 1113/1113/198
f 1107/1107/4136 1109/1109/4137 1112/1112/4138
f 1100/1100/198 61/61/198 55/55/198
f 66/66/198 1100/1100/198 55/55/198
f 1101/1101/198 1098/1098/198 61/61/198
f 1100/1100/198 1101/1101/198 61/61/198
f 1114/1114/198 1099/1099/198 1098/1098/198
f 1101/1101/198 1114/1114/198 1098/1098/198
f 1102/1102/4139 1099/1099/4140 1114/1114/4141
f 1102/1102/4142 1097/1097/4143 1099/1099/4144
f 1102/1102/4145 1114/1114/4146 1101/1101/4147
f 1106/1106/4148 65/65/4149 69/69/4150
f 1106/1106/4151 1103/1103/4152 65/65/4153
f 1106/1106/4154 69/69/4155 1105/1105/4156
f 1115/1115/198 1116/1116/198 1117/1117/198
f 1118/1118/188 1117/1117/186 1116/1116/187
f 1119/1119/198 1115/1115/198 1117/1117/198
f 1120/1120/198 1119/1119/198 1117/1117/198
f 1121/1121/4157 1120/1120/4158 1117/1117/4159
f 1122/1122/4160 1117/1117/4161 1118/1118/4162
f 1121/1121/4163 1117/1117/4164 1122/1122/4165
f 1123/1123/198 1124/1124/198 1116/1116/198
f 1118/1118/4166 1116/1116/4167 1124/1124/4168
f 1115/1115/198 1123/1123/198 1116/1116/198
f 1125/1125/198 1126/1126/198 1124/1124/198
f 1127/1127/4169 1124/1124/4170 1126/1126/4171
f 1123/1123/198 1125/1125/198 1124/1124/198
f 1127/1127/4172 1118/1118/4173 1124/1124/4174
f 1128/1128/198 1129/1129/198 1126/1126/198
f 1130/1130/4175 1126/1126/4176 1129/1129/4177
f 1125/1125/198 1128/1128/198 1126/1126/198
f 1130/1130/4178 1127/1127/4179 1126/1126/4180
f 1131/1131/198 1132/1132/198 1129/1129/198
f 1130/1130/4181 1129/1129/4182 1132/1132/4183
f 1128/1128/198 1131/1131/198 1129/1129/198
f 1133/1133/4139 1132/1132/4140 1131/1131/4141
f 1134/1134/4184 1130/1130/4185 1132/1132/4186
f 1133/1133/4142 1134/1134/4143 1132/1132/4144
f 1133/1133/4187 1131/1131/4188 1128/1128/4189
f 1135/1135/4190 1128/1128/4191 1125/1125/4192
f 1133/1133/4193 1128/1128/4194 1135/1135/4195
f 1136/1136/4196 1125/1125/4197 1123/1123/4198
f 1136/1136/4199 1135/1135/4200 1125/1125/4201
f 1136/1136/4202 1123/1123/4203 1115/1115/4204
f 1137/1137/4148 1115/1115/4149 1119/1119/4150
f 1138/1138/4205 1115/1115/4206 1137/1137/4207
f 1136/1136/4208 1115/1115/4209 1138/1138/4210
f 1120/1120/198 1139/1139/198 1119/1119/198
f 1137/1137/4211 1119/1119/4212 1139/1139/4213
f 1140/1140/198 1141/1141/198 1139/1139/198
f 1142/1142/4214 1139/1139/4215 1141/1141/4216
f 1120/1120/198 1140/1140/198 1139/1139/198
f 1142/1142/4217 1137/1137/4218 1139/1139/4219
f 1143/1143/198 1144/1144/198 1141/1141/198
f 1145/1145/4220 1141/1141/4221 1144/1144/4222
f 1140/1140/198 1143/1143/198 1141/1141/198
f 1145/1145/4223 1142/1142/4224 1141/1141/4225
f 1146/1146/198 1147/1147/198 1144/1144/198
f 1145/1145/4226 1144/1144/4227 1147/1147/4228
f 1143/1143/198 1146/1146/198 1144/1144/198
f 1148/1148/4135 1147/1147/4133 1146/1146/4134
f 1149/1149/4136 1147/1147/4137 1148/1148/4138
f 1145/1145/4229 1147/1147/4230 1149/1149/4231
f 1148/1148/4232 1146/1146/4233 1143/1143/4234
f 1150/1150/4235 1143/1143/4236 1140/1140/4237
f 1150/1150/4238 1148/1148/4239 1143/1143/4240
f 1121/1121/4241 1140/1140/4242 1120/1120/4243
f 1121/1121/4244 1150/1150/4245 1140/1140/4246
f 1122/1122/4247 1118/1118/4248 1127/1127/4249
f 1151/1151/4250 1127/1127/4251 1130/1130/4252
f 1152/1152/4253 1122/1122/4254 1127/1127/4255
f 793/793/172 1152/1152/172 1127/1127/172
f 1151/1151/176 793/793/176 1127/1127/176
f 1134/1134/4256 1153/1153/4257 1130/1130/4258
f 776/776/4259 1130/1130/4260 1153/1153/4261
f 783/783/4262 1151/1151/4263 1130/1130/4264
f 780/780/4265 1130/1130/4266 776/776/4267
f 783/783/4268 1130/1130/4269 780/780/4270
f 1135/1135/4271 1153/1153/4272 1134/1134/4049
f 777/777/4273 1153/1153/4273 1135/1135/4273
f 776/776/4274 1153/1153/4275 777/777/4276
f 1133/1133/4070 1135/1135/4071 1134/1134/4072
f 1121/1121/4277 1122/1122/4278 1152/1152/4279
f 792/792/4280 1121/1121/4281 1152/1152/4282
f 792/792/4283 1152/1152/4284 793/793/4285
f 1149/1149/4124 1148/1148/4125 1150/1150/4126
f 1154/1154/4286 1150/1150/4287 1121/1121/4288
f 1155/1155/4289 1149/1149/4290 1150/1150/4291
f 801/801/4292 1155/1155/4292 1150/1150/4292
f 1154/1154/4020 801/801/4020 1150/1150/4020
f 797/797/4293 1154/1154/4294 1121/1121/4295
f 796/796/4296 1121/1121/4297 792/792/4298
f 797/797/4299 1121/1121/4300 796/796/4301
f 1145/1145/4302 1149/1149/4303 1155/1155/4304
f 800/800/4305 1145/1145/4306 1155/1155/4307
f 800/800/4308 1155/1155/4309 801/801/4310
f 1156/1156/4311 1137/1137/4312 1142/1142/4313
f 1138/1138/4314 1137/1137/4315 1156/1156/4316
f 1157/1157/4317 1142/1142/4318 1145/1145/4319
f 1158/1158/4320 1156/1156/4321 1142/1142/4322
f 1159/1159/4323 1158/1158/4324 1142/1142/4325
f 807/807/3991 1159/1159/3991 1142/1142/3991
f 1157/1157/3991 807/807/3991 1142/1142/3991
f 803/803/4326 1157/1157/4327 1145/1145/4328
f 802/802/4329 1145/1145/4330 800/800/4331
f 803/803/4332 1145/1145/4333 802/802/4334
f 1159/1159/4335 1156/1156/4336 1158/1158/4337
f 1160/1160/4338 1156/1156/4339 1159/1159/4340
f 1161/1161/4341 1138/1138/4342 1156/1156/4343
f 1162/1162/4344 1161/1161/4344 1156/1156/4344
f 1162/1162/4345 1156/1156/4346 1160/1160/4347
f 1160/1160/4348 1159/1159/4348 807/807/4348
f 1163/1163/4349 1164/1164/4350 1138/1138/4351
f 1136/1136/4352 1138/1138/4353 1164/1164/4354
f 1165/1165/4355 1163/1163/4356 1138/1138/4357
f 1161/1161/4358 1165/1165/4359 1138/1138/4360
f 807/807/3992 1164/1164/3992 1163/1163/3992
f 806/806/4361 1164/1164/4362 807/807/4363
f 1136/1136/4364 1164/1164/4365 806/806/3998
f 1162/1162/4366 1163/1163/4367 1165/1165/4368
f 1160/1160/4369 807/807/4369 1163/1163/4369
f 1162/1162/4370 1160/1160/4371 1163/1163/4372
f 1162/1162/4373 1165/1165/4374 1161/1161/4375
f 805/805/3989 807/807/3990 1157/1157/3988
f 805/805/4376 804/804/4377 807/807/4378
f 803/803/4379 805/805/4380 1157/1157/4381
f 1136/1136/4382 1166/1166/4383 1135/1135/4384
f 777/777/4385 1135/1135/4385 1166/1166/4385
f 1136/1136/4386 770/770/4387 1166/1166/4388
f 771/771/4389 1166/1166/4390 770/770/4391
f 777/777/3949 1166/1166/3947 771/771/3948
f 1136/1136/3999 808/808/4000 770/770/4001
f 1136/1136/4392 806/806/4393 808/808/4394
f 777/777/4395 771/771/4396 769/769/4397
f 799/799/4398 798/798/4399 801/801/4400
f 1154/1154/4017 799/799/4018 801/801/4019
f 797/797/4401 799/799/4402 1154/1154/4403
f 787/787/4404 786/786/4405 793/793/4406
f 1151/1151/3968 787/787/3969 793/793/3967
f 783/783/4407 787/787/4408 1151/1151/4409
f 94/94/4410 92/92/4411 1167/1167/4412
f 1168/1168/4413 1167/1167/4414 92/92/4415
f 1169/1169/4416 94/94/4417 1167/1167/4418
f 1170/1170/4419 1169/1169/4420 1167/1167/4421
f 1170/1170/4422 1167/1167/4423 1168/1168/4424
f 1171/1171/4425 1172/1172/4426 92/92/4427
f 1168/1168/4428 92/92/4429 1172/1172/4430
f 1171/1171/4431 92/92/4432 97/97/4433
f 1173/1173/4434 94/94/4435 1169/1169/4436
f 1174/1174/4437 89/89/4438 94/94/4439
f 1173/1173/4440 1174/1174/4441 94/94/4442
f 1175/1175/4443 1173/1173/4444 1169/1169/4445
f 1176/1176/4446 1175/1175/4447 1169/1169/4448
f 1177/1177/4449 1176/1176/4450 1169/1169/4451
f 1170/1170/4452 1177/1177/4453 1169/1169/4454
f 1178/1178/4455 1179/1179/4456 1180/1180/4457
f 1181/1181/4458 1180/1180/4459 1179/1179/4460
f 487/487/4461 869/869/4462 1000/1000/4463
f 1182/1182/4464 1178/1178/4465 1180/1180/4466
f 1183/1183/4467 1182/1182/4468 1180/1180/4469
f 1183/1183/4470 1180/1180/4471 1184/1184/4472
f 1181/1181/4473 1184/1184/4474 1180/1180/4475
f 1014/1014/4476 1185/1185/4477 1179/1179/4478
f 1186/1186/4479 1179/1179/4480 1185/1185/4481
f 1178/1178/4482 1014/1014/4483 1179/1179/4484
f 1187/1187/4485 1179/1179/4486 1186/1186/4487
f 1181/1181/4488 1179/1179/4489 1187/1187/4490
f 1014/1014/4491 1016/1016/4492 1185/1185/4493
f 1017/1017/4494 1185/1185/4495 1016/1016/4496
f 1188/1188/4497 1185/1185/4498 1017/1017/4499
f 1186/1186/4500 1185/1185/4501 1188/1188/4502
f 98/98/4503 95/95/4504 1015/1015/4505
f 1189/1189/4506 1015/1015/4506 1014/1014/4506
f 1190/1190/4506 1015/1015/4506 1191/1191/4506
f 1192/1192/4506 1191/1191/4506 1015/1015/4506
f 97/97/4506 1015/1015/4506 1190/1190/4506
f 1189/1189/4506 1193/1193/4506 1015/1015/4506
f 1192/1192/4506 1015/1015/4506 1193/1193/4506
f 98/98/4507 1015/1015/4508 97/97/4509
f 1194/1194/4510 1014/1014/4510 1178/1178/4510
f 1195/1195/4506 1189/1189/4506 1014/1014/4506
f 1196/1196/4506 1195/1195/4506 1014/1014/4506
f 1196/1196/4506 1014/1014/4506 1194/1194/4506
f 81/81/4511 1020/1020/4512 869/869/4513
f 1194/1194/4506 1178/1178/4506 1197/1197/4506
f 880/880/4514 1197/1197/4514 1178/1178/4514
f 1198/1198/4515 880/880/4515 1178/1178/4515
f 1182/1182/4516 1199/1199/4517 1178/1178/4518
f 1198/1198/4519 1178/1178/4520 1199/1199/4521
f 81/81/4522 83/83/4523 1019/1019/4524
f 1183/1183/4525 1199/1199/4526 1182/1182/4527
f 1200/1200/4506 1198/1198/4506 1199/1199/4506
f 1201/1201/4528 1200/1200/4529 1199/1199/4530
f 1201/1201/4531 1199/1199/4532 1184/1184/4533
f 1183/1183/4534 1184/1184/4535 1199/1199/4536
f 1202/1202/4537 1203/1203/4537 1204/1204/4537
f 1205/1205/4538 1204/1204/4539 1203/1203/4540
f 1079/1079/4541 1204/1204/4541 1206/1206/4541
f 1207/1207/4542 1206/1206/4543 1204/1204/4544
f 1208/1208/4545 1204/1204/4545 1209/1209/4545
f 1079/1079/4506 1209/1209/4506 1204/1204/4506
f 1208/1208/4546 1202/1202/4546 1204/1204/4546
f 1205/1205/4547 1207/1207/4548 1204/1204/4549
f 1190/1190/4550 1191/1191/4550 1203/1203/4550
f 1210/1210/4551 1203/1203/4552 1191/1191/4553
f 1202/1202/4554 1190/1190/4554 1203/1203/4554
f 1205/1205/4555 1203/1203/4556 1211/1211/4557
f 1210/1210/4558 1211/1211/4559 1203/1203/4560
f 1080/1080/4506 1206/1206/4506 1191/1191/4506
f 1212/1212/4561 1191/1191/4562 1206/1206/4563
f 1080/1080/4506 1191/1191/4506 1192/1192/4506
f 1210/1210/4564 1191/1191/4565 1212/1212/4566
f 1080/1080/4567 1079/1079/4567 1206/1206/4567
f 1213/1213/4568 1206/1206/4569 1207/1207/4570
f 1212/1212/4571 1206/1206/4572 1213/1213/4573
f 1214/1214/4506 1215/1215/4506 1216/1216/4506
f 1217/1217/4574 1216/1216/4575 1215/1215/4576
f 1218/1218/4577 1216/1216/4577 1219/1219/4577
f 1220/1220/4578 1219/1219/4579 1216/1216/4580
f 1171/1171/4581 1214/1214/4581 1216/1216/4581
f 1218/1218/4506 1172/1172/4506 1216/1216/4506
f 1171/1171/4582 1216/1216/4582 1172/1172/4582
f 1217/1217/4583 1220/1220/4584 1216/1216/4585
f 1221/1221/4506 1209/1209/4506 1215/1215/4506
f 1222/1222/4586 1215/1215/4587 1209/1209/4588
f 1214/1214/4589 1221/1221/4589 1215/1215/4589
f 1217/1217/4590 1215/1215/4591 1223/1223/4592
f 1222/1222/4593 1223/1223/4594 1215/1215/4595
f 1079/1079/4506 1219/1219/4506 1209/1209/4506
f 1224/1224/4596 1209/1209/4597 1219/1219/4598
f 1221/1221/4506 1208/1208/4506 1209/1209/4506
f 1222/1222/4599 1209/1209/4600 1224/1224/4601
f 1079/1079/4506 1218/1218/4506 1219/1219/4506
f 1225/1225/4602 1219/1219/4603 1220/1220/4604
f 1224/1224/4605 1219/1219/4606 1225/1225/4607
f 97/97/4506 1226/1226/4506 1227/1227/4506
f 1228/1228/4608 1227/1227/4609 1226/1226/4610
f 1208/1208/4611 1227/1227/4611 1202/1202/4611
f 1229/1229/4612 1202/1202/4613 1227/1227/4614
f 1230/1230/4506 1227/1227/4506 1208/1208/4506
f 97/97/4615 1227/1227/4615 1230/1230/4615
f 1228/1228/4616 1229/1229/4617 1227/1227/4549
f 97/97/4506 1190/1190/4506 1226/1226/4506
f 1231/1231/4618 1226/1226/4619 1190/1190/4620
f 1228/1228/4621 1226/1226/4622 1232/1232/4623
f 1231/1231/4624 1232/1232/4625 1226/1226/4626
f 1233/1233/4627 1190/1190/4628 1202/1202/4629
f 1231/1231/4630 1190/1190/4631 1233/1233/4632
f 1234/1234/4633 1202/1202/4634 1229/1229/4635
f 1233/1233/4636 1202/1202/4637 1234/1234/4638
f 1235/1235/4639 1193/1193/4640 1189/1189/4641
f 1236/1236/4642 1193/1193/4642 1237/1237/4642
f 1238/1238/4612 1237/1237/4613 1193/1193/4614
f 1239/1239/4506 1193/1193/4506 1236/1236/4506
f 1240/1240/4506 1193/1193/4506 1239/1239/4506
f 1240/1240/4506 1192/1192/4506 1193/1193/4506
f 1235/1235/4643 1238/1238/4644 1193/1193/4645
f 1241/1241/4618 1189/1189/4619 1195/1195/4620
f 1235/1235/4646 1189/1189/4647 1242/1242/4648
f 1241/1241/4624 1242/1242/4625 1189/1189/4626
f 1243/1243/4649 1237/1237/4649 1195/1195/4649
f 1244/1244/4650 1195/1195/4651 1237/1237/4652
f 1245/1245/4506 1243/1243/4506 1195/1195/4506
f 1196/1196/4506 1245/1245/4506 1195/1195/4506
f 1241/1241/4653 1195/1195/4654 1244/1244/4655
f 1243/1243/4656 1236/1236/4656 1237/1237/4656
f 1246/1246/4633 1237/1237/4634 1238/1238/4635
f 1244/1244/4657 1237/1237/4658 1246/1246/4659
f 1247/1247/4506 1248/1248/4506 1249/1249/4506
f 1250/1250/4574 1249/1249/4575 1248/1248/4576
f 1251/1251/4506 1249/1249/4506 1252/1252/4506
f 1253/1253/4578 1252/1252/4579 1249/1249/4580
f 1245/1245/4660 1249/1249/4660 1251/1251/4660
f 1245/1245/4506 1247/1247/4506 1249/1249/4506
f 1250/1250/4583 1253/1253/4584 1249/1249/4585
f 1194/1194/4506 1197/1197/4506 1248/1248/4506
f 1254/1254/4586 1248/1248/4587 1197/1197/4588
f 1247/1247/4506 1194/1194/4506 1248/1248/4506
f 1250/1250/4590 1248/1248/4591 1255/1255/4592
f 1254/1254/4593 1255/1255/4594 1248/1248/4595
f 880/880/4506 1252/1252/4506 1197/1197/4506
f 1256/1256/4661 1197/1197/4662 1252/1252/4663
f 1254/1254/4664 1197/1197/4665 1256/1256/4666
f 880/880/4506 1251/1251/4506 1252/1252/4506
f 1257/1257/4602 1252/1252/4603 1253/1253/4604
f 1256/1256/4667 1252/1252/4668 1257/1257/4669
f 1258/1258/4670 1236/1236/4671 1243/1243/4672
f 836/836/4506 1236/1236/4506 1259/1259/4506
f 1260/1260/4542 1259/1259/4543 1236/1236/4544
f 836/836/4506 1239/1239/4506 1236/1236/4506
f 1258/1258/4673 1260/1260/4674 1236/1236/4645
f 1245/1245/4675 1251/1251/4675 1243/1243/4675
f 1261/1261/4551 1243/1243/4552 1251/1251/4553
f 1258/1258/4676 1243/1243/4677 1262/1262/4678
f 1261/1261/4558 1262/1262/4559 1243/1243/4560
f 836/836/4506 1259/1259/4506 1251/1251/4506
f 1263/1263/4679 1251/1251/4680 1259/1259/4681
f 880/880/4506 836/836/4506 1251/1251/4506
f 1261/1261/4682 1251/1251/4683 1263/1263/4684
f 1264/1264/4568 1259/1259/4569 1260/1260/4570
f 1263/1263/4685 1259/1259/4686 1264/1264/4687
f 1080/1080/4688 1265/1265/4688 1239/1239/4688
f 1266/1266/4689 1239/1239/4690 1265/1265/4691
f 1267/1267/4692 1240/1240/4693 1239/1239/4694
f 836/836/4506 1080/1080/4506 1239/1239/4506
f 1267/1267/4695 1239/1239/4696 1266/1266/4697
f 1080/1080/4698 1192/1192/4698 1265/1265/4698
f 1268/1268/4699 1265/1265/4700 1192/1192/4701
f 1269/1269/4702 1265/1265/4703 1270/1270/4704
f 1268/1268/4705 1270/1270/4706 1265/1265/4707
f 1266/1266/4708 1265/1265/4709 1269/1269/4710
f 1271/1271/4711 1192/1192/4712 1240/1240/4713
f 1268/1268/4714 1192/1192/4715 1271/1271/4716
f 1272/1272/4717 1240/1240/4718 1267/1267/4719
f 1273/1273/4720 1240/1240/4721 1272/1272/4722
f 1273/1273/4723 1271/1271/4724 1240/1240/4725
f 1274/1274/4726 1208/1208/4727 1221/1221/4728
f 1275/1275/4729 1230/1230/4730 1208/1208/4731
f 1275/1275/4732 1208/1208/4733 1274/1274/4734
f 1276/1276/4735 1221/1221/4736 1214/1214/4737
f 1277/1277/4738 1221/1221/4739 1278/1278/4740
f 1276/1276/4741 1278/1278/4742 1221/1221/4743
f 1274/1274/4744 1221/1221/4745 1277/1277/4746
f 1171/1171/4747 1230/1230/4747 1214/1214/4747
f 1279/1279/4748 1214/1214/4749 1230/1230/4750
f 1276/1276/4751 1214/1214/4752 1279/1279/4753
f 1171/1171/4506 97/97/4506 1230/1230/4506
f 1280/1280/4754 1230/1230/4755 1275/1275/4756
f 1281/1281/4757 1230/1230/4758 1280/1280/4759
f 1279/1279/4760 1230/1230/4761 1281/1281/4762
f 1282/1282/4763 1194/1194/4764 1247/1247/4765
f 1283/1283/4766 1196/1196/4767 1194/1194/4768
f 1283/1283/4769 1194/1194/4770 1282/1282/4771
f 1284/1284/4735 1247/1247/4736 1245/1245/4737
f 1285/1285/4772 1247/1247/4773 1286/1286/4774
f 1284/1284/4775 1286/1286/4776 1247/1247/4777
f 1282/1282/4778 1247/1247/4779 1285/1285/4780
f 1287/1287/4781 1245/1245/4782 1196/1196/4783
f 1284/1284/4784 1245/1245/4785 1287/1287/4786
f 1288/1288/4787 1196/1196/4788 1283/1283/4789
f 1289/1289/4790 1196/1196/4791 1288/1288/4792
f 1287/1287/4793 1196/1196/4794 1289/1289/4795
f 1218/1218/4506 1290/1290/4506 1172/1172/4506
f 1291/1291/4796 1172/1172/4797 1290/1290/4798
f 1291/1291/4799 1168/1168/4800 1172/1172/4801
f 1292/1292/4802 1293/1293/4802 1290/1290/4802
f 1291/1291/4803 1290/1290/4804 1293/1293/4805
f 1218/1218/4806 1292/1292/4806 1290/1290/4806
f 1294/1294/4807 1295/1295/4807 1293/1293/4807
f 1296/1296/4808 1293/1293/4809 1295/1295/4810
f 1292/1292/4506 1294/1294/4506 1293/1293/4506
f 1291/1291/4811 1293/1293/4812 1296/1296/4813
f 1297/1297/4814 1298/1298/4814 1295/1295/4814
f 1299/1299/4815 1295/1295/4816 1298/1298/4817
f 1300/1300/4506 1297/1297/4506 1295/1295/4506
f 1294/1294/4506 1300/1300/4506 1295/1295/4506
f 1301/1301/4818 1296/1296/4819 1295/1295/4820
f 1301/1301/4821 1295/1295/4822 1299/1299/4823
f 1302/1302/4824 1303/1303/4824 1298/1298/4824
f 1299/1299/4825 1298/1298/4826 1303/1303/4827
f 1297/1297/4506 1302/1302/4506 1298/1298/4506
f 1304/1304/4828 1305/1305/4829 1303/1303/4830
f 1306/1306/4831 1303/1303/4832 1305/1305/4833
f 1302/1302/4506 1304/1304/4506 1303/1303/4506
f 1299/1299/4834 1303/1303/4835 1306/1306/4836
f 1307/1307/4837 1308/1308/4838 1305/1305/4839
f 1306/1306/4840 1305/1305/4841 1308/1308/4842
f 1304/1304/4843 1307/1307/4843 1305/1305/4843
f 1309/1309/4844 1308/1308/4845 1307/1307/4846
f 1306/1306/4847 1308/1308/4848 1309/1309/4849
f 1310/1310/4850 1307/1307/4851 1304/1304/4852
f 1309/1309/4853 1307/1307/4854 1310/1310/4855
f 1310/1310/4856 1304/1304/4857 1302/1302/4858
f 1311/1311/4859 1302/1302/4860 1297/1297/4861
f 1310/1310/4862 1302/1302/4863 1311/1311/4864
f 1311/1311/4865 1297/1297/4866 1300/1300/4867
f 1082/1082/4868 1300/1300/4869 1294/1294/4870
f 1312/1312/4871 1311/1311/4872 1300/1300/4873
f 1312/1312/4874 1300/1300/4875 1082/1082/4876
f 1081/1081/4877 1294/1294/4878 1292/1292/4879
f 1082/1082/4880 1294/1294/4881 1081/1081/4882
f 1081/1081/4883 1292/1292/4884 1218/1218/4885
f 1081/1081/4886 1218/1218/4887 1079/1079/4888
f 837/837/4889 1080/1080/4890 836/836/4891
f 831/831/4892 1080/1080/4893 837/837/4894
f 1313/1313/4895 880/880/4896 1198/1198/4897
f 1313/1313/4898 882/882/4899 880/880/4900
f 83/83/4901 657/657/4902 1019/1019/4903
f 1314/1314/4904 1313/1313/4905 1198/1198/4906
f 1314/1314/4907 1198/1198/4908 1200/1200/4909
f 1315/1315/4910 1200/1200/4911 1316/1316/4912
f 1201/1201/4913 1316/1316/4913 1200/1200/4913
f 1317/1317/4914 1200/1200/4915 1315/1315/4916
f 1318/1318/4917 1314/1314/4918 1200/1200/4919
f 1317/1317/4920 1318/1318/4921 1200/1200/4922
f 1184/1184/4923 1315/1315/4923 1316/1316/4923
f 1201/1201/4506 1184/1184/4506 1316/1316/4506
f 1319/1319/4924 1320/1320/4924 1315/1315/4924
f 1321/1321/4925 1315/1315/4926 1320/1320/4927
f 1184/1184/4928 1319/1319/4928 1315/1315/4928
f 1322/1322/4929 1317/1317/4930 1315/1315/4931
f 1322/1322/4932 1315/1315/4933 1321/1321/4934
f 1323/1323/4935 1324/1324/4935 1320/1320/4935
f 1325/1325/4936 1320/1320/4937 1324/1324/4938
f 1319/1319/4506 1323/1323/4506 1320/1320/4506
f 1326/1326/4939 1320/1320/4940 1325/1325/4941
f 1321/1321/4942 1320/1320/4943 1326/1326/4944
f 1327/1327/4945 1328/1328/4945 1324/1324/4945
f 1325/1325/4946 1324/1324/4947 1328/1328/4948
f 1323/1323/4949 1327/1327/4949 1324/1324/4949
f 1329/1329/4950 1330/1330/4951 1328/1328/4952
f 1331/1331/4953 1328/1328/4954 1330/1330/4955
f 1327/1327/4506 1329/1329/4506 1328/1328/4506
f 1331/1331/4956 1325/1325/4957 1328/1328/4958
f 1332/1332/4959 1333/1333/4960 1330/1330/4961
f 1331/1331/4962 1330/1330/4963 1333/1333/4964
f 1329/1329/4965 1332/1332/4966 1330/1330/4966
f 1334/1334/4967 1333/1333/4968 1332/1332/4969
f 1334/1334/4970 1331/1331/4971 1333/1333/4972
f 1335/1335/4973 1332/1332/4974 1329/1329/4975
f 1335/1335/4976 1334/1334/4977 1332/1332/4978
f 1335/1335/4979 1329/1329/4980 1327/1327/4981
f 1336/1336/4982 1327/1327/4983 1323/1323/4984
f 1336/1336/4985 1335/1335/4986 1327/1327/4987
f 1336/1336/4988 1323/1323/4989 1319/1319/4990
f 1337/1337/4991 1319/1319/4992 1184/1184/4993
f 1188/1188/4994 1338/1338/4995 1319/1319/4996
f 1336/1336/4997 1319/1319/4998 1338/1338/4999
f 1186/1186/5000 1188/1188/5001 1319/1319/5002
f 1187/1187/5003 1186/1186/5004 1319/1319/5005
f 1337/1337/5006 1187/1187/5007 1319/1319/5008
f 1181/1181/5009 1337/1337/5010 1184/1184/5011
f 1339/1339/5012 1340/1340/5013 1341/1341/5014
f 1260/1260/5015 1342/1342/5016 1340/1340/5017
f 1339/1339/5018 1260/1260/5019 1340/1340/5020
f 1261/1261/5021 1341/1341/5022 1343/1343/5023
f 1339/1339/5024 1341/1341/5025 1264/1264/5026
f 1261/1261/5027 1264/1264/5028 1341/1341/5029
f 1344/1344/5030 1343/1343/5031 1342/1342/5032
f 1261/1261/5033 1343/1343/5034 1344/1344/5035
f 309/309/5 1345/1345/5 1346/1346/5
f 345/345/5 1347/1347/5 1345/1345/5
f 345/345/5 1345/1345/5 309/309/5
f 12/12/5036 1346/1346/5036 1348/1348/5036
f 12/12/5037 309/309/5037 1346/1346/5037
f 13/13/5 1348/1348/5 1347/1347/5
f 13/13/5 12/12/5 1348/1348/5
f 1262/1262/5038 1344/1344/5039 1342/1342/5040
f 1260/1260/5041 1262/1262/5042 1342/1342/5043
f 345/345/5 13/13/5 1347/1347/5
f 19/19/5044 309/309/5045 12/12/5046
f 1349/1349/5 242/242/5 252/252/5
f 1350/1350/5 252/252/5 226/226/5
f 1349/1349/5 252/252/5 1350/1350/5
f 1351/1351/5 216/216/5 242/242/5
f 1349/1349/5 1351/1351/5 242/242/5
f 1352/1352/5 226/226/5 216/216/5
f 1351/1351/5 1352/1352/5 216/216/5
f 1352/1352/5 1350/1350/5 226/226/5
f 1353/1353/5 48/48/5 177/177/5
f 50/50/5047 177/177/5048 48/48/5049
f 1354/1354/5 177/177/5 42/42/5
f 1353/1353/5 177/177/5 1354/1354/5
f 1355/1355/5 45/45/5 48/48/5
f 1353/1353/5 1355/1355/5 48/48/5
f 1356/1356/5 42/42/5 45/45/5
f 1355/1355/5 1356/1356/5 45/45/5
f 1356/1356/5 1354/1354/5 42/42/5
f 1063/1063/5050 1065/1065/5051 1357/1357/5052
f 1062/1062/5053 1065/1065/5054 1063/1063/5055
f 281/281/5056 1063/1063/5057 1357/1357/5058
f 1069/1069/5059 1358/1358/5060 1067/1067/5061
f 1070/1070/5062 1358/1358/5063 1069/1069/5064
f 1068/1068/5065 1070/1070/5066 1069/1069/5067
f 1359/1359/5068 1360/1360/5069 1361/1361/5070
f 1057/1057/5071 1360/1360/5072 1362/1362/5073
f 1359/1359/5074 1362/1362/5075 1360/1360/5076
f 287/287/5077 1360/1360/5078 1057/1057/5079
f 287/287/5080 1363/1363/5081 1360/1360/5082
f 932/932/5083 1359/1359/5084 1361/1361/5085
f 932/932/5086 1361/1361/5087 934/934/5088
f 15/15/5089 333/333/5090 1364/1364/5091
f 15/15/5092 328/328/5093 333/333/5094
f 10/10/5095 1364/1364/5096 1365/1365/5097
f 10/10/5098 15/15/5099 1364/1364/5100
f 11/11/5101 1365/1365/5102 1366/1366/5103
f 11/11/5104 10/10/5105 1365/1365/5106
f 11/11/5107 1366/1366/5108 8/8/5109
f 1367/1367/5110 1368/1368/5111 1369/1369/5112
f 1367/1367/5113 1061/1061/5114 1368/1368/5115
f 1370/1370/5116 1368/1368/5117 1061/1061/5118
f 1371/1371/5119 1368/1368/5120 1370/1370/5121
f 1367/1367/5122 1369/1369/5123 1061/1061/5124
f 1372/1372/5125 1061/1061/5126 1369/1369/5127
f 44/44/5128 210/210/5129 1373/1373/5130
f 44/44/5131 204/204/5132 210/210/5133
f 40/40/5134 1373/1373/5135 1374/1374/5136
f 40/40/5137 44/44/5138 1373/1373/5139
f 41/41/5140 1374/1374/5141 1375/1375/5142
f 41/41/5143 40/40/5144 1374/1374/5145
f 41/41/5146 1375/1375/5147 36/36/5148
f 1376/1376/5149 714/714/5150 878/878/5151
f 1377/1377/5152 715/715/5153 714/714/5154
f 1377/1377/5155 714/714/5156 1376/1376/5157
f 1378/1378/5158 878/878/5159 879/879/5160
f 1376/1376/5161 878/878/5162 1378/1378/5163
f 1379/1379/5164 879/879/5165 358/358/5166
f 1378/1378/5167 879/879/5168 1379/1379/5169
f 1379/1379/5170 358/358/5171 360/360/5172
f 1380/1380/5173 360/360/5174 361/361/5175
f 1379/1379/5176 360/360/5177 1380/1380/5178
f 362/362/5179 361/361/5180 355/355/5181
f 1381/1381/5182 361/361/5183 362/362/5184
f 1380/1380/5185 361/361/5186 1381/1381/5187
f 1382/1382/5188 1383/1383/5188 1384/1384/5188
f 1385/1385/5189 1384/1384/5190 1383/1383/5191
f 1386/1386/5192 1382/1382/5192 1384/1384/5192
f 1387/1387/5193 1386/1386/5193 1384/1384/5193
f 1388/1388/5194 1387/1387/5195 1384/1384/5196
f 1388/1388/5197 1384/1384/5198 1385/1385/5199
f 1385/1385/5200 1383/1383/5201 1382/1382/5202
f 1389/1389/5203 1382/1382/5204 1386/1386/5205
f 1389/1389/5206 1390/1390/5207 1382/1382/5208
f 1385/1385/5209 1382/1382/5210 1390/1390/5211
f 1391/1391/5212 1392/1392/5212 1386/1386/5212
f 1393/1393/5213 1386/1386/5214 1392/1392/5215
f 1394/1394/5216 1391/1391/5216 1386/1386/5216
f 1387/1387/5217 1394/1394/5217 1386/1386/5217
f 1393/1393/5218 1389/1389/5219 1386/1386/5220
f 1395/1395/5221 1396/1396/5221 1392/1392/5221
f 1397/1397/5222 1392/1392/5223 1396/1396/5224
f 1398/1398/5225 1395/1395/5225 1392/1392/5225
f 1391/1391/5226 1398/1398/5226 1392/1392/5226
f 1397/1397/5227 1399/1399/5228 1392/1392/5229
f 1393/1393/5230 1392/1392/5231 1399/1399/5232
f 1400/1400/5233 1401/1401/5233 1396/1396/5233
f 1402/1402/5234 1396/1396/5235 1401/1401/5236
f 1403/1403/5237 1400/1400/5237 1396/1396/5237
f 1395/1395/5238 1403/1403/5238 1396/1396/5238
f 1402/1402/5239 1397/1397/5240 1396/1396/5241
f 1400/1400/5242 1404/1404/5242 1401/1401/5242
f 1405/1405/5243 1401/1401/5244 1404/1404/5245
f 1405/1405/5246 1406/1406/5247 1401/1401/5248
f 1402/1402/5249 1401/1401/5250 1406/1406/5251
f 1407/1407/5252 1404/1404/5253 1400/1400/5254
f 1408/1408/5255 1405/1405/5256 1404/1404/5257
f 1408/1408/5258 1404/1404/5259 1407/1407/5260
f 1407/1407/5261 1400/1400/5262 1403/1403/5263
f 1395/1395/5264 1409/1409/5264 1403/1403/5264
f 1407/1407/5265 1403/1403/5266 1409/1409/5267
f 499/499/5268 1409/1409/5269 1395/1395/5270
f 1410/1410/5271 1407/1407/5272 1409/1409/5273
f 498/498/5274 1410/1410/5275 1409/1409/5276
f 498/498/5277 1409/1409/5278 499/499/5279
f 499/499/5280 1395/1395/5281 1398/1398/5282
f 504/504/5283 1398/1398/5284 1391/1391/5285
f 499/499/5286 1398/1398/5287 641/641/5288
f 504/504/5289 641/641/5290 1398/1398/5291
f 737/737/5292 1391/1391/5293 1394/1394/5294
f 501/501/5295 504/504/5296 1391/1391/5297
f 737/737/5298 501/501/5299 1391/1391/5300
f 1387/1387/5301 1411/1411/5301 1394/1394/5301
f 737/737/5302 1394/1394/5303 1411/1411/5304
f 1388/1388/5305 1411/1411/5306 1387/1387/5307
f 657/657/5308 1411/1411/5309 1388/1388/5310
f 737/737/5311 1411/1411/5312 657/657/5313
f 1397/1397/5314 1412/1412/5315 1399/1399/5316
f 1413/1413/5317 1399/1399/5318 1412/1412/5319
f 1389/1389/5320 1399/1399/5321 1413/1413/5322
f 1393/1393/5323 1399/1399/5324 1389/1389/5325
f 1397/1397/5326 1414/1414/5327 1412/1412/5328
f 1415/1415/5329 1412/1412/5330 1414/1414/5331
f 1413/1413/5332 1412/1412/5333 1416/1416/5334
f 1415/1415/5335 1416/1416/5336 1412/1412/5337
f 1406/1406/5338 1417/1417/5339 1414/1414/5340
f 1418/1418/5341 1414/1414/5342 1417/1417/5343
f 1397/1397/5344 1406/1406/5345 1414/1414/5346
f 1419/1419/5347 1414/1414/5348 1418/1418/5349
f 1415/1415/5350 1414/1414/5351 1419/1419/5352
f 1405/1405/5353 1417/1417/5354 1406/1406/5355
f 1420/1420/5356 1418/1418/5357 1417/1417/5358
f 1405/1405/5359 1421/1421/5360 1417/1417/5361
f 1420/1420/5362 1417/1417/5363 1421/1421/5364
f 1402/1402/5365 1406/1406/5366 1397/1397/5367
f 1422/1422/5368 882/882/5369 1313/1313/5370
f 1422/1422/5371 883/883/5372 882/882/5373
f 1423/1423/5374 1313/1313/5375 1314/1314/5376
f 1422/1422/5377 1313/1313/5378 1423/1423/5379
f 1318/1318/5380 1424/1424/5381 1314/1314/5382
f 1425/1425/5383 1314/1314/5384 1424/1424/5385
f 1423/1423/5386 1314/1314/5387 1425/1425/5388
f 1317/1317/5389 1424/1424/5390 1318/1318/5391
f 1322/1322/5392 1424/1424/5393 1317/1317/5394
f 1426/1426/5395 1424/1424/5396 1322/1322/5397
f 1426/1426/5398 1425/1425/5399 1424/1424/5400
f 1291/1291/5401 1427/1427/5402 1168/1168/5403
f 1170/1170/5404 1168/1168/5405 1427/1427/5406
f 91/91/5407 89/89/5408 1174/1174/5409
f 1428/1428/5410 1174/1174/5410 1173/1173/5410
f 91/91/5411 1174/1174/5412 1428/1428/5413
f 1429/1429/5414 1173/1173/5414 1175/1175/5414
f 1429/1429/5415 1428/1428/5415 1173/1173/5415
f 1430/1430/5416 1175/1175/5417 1176/1176/5418
f 1429/1429/5419 1175/1175/5419 1431/1431/5419
f 1430/1430/5420 1431/1431/5421 1175/1175/5422
f 1177/1177/5423 1430/1430/5424 1176/1176/5425
f 1432/1432/5426 1433/1433/5426 1434/1434/5426
f 1435/1435/5427 1434/1434/5428 1433/1433/5429
f 1436/1436/5430 1434/1434/5430 1437/1437/5430
f 1438/1438/5431 1437/1437/5432 1434/1434/5433
f 1439/1439/5434 1432/1432/5434 1434/1434/5434
f 1436/1436/5435 1439/1439/5435 1434/1434/5435
f 1435/1435/5436 1438/1438/5437 1434/1434/5438
f 1440/1440/5439 1441/1441/5439 1433/1433/5439
f 1442/1442/5440 1433/1433/5441 1441/1441/5442
f 1440/1440/5443 1433/1433/5443 1432/1432/5443
f 1442/1442/5444 1435/1435/5445 1433/1433/5446
f 1440/1440/5447 1437/1437/5447 1441/1441/5447
f 1443/1443/5448 1441/1441/5449 1437/1437/5450
f 1442/1442/5451 1441/1441/5452 1443/1443/5453
f 1444/1444/5454 1436/1436/5454 1437/1437/5454
f 1440/1440/5455 1444/1444/5455 1437/1437/5455
f 1438/1438/5456 1443/1443/5457 1437/1437/5458
f 1445/1445/5459 1431/1431/5459 1446/1446/5459
f 1430/1430/5460 1446/1446/5461 1431/1431/5462
f 1447/1447/5463 1445/1445/5463 1446/1446/5463
f 1448/1448/5464 1447/1447/5464 1446/1446/5464
f 1449/1449/5465 1448/1448/5465 1446/1446/5465
f 1430/1430/5466 1449/1449/5467 1446/1446/5468
f 1445/1445/5469 1429/1429/5469 1431/1431/5469
f 1429/1429/5470 1450/1450/5470 1428/1428/5470
f 1451/1451/5471 1428/1428/5472 1450/1450/5473
f 1451/1451/5474 1452/1452/5475 1428/1428/5476
f 735/735/5477 1428/1428/5478 1452/1452/5479
f 735/735/5480 86/86/5481 1428/1428/5482
f 91/91/5483 1428/1428/5484 86/86/5485
f 1453/1453/5486 1450/1450/5487 1429/1429/5488
f 1451/1451/5489 1450/1450/5490 1454/1454/5491
f 1453/1453/5492 1454/1454/5493 1450/1450/5494
f 1453/1453/5495 1429/1429/5496 1445/1445/5497
f 1440/1440/5498 1432/1432/5498 1445/1445/5498
f 1455/1455/5499 1445/1445/5500 1432/1432/5501
f 1447/1447/5502 1440/1440/5502 1445/1445/5502
f 1453/1453/5503 1445/1445/5504 1455/1455/5505
f 1456/1456/5506 1432/1432/5507 1439/1439/5508
f 1456/1456/5509 1455/1455/5510 1432/1432/5511
f 1436/1436/5512 1457/1457/5512 1439/1439/5512
f 1458/1458/5513 1439/1439/5514 1457/1457/5515
f 1459/1459/5516 1456/1456/5517 1439/1439/5518
f 1458/1458/5519 1459/1459/5520 1439/1439/5521
f 1460/1460/5522 1457/1457/5523 1436/1436/5524
f 1461/1461/5525 1458/1458/5526 1457/1457/5527
f 1460/1460/5528 1461/1461/5529 1457/1457/5530
f 1444/1444/5531 1462/1462/5531 1436/1436/5531
f 1460/1460/5532 1436/1436/5533 1462/1462/5534
f 1463/1463/5535 1085/1085/5535 1462/1462/5535
f 1464/1464/5536 1462/1462/5537 1085/1085/5538
f 1465/1465/5539 1463/1463/5539 1462/1462/5539
f 1466/1466/5540 1465/1465/5540 1462/1462/5540
f 1444/1444/5541 1466/1466/5541 1462/1462/5541
f 1460/1460/5542 1462/1462/5543 1464/1464/5544
f 1467/1467/5545 1085/1085/5546 1084/1084/5547
f 1463/1463/5548 1076/1076/5548 1085/1085/5548
f 1467/1467/5549 1464/1464/5550 1085/1085/5551
f 1468/1468/5552 1084/1084/5553 735/735/5554
f 1467/1467/5555 1084/1084/5556 1468/1468/5557
f 1077/1077/5558 1076/1076/5559 1463/1463/5560
f 1077/1077/5561 1463/1463/5562 1465/1465/5563
f 1077/1077/5564 1465/1465/5565 1466/1466/5566
f 1469/1469/5567 1470/1470/5567 1466/1466/5567
f 1471/1471/5568 1466/1466/5569 1470/1470/5570
f 1444/1444/5571 1469/1469/5571 1466/1466/5571
f 1472/1472/5572 1077/1077/5573 1466/1466/5574
f 1472/1472/5575 1466/1466/5576 1471/1471/5577
f 1471/1471/5578 1470/1470/5579 1469/1469/5580
f 1473/1473/5581 1469/1469/5582 1444/1444/5583
f 1473/1473/5584 1474/1474/5585 1469/1469/5586
f 1471/1471/5587 1469/1469/5588 1474/1474/5589
f 1475/1475/5590 1444/1444/5591 1440/1440/5592
f 1475/1475/5593 1473/1473/5594 1444/1444/5595
f 1476/1476/5596 1440/1440/5597 1447/1447/5598
f 1477/1477/5599 1440/1440/5600 1476/1476/5601
f 1475/1475/5602 1440/1440/5603 1477/1477/5604
f 1478/1478/5605 1447/1447/5606 1448/1448/5607
f 1478/1478/5608 1476/1476/5609 1447/1447/5610
f 1479/1479/5611 1448/1448/5612 1449/1449/5613
f 1479/1479/5614 1480/1480/5615 1448/1448/5616
f 1478/1478/5617 1448/1448/5618 1480/1480/5619
f 1481/1481/5620 1479/1479/5621 1449/1449/5622
f 1430/1430/5623 1481/1481/5624 1449/1449/5625
f 1452/1452/5626 1454/1454/5627 1456/1456/5628
f 1459/1459/5629 1452/1452/5630 1456/1456/5631
f 1451/1451/5632 1454/1454/5633 1452/1452/5634
f 1482/1482/5635 1452/1452/5636 1459/1459/5637
f 1482/1482/5638 735/735/5639 1452/1452/5640
f 1458/1458/5641 1482/1482/5642 1459/1459/5643
f 1482/1482/5644 1468/1468/5645 735/735/5646
f 1467/1467/5647 1468/1468/5648 1482/1482/5649
f 1461/1461/5650 1482/1482/5651 1458/1458/5652
f 1461/1461/5653 1467/1467/5654 1482/1482/5655
f 1483/1483/5656 1484/1484/5657 1485/1485/5658
f 1229/1229/5659 1486/1486/5660 1484/1484/5661
f 1483/1483/5662 1229/1229/5663 1484/1484/5664
f 1231/1231/5665 1485/1485/5666 1487/1487/5667
f 1483/1483/5668 1485/1485/5669 1234/1234/5670
f 1231/1231/5671 1234/1234/5672 1485/1485/5673
f 1488/1488/5674 1487/1487/5675 1486/1486/5676
f 1231/1231/5677 1487/1487/5678 1488/1488/5679
f 1232/1232/5680 1488/1488/5681 1486/1486/5682
f 1229/1229/5683 1232/1232/5684 1486/1486/5685
f 1489/1489/5686 1490/1490/5687 1491/1491/5688
f 1220/1220/5689 1492/1492/5690 1490/1490/5691
f 1489/1489/5692 1220/1220/5693 1490/1490/5694
f 1222/1222/5695 1491/1491/5696 1493/1493/5697
f 1489/1489/5698 1491/1491/5699 1225/1225/5700
f 1222/1222/5701 1225/1225/5702 1491/1491/5703
f 1494/1493/5704 1493/1493/5705 1492/1492/5706
f 1222/1222/5707 1493/1493/5708 1494/1493/5709
f 1223/1223/5710 1494/1493/5711 1492/1492/5712
f 1220/1220/5713 1223/1223/5714 1492/1492/5715
f 1495/1494/5012 1496/1495/5013 1497/1496/5014
f 1207/1207/5716 1498/1497/5717 1496/1495/5718
f 1495/1494/5018 1207/1207/5019 1496/1495/5020
f 1210/1210/5719 1497/1496/5720 1499/1498/5721
f 1495/1494/5722 1497/1496/5723 1213/1213/5724
f 1210/1210/5725 1213/1213/5726 1497/1496/5727
f 1500/1499/5728 1499/1498/5729 1498/1497/5730
f 1210/1210/5731 1499/1498/5732 1500/1499/5733
f 1211/1211/5734 1500/1499/5735 1498/1497/5736
f 1207/1207/5041 1211/1211/5042 1498/1497/5043
f 1472/1472/5737 1501/1500/5738 1077/1077/5739
f 1078/1078/5740 1077/1077/5741 1501/1500/5742
f 1502/1501/5743 1503/1502/5744 1504/1503/5745
f 1253/1253/5746 1505/1504/5747 1503/1502/5748
f 1502/1501/5749 1253/1253/5750 1503/1502/5751
f 1254/1254/5752 1504/1503/5753 1506/1505/5754
f 1502/1501/5755 1504/1503/5756 1257/1257/5757
f 1254/1254/5758 1257/1257/5759 1504/1503/5760
f 1507/1506/5704 1506/1505/5705 1505/1504/5706
f 1254/1254/5761 1506/1505/5762 1507/1506/5763
f 1255/1255/5764 1507/1506/5765 1505/1504/5766
f 1253/1253/5713 1255/1255/5714 1505/1504/5715
f 1508/1507/5656 1509/1508/5657 1510/1509/5658
f 1238/1238/5767 1511/1510/5768 1509/1508/5769
f 1508/1507/5662 1238/1238/5663 1509/1508/5664
f 1241/1241/5770 1510/1509/5771 1512/1511/5772
f 1508/1507/5773 1510/1509/5774 1246/1246/5775
f 1241/1241/5776 1246/1246/5777 1510/1509/5778
f 1513/1512/5779 1512/1511/5780 1511/1510/5781
f 1241/1241/5782 1512/1511/5783 1513/1512/5784
f 1242/1242/5785 1513/1512/5786 1511/1510/5787
f 1238/1238/5683 1242/1242/5684 1511/1510/5685
f 1514/1513/5788 1269/1269/5789 1270/1270/5790
f 1515/1514/5791 1514/1513/5792 1270/1270/5793
f 1268/1268/5794 1515/1514/5795 1270/1270/5796
f 1514/1513/5797 1266/1266/5798 1269/1269/5799
f 1516/1515/5800 1267/1267/5801 1266/1266/5802
f 1514/1513/5803 1516/1515/5804 1266/1266/5805
f 1516/1515/5806 1272/1272/5807 1267/1267/5808
f 1517/1516/5809 1272/1272/5810 1516/1515/5811
f 1273/1273/5812 1272/1272/5813 1517/1516/5814
f 1515/1514/4506 1516/1515/4506 1514/1513/4506
f 1517/1516/4506 1516/1515/4506 1515/1514/4506
f 1268/1268/5815 1271/1271/5816 1515/1514/5817
f 1517/1516/5818 1515/1514/5819 1271/1271/5820
f 1273/1273/5821 1517/1516/5822 1271/1271/5823
f 1518/1517/4506 1519/1518/4506 1520/1519/4506
f 1286/1286/5824 1520/1519/5825 1519/1518/5826
f 1521/1520/4506 1518/1517/4506 1520/1519/4506
f 1287/1287/5827 1521/1520/5828 1520/1519/5829
f 1284/1284/5830 1520/1519/5831 1286/1286/5832
f 1284/1284/5833 1287/1287/5834 1520/1519/5835
f 1282/1282/5836 1519/1518/5837 1518/1517/5838
f 1285/1285/5839 1286/1286/5840 1519/1518/5841
f 1282/1282/5842 1285/1285/5843 1519/1518/5844
f 1288/1288/5845 1518/1517/5846 1521/1520/5847
f 1283/1283/5848 1282/1282/5849 1518/1517/5850
f 1288/1288/5851 1283/1283/5852 1518/1517/5853
f 1289/1289/5854 1288/1288/5855 1521/1520/5856
f 1287/1287/5857 1289/1289/5858 1521/1520/5859
f 1522/1521/4506 1523/1522/4506 1524/1523/4506
f 1278/1278/5824 1524/1523/5825 1523/1522/5826
f 1525/1524/4506 1522/1521/4506 1524/1523/4506
f 1279/1279/5860 1525/1524/5861 1524/1523/5862
f 1276/1276/5863 1524/1523/5864 1278/1278/5865
f 1276/1276/5866 1279/1279/5867 1524/1523/5868
f 1274/1274/5836 1523/1522/5837 1522/1521/5838
f 1277/1277/5869 1278/1278/5870 1523/1522/5871
f 1274/1274/5872 1277/1277/5873 1523/1522/5874
f 1280/1280/5875 1522/1521/5876 1525/1524/5877
f 1275/1275/5878 1274/1274/5879 1522/1521/5880
f 1280/1280/5881 1275/1275/5882 1522/1521/5883
f 1281/1281/5884 1280/1280/5885 1525/1524/5886
f 1279/1279/5887 1281/1281/5888 1525/1524/5889
f 362/362/5890 1526/1525/5891 1527/1526/5892
f 1528/1527/5893 1527/1526/5894 1526/1525/5895
f 1381/1381/5896 362/362/5897 1527/1526/5898
f 1380/1380/5899 1381/1381/5900 1527/1526/5901
f 1528/1527/5902 1380/1380/5903 1527/1526/5904
f 362/362/5905 1529/1528/5906 1526/1525/5907
f 1037/1037/5908 1526/1525/5909 1529/1528/5910
f 1037/1037/5911 1530/1529/5912 1526/1525/5913
f 1528/1527/5914 1526/1525/5915 1530/1529/5916
f 362/362/5917 963/963/5918 1529/1528/5919
f 1036/1036/5920 1529/1528/5921 963/963/5922
f 1036/1036/5923 1037/1037/5924 1529/1528/5925
f 1531/1530/5926 683/683/5927 684/684/5928
f 951/951/5929 683/683/5930 1531/1530/5931
f 1532/1531/5932 716/716/5933 715/715/5934
f 1034/1034/5935 717/717/5936 716/716/5937
f 1532/1531/5938 1034/1034/5939 716/716/5940
f 1532/1531/5941 715/715/5942 1377/1377/5943
f 1044/1044/5944 945/945/5945 709/709/5946
f 718/718/5947 1044/1044/5948 709/709/5949
f 1040/1040/5950 718/718/5951 717/717/5952
f 1533/1532/5953 708/708/5954 925/925/5955
f 513/513/5956 708/708/5957 1533/1532/5958
f 875/875/5959 907/907/5960 1534/1533/5961
f 870/870/5962 1534/1533/5963 918/918/5964
f 875/875/5965 1534/1533/5966 870/870/5967
f 1535/1534/5968 915/915/5969 1536/1535/5970
f 912/912/5971 915/915/5972 1537/1536/5973
f 1535/1534/5974 1537/1536/5975 915/915/5976
f 1538/1537/5977 1536/1535/5978 1539/1538/5979
f 1535/1534/5980 1536/1535/5981 1538/1537/5982
f 997/997/5983 1539/1538/5984 995/995/5985
f 1540/1539/5986 1539/1538/5987 997/997/5988
f 1540/1539/5989 1538/1537/5990 1539/1538/5991
f 671/671/5992 984/984/5993 983/983/5994
f 1541/1540/5995 981/981/5996 984/984/5997
f 1542/1541/5998 1541/1540/5999 984/984/6000
f 670/670/6001 1542/1541/6002 984/984/6003
f 670/670/6004 984/984/6005 671/671/6006
f 1543/1542/6007 997/997/6008 998/998/6009
f 1543/1542/6010 1544/1543/6011 997/997/6012
f 1540/1539/6013 997/997/6014 1544/1543/6015
f 657/657/6016 1545/1544/6017 1019/1019/6018
f 1546/1545/6019 1019/1019/6020 1545/1544/6021
f 1547/1546/6022 981/981/6023 1541/1540/6024
f 998/998/6025 981/981/6026 1547/1546/6027
f 991/991/6028 992/992/6029 1548/1547/6030
f 1549/1548/6031 1548/1547/6032 1550/1549/6033
f 1551/1550/6034 991/991/6035 1548/1547/6036
f 1549/1548/6037 1551/1550/6038 1548/1547/6039
f 1552/1551/6040 1550/1549/6041 959/959/6042
f 1553/1552/6043 1550/1549/6044 1552/1551/6045
f 1549/1548/6046 1550/1549/6047 1553/1552/6048
f 1552/1551/6049 959/959/6050 958/958/6051
f 1554/1553/6052 483/483/6053 659/659/6054
f 679/679/6055 483/483/6056 1554/1553/6057
f 1546/1545/6058 1545/1544/6059 1018/1018/6060
f 1555/1554/6061 989/989/6062 987/987/6063
f 81/81/6064 1019/1019/6065 1020/1020/6066
f 987/987/6067 991/991/6068 1556/1555/6069
f 1551/1550/6070 1556/1555/6071 991/991/6072
f 664/664/6073 985/985/6074 990/990/6075
f 665/665/6076 985/985/6077 664/664/6078
f 1557/1556/6079 990/990/6080 989/989/6081
f 662/662/6082 990/990/6083 1557/1556/6084
f 664/664/6085 990/990/6086 662/662/6087
f 1555/1554/6088 1558/1557/6089 989/989/6090
f 1557/1556/6091 989/989/6092 1558/1557/6093
f 1376/1376/6094 1380/1380/6095 1530/1529/6096
f 1528/1527/6097 1530/1529/6098 1380/1380/6099
f 1377/1377/6100 1376/1376/6101 1530/1529/6102
f 1037/1037/6103 1377/1377/6104 1530/1529/6105
f 1378/1378/6106 1379/1379/6107 1380/1380/6108
f 1376/1376/6109 1378/1378/6110 1380/1380/6111
f 1037/1037/6112 1034/1034/6113 1377/1377/6114
f 1532/1531/6115 1377/1377/6116 1034/1034/6117
f 1545/1544/6118 1559/1558/6119 1018/1018/6120
f 1546/1545/6121 1018/1018/6122 1019/1019/6123
f 939/939/6124 943/943/6125 1051/1051/6126
f 1560/1559/6127 1025/1025/6128 967/967/6129
f 964/964/6130 1560/1559/6131 967/967/6132
f 972/972/6133 1025/1025/6134 1560/1559/6135
f 1026/1026/6136 1025/1025/6137 972/972/6138
f 972/972/6139 1560/1559/6140 964/964/6141
f 1060/1060/6142 1370/1370/6143 1061/1061/6144
f 1372/1372/6145 196/196/6146 1061/1061/6147
f 1060/1060/6148 1561/1560/6149 1370/1370/6150
f 1562/1561/6151 1370/1370/6152 1561/1560/6153
f 1563/1562/6154 1371/1371/6155 1370/1370/6156
f 1562/1561/6157 1563/1562/6158 1370/1370/6159
f 1060/1060/6160 1564/1563/6161 1561/1560/6162
f 1565/1564/6163 1561/1560/6164 1564/1563/6165
f 1565/1564/6166 1562/1561/6167 1561/1560/6168
f 1060/1060/6169 1024/1024/6170 1564/1563/6171
f 1026/1026/6172 1564/1563/6173 1024/1024/6174
f 1026/1026/6175 1565/1564/6176 1564/1563/6177
f 1359/1359/6178 1057/1057/6179 1362/1362/6180
f 1566/1565/6181 1050/1050/6182 1057/1057/6183
f 1567/1566/6184 1566/1565/6185 1057/1057/6186
f 1568/1567/6187 1567/1566/6188 1057/1057/6189
f 1359/1359/6190 1568/1567/6191 1057/1057/6192
f 1058/1058/6193 287/287/6194 1057/1057/6195
f 1566/1565/6196 1051/1051/6197 1050/1050/6198
f 939/939/6199 1051/1051/6200 1566/1565/6201
f 937/937/6202 1566/1565/6203 1567/1566/6204
f 939/939/6205 1566/1565/6206 937/937/6207
f 935/935/6208 1567/1566/6209 1568/1567/6210
f 937/937/6211 1567/1566/6212 935/935/6213
f 932/932/6214 1568/1567/6215 1359/1359/6216
f 935/935/6217 1568/1567/6218 932/932/6219
f 287/287/6220 286/286/6221 1569/1568/6222
f 287/287/6223 1569/1568/6224 1363/1363/6225
f 1058/1058/6226 993/993/6227 287/287/6228
f 200/200/6229 993/993/6230 1058/1058/6231
f 1053/1053/6232 200/200/6233 1058/1058/6234
f 196/196/6235 200/200/6236 1053/1053/6237
f 197/197/6238 196/196/6239 1372/1372/6240
f 1563/1562/6241 978/978/6242 1570/1569/6243
f 1563/1562/6244 975/975/6245 978/978/6246
f 1563/1562/6247 1570/1569/6248 1371/1371/6249
f 1026/1026/6250 972/972/6251 970/970/6252
f 1565/1564/6253 970/970/6254 973/973/6255
f 1026/1026/6256 970/970/6257 1565/1564/6258
f 1562/1561/6259 973/973/6260 975/975/6261
f 1565/1564/6262 973/973/6263 1562/1561/6264
f 1562/1561/6265 975/975/6266 1563/1562/6267
f 602/602/6268 741/741/6269 604/604/6270
f 597/597/6271 604/604/6272 600/600/6273
f 744/744/6274 606/606/6275 600/600/6276
f 602/602/6277 605/605/6278 606/606/6279
f 612/612/6280 746/746/6281 614/614/6282
f 607/607/6283 614/614/6284 610/610/6285
f 748/748/6286 616/616/6287 610/610/6288
f 612/612/6289 615/615/6290 616/616/6291
f 622/622/6292 749/749/6293 624/624/6294
f 617/617/6295 624/624/6296 620/620/6297
f 750/750/6298 626/626/6299 620/620/6300
f 622/622/6301 625/625/6302 626/626/6303
f 632/632/6304 751/751/6305 634/634/6306
f 627/627/6307 634/634/6308 630/630/6309
f 754/754/6310 636/636/6311 630/630/6312
f 632/632/6313 635/635/6314 636/636/6315
f 582/582/6316 755/755/6317 584/584/6318
f 577/577/6319 584/584/6320 580/580/6321
f 756/756/6322 586/586/6323 580/580/6324
f 582/582/6325 585/585/6326 586/586/6327
f 592/592/6292 757/757/6293 594/594/6294
f 587/587/6295 594/594/6296 590/590/6297
f 759/759/6298 596/596/6299 590/590/6300
f 592/592/6301 595/595/6302 596/596/6303
f 1210/1210/6328 1500/1499/6329 1211/1211/6330
f 1205/1205/6331 1211/1211/6332 1207/1207/6333
f 1495/1494/6334 1213/1213/6335 1207/1207/6336
f 1210/1210/6337 1212/1212/6338 1213/1213/6339
f 1222/1222/6340 1494/1493/6341 1223/1223/6342
f 1217/1217/6343 1223/1223/6344 1220/1220/6345
f 1489/1489/6346 1225/1225/6347 1220/1220/6348
f 1222/1222/6349 1224/1224/6350 1225/1225/6351
f 1231/1231/6352 1488/1488/6353 1232/1232/6354
f 1228/1228/6331 1232/1232/6355 1229/1229/6356
f 1483/1483/6357 1234/1234/6358 1229/1229/6359
f 1231/1231/6360 1233/1233/6361 1234/1234/6362
f 1241/1241/6363 1513/1512/6364 1242/1242/6365
f 1235/1235/6366 1242/1242/6367 1238/1238/6368
f 1508/1507/6357 1246/1246/6358 1238/1238/6359
f 1241/1241/6369 1244/1244/6370 1246/1246/6371
f 1254/1254/6340 1507/1506/6341 1255/1255/6342
f 1250/1250/6372 1255/1255/6373 1253/1253/6374
f 1502/1501/6375 1257/1257/6376 1253/1253/6377
f 1254/1254/6378 1256/1256/6379 1257/1257/6380
f 1261/1261/6381 1344/1344/6382 1262/1262/6383
f 1258/1258/6384 1262/1262/6385 1260/1260/6368
f 1339/1339/6334 1264/1264/6335 1260/1260/6336
f 1261/1261/6386 1263/1263/6387 1264/1264/6388
f 1010/1010/1167 127/127/1167 1571/1570/1167
f 125/125/6389 1571/1570/6390 127/127/6391
f 1008/1008/6392 1010/1010/6393 1571/1570/6394
f 1005/1005/6395 1008/1008/6396 1571/1570/6397
f 1005/1005/6398 1571/1570/6399 125/125/6400
f 1010/1010/1167 1572/1571/1167 127/127/1167
f 123/123/6401 127/127/6402 1572/1571/6403
f 121/121/6404 127/127/6405 123/123/6406
f 1009/1009/6407 1572/1571/6408 1010/1010/6409
f 118/118/6410 123/123/6411 1572/1571/6412
f 1009/1009/6413 118/118/6414 1572/1571/6415
f 1007/1007/6416 1010/1010/6417 1008/1008/6418
f 900/900/1167 864/864/1167 1573/1572/1167
f 862/862/6419 1573/1572/6420 864/864/6421
f 898/898/6422 900/900/6423 1573/1572/6424
f 895/895/6425 898/898/6426 1573/1572/6427
f 895/895/6428 1573/1572/6429 862/862/6430
f 900/900/1167 1574/1573/1167 864/864/1167
f 860/860/6431 864/864/6432 1574/1573/6433
f 858/858/6434 864/864/6435 860/860/6436
f 899/899/6437 1574/1573/6438 900/900/6439
f 855/855/6440 860/860/6441 1574/1573/6442
f 899/899/6443 855/855/6444 1574/1573/6445
f 897/897/6446 900/900/6447 898/898/6448
f 1575/1574/6449 1576/1575/6449 1003/1003/6449
f 130/130/6450 1003/1003/6451 1576/1575/6452
f 1002/1002/6453 1575/1574/6454 1003/1003/6455
f 1577/1576/6456 1003/1003/6457 130/130/6458
f 1001/1001/6459 1003/1003/6460 1577/1576/6461
f 1575/1574/6462 1006/1006/6462 1576/1575/6462
f 1005/1005/6463 1576/1575/6464 1006/1006/6465
f 1005/1005/6466 125/125/6467 1576/1575/6468
f 130/130/6469 1576/1575/6470 125/125/6471
f 1002/1002/6472 1006/1006/6473 1575/1574/6474
f 1002/1002/6475 1004/1004/6476 1006/1006/6477
f 1578/1577/6478 1579/1578/6478 120/120/6478
f 1580/1579/6479 120/120/6480 1579/1578/6481
f 1581/1580/6482 1578/1577/6482 120/120/6482
f 118/118/6483 1581/1580/6484 120/120/6485
f 1580/1579/6486 115/115/6487 120/120/6488
f 1011/1011/6489 1579/1578/6490 1578/1577/6491
f 1580/1579/6492 1579/1578/6493 1011/1011/6494
f 1011/1011/6495 1578/1577/6496 1581/1580/6497
f 1009/1009/6498 1581/1580/6499 118/118/6500
f 1012/1012/6501 1581/1580/6502 1009/1009/6503
f 1011/1011/6504 1581/1580/6505 1012/1012/6506
f 1013/1013/6507 112/112/6508 113/113/6509
f 1582/1581/6510 1583/1582/6510 857/857/6510
f 1584/1583/6511 857/857/6512 1583/1582/6513
f 1585/1584/6514 1582/1581/6515 857/857/6514
f 855/855/6516 1585/1584/6517 857/857/6518
f 1584/1583/6519 852/852/6520 857/857/6521
f 901/901/6522 1583/1582/6523 1582/1581/6524
f 1584/1583/6525 1583/1582/6526 901/901/6527
f 901/901/6528 1582/1581/6529 1585/1584/6530
f 899/899/6531 1585/1584/6532 855/855/6533
f 902/902/6534 1585/1584/6535 899/899/6536
f 901/901/6537 1585/1584/6538 902/902/6539
f 1586/1585/6540 1587/1586/6540 893/893/6540
f 867/867/6541 893/893/6542 1587/1586/6543
f 892/892/6544 1586/1585/6545 893/893/6546
f 1588/1587/6547 893/893/6548 867/867/6549
f 891/891/6550 893/893/6551 1588/1587/6552
f 1586/1585/6553 896/896/6553 1587/1586/6553
f 895/895/6554 1587/1586/6555 896/896/6556
f 895/895/6557 862/862/6558 1587/1586/6559
f 867/867/6560 1587/1586/6561 862/862/6562
f 892/892/6563 896/896/6564 1586/1585/6565
f 892/892/6566 894/894/6567 896/896/6568
f 1584/1583/6569 901/901/6570 850/850/6571
f 903/903/6572 850/850/6573 901/901/6574
f 868/868/6575 1588/1587/6576 867/867/6577
f 891/891/6578 1588/1587/6579 868/868/6580
f 891/891/6581 868/868/6582 865/865/6583
f 850/850/6584 847/847/6585 852/852/6586
f 1584/1583/6587 850/850/6588 852/852/6589
f 1580/1579/6590 1011/1011/6591 113/113/6592
f 1013/1013/6593 113/113/6594 1011/1011/6595
f 131/131/6596 1577/1576/6597 130/130/6598
f 1001/1001/6599 1577/1576/6600 131/131/6601
f 1001/1001/6602 131/131/6603 128/128/6604
f 113/113/6605 110/110/6606 115/115/6607
f 1580/1579/6608 113/113/6609 115/115/6610
f 1547/1546/6611 1541/1540/6611 1589/1588/6611
f 1542/1541/6612 1589/1588/6613 1541/1540/6614
f 1590/1589/6615 1547/1546/6615 1589/1588/6615
f 673/673/6616 1590/1589/6617 1589/1588/6618
f 670/670/6619 673/673/6620 1589/1588/6621
f 670/670/6622 1589/1588/6623 1542/1541/6624
f 1590/1589/1167 675/675/1167 1547/1546/1167
f 674/674/6625 1547/1546/6626 675/675/6627
f 1543/1542/6628 998/998/6629 1547/1546/6630
f 1543/1542/6631 1547/1546/6632 674/674/6633
f 673/673/6634 675/675/6635 1590/1589/6636
f 672/672/6637 675/675/6638 673/673/6639
f 1591/1590/6640 1592/1591/6641 1558/1557/6642
f 663/663/6643 1558/1557/6644 1592/1591/6645
f 1555/1554/6646 1591/1590/6646 1558/1557/6646
f 662/662/6647 1557/1556/6648 1558/1557/6649
f 663/663/6650 662/662/6651 1558/1557/6652
f 663/663/6653 1592/1591/6654 1591/1590/6655
f 1555/1554/1167 1556/1555/1167 1591/1590/1167
f 1551/1550/6656 1591/1590/6657 1556/1555/6658
f 660/660/6659 663/663/6660 1591/1590/6661
f 1552/1551/6662 660/660/6663 1591/1590/6664
f 1553/1552/6665 1552/1551/6666 1591/1590/6667
f 1551/1550/6668 1553/1552/6669 1591/1590/6670
f 987/987/6671 1556/1555/6672 1555/1554/6673
f 1593/1592/5 1594/1593/5 1537/1536/5
f 926/926/6674 1537/1536/6675 1594/1593/6676
f 1535/1534/6677 1593/1592/6678 1537/1536/6679
f 912/912/6680 1537/1536/6681 926/926/6682
f 1593/1592/5 925/925/5 1594/1593/5
f 926/926/6683 1594/1593/6684 925/925/6685
f 1593/1592/5 1533/1532/5 925/925/5
f 1593/1592/5 1595/1594/5 1533/1532/5
f 514/514/6686 1533/1532/6687 1595/1594/6688
f 514/514/6689 513/513/6690 1533/1532/6691
f 676/676/6692 1595/1594/6693 1593/1592/6694
f 1596/1595/6695 514/514/6696 1595/1594/6697
f 676/676/6698 1596/1595/6699 1595/1594/6700
f 674/674/6701 676/676/6702 1593/1592/6703
f 674/674/6704 1593/1592/6705 1535/1534/6706
f 1597/1596/5 1598/1597/5 661/661/5
f 1599/1598/6707 661/661/6708 1598/1597/6709
f 660/660/6710 1597/1596/6711 661/661/6712
f 658/658/6713 661/661/6714 1599/1598/6715
f 1597/1596/6716 1600/1599/6716 1598/1597/6716
f 685/685/6717 1598/1597/6718 1600/1599/6719
f 678/678/6720 1598/1597/6721 685/685/6722
f 1599/1598/6723 1598/1597/6724 678/678/6725
f 1597/1596/6726 684/684/6726 1600/1599/6726
f 685/685/6727 1600/1599/6728 684/684/6729
f 1597/1596/5 1531/1530/5 684/684/5
f 960/960/6730 1531/1530/6731 1597/1596/6732
f 951/951/6733 1531/1530/6734 960/960/6735
f 958/958/6736 960/960/6737 1597/1596/6738
f 958/958/6739 1597/1596/6740 660/660/6741
f 679/679/6742 1599/1598/6743 678/678/6744
f 658/658/6745 1554/1553/6746 659/659/6747
f 658/658/6748 1599/1598/6749 1554/1553/6750
f 679/679/6751 1554/1553/6752 1599/1598/6753
f 544/544/6754 514/514/6755 1596/1595/6756
f 512/512/6757 514/514/6758 544/544/6759
f 676/676/6760 544/544/6761 1596/1595/6762
f 1552/1551/6763 958/958/6764 660/660/6765
f 1549/1548/6766 1553/1552/6767 1551/1550/6768
f 674/674/6769 1538/1537/6770 1544/1543/6771
f 1540/1539/6772 1544/1543/6773 1538/1537/6774
f 1543/1542/6775 674/674/6776 1544/1543/6777
f 674/674/6778 1535/1534/6779 1538/1537/6780
f 1601/1600/6781 1480/1480/6782 1602/1601/6783
f 1479/1479/6784 1602/1601/6785 1480/1480/6786
f 1603/1602/6787 1601/1600/6788 1602/1601/6789
f 1604/1603/6790 1602/1601/6791 1479/1479/6792
f 1605/1604/6793 1602/1601/6794 1604/1603/6795
f 1605/1604/6796 1603/1602/6797 1602/1601/6798
f 1601/1600/6799 1476/1476/6800 1480/1480/6801
f 1478/1478/6802 1480/1480/6803 1476/1476/6804
f 1606/1605/6805 1477/1477/6806 1476/1476/6807
f 1601/1600/6808 1606/1605/6809 1476/1476/6810
f 1607/1606/6811 1477/1477/6812 1606/1605/6813
f 1607/1606/6814 1473/1473/6815 1477/1477/6816
f 1475/1475/6817 1477/1477/6818 1473/1473/6819
f 1608/1607/6820 1606/1605/6821 1601/1600/6822
f 1609/1608/6823 1607/1606/6824 1606/1605/6825
f 1608/1607/6826 1609/1608/6827 1606/1605/6828
f 1610/1609/6829 1601/1600/6830 1603/1602/6831
f 1608/1607/6832 1601/1600/6833 1610/1609/6834
f 1611/1610/6835 1612/1611/6835 1613/1612/6835
f 1614/1613/6836 1613/1612/6837 1612/1611/6838
f 1615/1614/6839 1611/1610/6839 1613/1612/6839
f 1616/1615/6840 1615/1614/6841 1613/1612/6842
f 1614/1613/6843 1617/1616/6844 1613/1612/6845
f 1618/1617/6846 1613/1612/6847 1617/1616/6848
f 1618/1617/6849 1616/1615/6850 1613/1612/6851
f 1611/1610/6852 1427/1427/6852 1612/1611/6852
f 1291/1291/6853 1612/1611/6854 1427/1427/6855
f 1291/1291/6856 1296/1296/6857 1612/1611/6858
f 1614/1613/6859 1612/1611/6860 1296/1296/6861
f 1177/1177/6862 1427/1427/6863 1611/1610/6864
f 1170/1170/6865 1427/1427/6866 1177/1177/6867
f 1615/1614/6868 1619/1618/6868 1611/1610/6868
f 1481/1481/6869 1611/1610/6870 1619/1618/6871
f 1430/1430/6872 1611/1610/6873 1481/1481/6874
f 1177/1177/6875 1611/1610/6876 1430/1430/6877
f 1604/1603/6878 1619/1618/6879 1615/1614/6880
f 1604/1603/6881 1479/1479/6882 1619/1618/6883
f 1481/1481/6884 1619/1618/6885 1479/1479/6886
f 1620/1619/6887 1604/1603/6888 1615/1614/6889
f 1621/1620/6890 1620/1619/6891 1615/1614/6892
f 1616/1615/6893 1621/1620/6894 1615/1614/6895
f 1622/1621/6896 1474/1474/6896 1623/1622/6896
f 1473/1473/6897 1623/1622/6898 1474/1474/6899
f 1624/1623/6900 1622/1621/6901 1623/1622/6902
f 1607/1606/6903 1623/1622/6904 1473/1473/6905
f 1624/1623/6906 1623/1622/6907 1607/1606/6908
f 1625/1624/6909 1626/1625/6909 1474/1474/6909
f 1410/1410/6910 1627/1626/6911 1407/1407/6912
f 1622/1621/6913 1625/1624/6913 1474/1474/6913
f 1410/1410/6914 1628/1627/6915 1627/1626/6916
f 1471/1471/6917 1474/1474/6918 1501/1500/6919
f 1626/1625/6920 1501/1500/6921 1474/1474/6922
f 1083/1083/6923 1626/1625/6924 1625/1624/6925
f 1407/1407/6926 1627/1626/6927 1629/1628/6928
f 1083/1083/6929 1073/1073/6930 1626/1625/6931
f 1622/1621/6932 1630/1629/6932 1625/1624/6932
f 1312/1312/6933 1625/1624/6934 1630/1629/6935
f 1312/1312/6936 1082/1082/6937 1625/1624/6938
f 1083/1083/6939 1625/1624/6940 1082/1082/6941
f 1631/1630/6942 1630/1629/6943 1622/1621/6944
f 1632/1631/6945 1311/1311/6946 1630/1629/6947
f 1312/1312/6948 1630/1629/6949 1311/1311/6950
f 1632/1631/6951 1630/1629/6952 1631/1630/6953
f 1633/1632/6954 1622/1621/6955 1624/1623/6956
f 1634/1633/6957 1622/1621/6958 1633/1632/6959
f 1631/1630/6960 1622/1621/6961 1635/1634/6962
f 1634/1633/6963 1635/1634/6964 1622/1621/6965
f 1636/1635/6966 1607/1606/6967 1609/1608/6968
f 1624/1623/6969 1607/1606/6970 1636/1635/6971
f 1637/1636/6972 1604/1603/6973 1620/1619/6974
f 1605/1604/6975 1604/1603/6976 1637/1636/6977
f 1603/1602/6978 1638/1637/6978 1639/1638/6978
f 1640/1639/6979 1639/1638/6980 1638/1637/6981
f 1641/1640/4506 1603/1602/4506 1639/1638/4506
f 1642/1641/6982 1641/1640/6983 1639/1638/6984
f 1640/1639/6985 1642/1641/6986 1639/1638/6987
f 1603/1602/6988 1643/1642/6988 1638/1637/6988
f 1640/1639/6989 1638/1637/6990 1643/1642/6991
f 1603/1602/4506 1644/1643/4506 1643/1642/4506
f 1645/1644/6992 1643/1642/6993 1644/1643/6994
f 1645/1644/6995 1640/1639/6996 1643/1642/6997
f 1637/1636/6998 1646/1645/6998 1644/1643/6998
f 1647/1646/6999 1644/1643/7000 1646/1645/7001
f 1603/1602/4506 1637/1636/4506 1644/1643/4506
f 1647/1646/7002 1645/1644/7003 1644/1643/7004
f 1637/1636/7005 1648/1647/7005 1646/1645/7005
f 1647/1646/7006 1646/1645/7007 1648/1647/7008
f 1637/1636/7009 1649/1648/7009 1648/1647/7009
f 1650/1649/7010 1648/1647/7011 1649/1648/7012
f 1650/1649/7013 1647/1646/7014 1648/1647/7015
f 1637/1636/4506 1651/1650/4506 1649/1648/4506
f 1650/1649/7016 1649/1648/7017 1651/1650/7018
f 1620/1619/4506 1652/1651/4506 1651/1650/4506
f 1621/1620/7019 1651/1650/7020 1652/1651/7021
f 1637/1636/7022 1620/1619/7022 1651/1650/7022
f 1653/1652/7023 1651/1650/7024 1621/1620/7025
f 1653/1652/7026 1654/1653/7027 1651/1650/7028
f 1655/1654/7029 1651/1650/7030 1654/1653/7031
f 1655/1654/7032 1650/1649/7033 1651/1650/7034
f 1621/1620/7035 1652/1651/7036 1620/1619/7037
f 1605/1604/7038 1637/1636/7039 1603/1602/7040
f 1641/1640/4506 1610/1609/4506 1603/1602/4506
f 1656/1655/4506 1609/1608/4506 1610/1609/4506
f 1608/1607/7041 1610/1609/7042 1609/1608/7043
f 1641/1640/4506 1656/1655/4506 1610/1609/4506
f 1656/1655/4506 1636/1635/4506 1609/1608/4506
f 1657/1656/7044 1636/1635/7045 1656/1655/7046
f 1658/1657/7047 1659/1658/7048 1636/1635/7049
f 1624/1623/7050 1636/1635/7051 1659/1658/7052
f 1660/1659/7053 1658/1657/7054 1636/1635/7055
f 1657/1656/7056 1660/1659/7057 1636/1635/7058
f 1642/1641/7059 1656/1655/7060 1641/1640/7061
f 1657/1656/7062 1656/1655/7063 1660/1659/7064
f 1661/1660/7065 1660/1659/7066 1656/1655/7067
f 1642/1641/7068 1661/1660/7069 1656/1655/7070
f 1662/1661/7071 1390/1390/7071 1663/1662/7071
f 1389/1389/7072 1663/1662/7073 1390/1390/7074
f 1664/1663/7075 1662/1661/7076 1663/1662/7077
f 1389/1389/7078 1413/1413/7079 1663/1662/7080
f 1664/1663/7081 1663/1662/7082 1413/1413/7083
f 1665/1664/7084 1666/1665/7084 1390/1390/7084
f 1388/1388/7085 1390/1390/7086 1666/1665/7087
f 1662/1661/7084 1665/1664/7084 1390/1390/7084
f 1388/1388/7088 1385/1385/7089 1390/1390/7090
f 1018/1018/7091 1666/1665/7092 1665/1664/7093
f 1559/1558/7094 1666/1665/7095 1018/1018/7096
f 1545/1544/7097 1666/1665/7098 1559/1558/7099
f 657/657/7100 1666/1665/7101 1545/1544/7102
f 657/657/7103 1388/1388/7104 1666/1665/7105
f 1662/1661/7106 1667/1666/7106 1665/1664/7106
f 1338/1338/7107 1665/1664/7108 1667/1666/7109
f 1017/1017/7110 1665/1664/7111 1338/1338/7112
f 1018/1018/7113 1665/1664/7114 1017/1017/7115
f 1668/1667/7116 1667/1666/7117 1662/1661/7118
f 1336/1336/7119 1338/1338/7120 1667/1666/7121
f 1669/1668/7122 1667/1666/7123 1668/1667/7124
f 1336/1336/7125 1667/1666/7126 1669/1668/7127
f 1670/1669/7128 1662/1661/7129 1664/1663/7130
f 1671/1670/7131 1662/1661/7132 1670/1669/7133
f 1668/1667/7134 1662/1661/7135 1672/1671/7136
f 1671/1670/7137 1672/1671/7138 1662/1661/7139
f 1673/1672/7140 1674/1673/7140 1675/1674/7140
f 1676/1675/7141 1675/1674/7142 1674/1673/7143
f 1677/1676/7144 1673/1672/7144 1675/1674/7144
f 1678/1677/7145 1677/1676/7146 1675/1674/7147
f 1676/1675/7148 1679/1678/7149 1675/1674/7150
f 1680/1679/7151 1675/1674/7152 1679/1678/7153
f 1680/1679/7154 1678/1677/7155 1675/1674/7156
f 1673/1672/7157 883/883/7157 1674/1673/7157
f 1422/1422/7158 1674/1673/7159 883/883/7160
f 1321/1321/7161 1676/1675/7162 1674/1673/7163
f 1423/1423/7164 1321/1321/7165 1674/1673/7166
f 1422/1422/7167 1423/1423/7168 1674/1673/7169
f 1629/1628/7170 883/883/7171 1673/1672/7172
f 1628/1627/7173 881/881/7174 883/883/7175
f 1627/1626/7176 1628/1627/7177 883/883/7178
f 1629/1628/7179 1627/1626/7180 883/883/7181
f 1677/1676/7182 1681/1680/7182 1673/1672/7182
f 1408/1408/7183 1673/1672/7184 1681/1680/7185
f 1407/1407/7186 1629/1628/7187 1673/1672/7188
f 1408/1408/7189 1407/1407/7190 1673/1672/7191
f 1421/1421/7192 1681/1680/7193 1677/1676/7194
f 1405/1405/7195 1681/1680/7196 1421/1421/7197
f 1408/1408/7198 1681/1680/7199 1405/1405/7200
f 1421/1421/7201 1677/1676/7202 1682/1681/7203
f 1683/1682/7204 1682/1681/7205 1677/1676/7206
f 1678/1677/7207 1683/1682/7208 1677/1676/7209
f 1418/1418/7210 1684/1683/7210 1685/1684/7210
f 1686/1685/7211 1685/1684/7212 1684/1683/7213
f 1687/1686/4506 1418/1418/4506 1685/1684/4506
f 1688/1687/7214 1687/1686/7215 1685/1684/7216
f 1686/1685/7217 1688/1687/7218 1685/1684/7219
f 1418/1418/7220 1689/1688/7220 1684/1683/7220
f 1686/1685/7221 1684/1683/7222 1689/1688/7223
f 1418/1418/7224 1690/1689/7224 1689/1688/7224
f 1691/1690/7225 1689/1688/7226 1690/1689/7227
f 1691/1690/7228 1686/1685/7229 1689/1688/7230
f 1692/1691/7231 1693/1692/7231 1690/1689/7231
f 1694/1693/7232 1690/1689/7233 1693/1692/7234
f 1418/1418/7235 1692/1691/7235 1690/1689/7235
f 1694/1693/7236 1691/1690/7237 1690/1689/7238
f 1692/1691/7239 1695/1694/7239 1693/1692/7239
f 1694/1693/7240 1693/1692/7241 1695/1694/7242
f 1692/1691/4506 1696/1695/4506 1695/1694/4506
f 1697/1696/7243 1695/1694/7244 1696/1695/7245
f 1697/1696/7246 1694/1693/7247 1695/1694/7248
f 1692/1691/4506 1698/1697/4506 1696/1695/4506
f 1697/1696/7249 1696/1695/7250 1698/1697/7251
f 1682/1681/4506 1699/1698/4506 1698/1697/4506
f 1683/1682/7252 1698/1697/7253 1699/1698/7254
f 1692/1691/7255 1682/1681/7255 1698/1697/7255
f 1700/1699/7256 1698/1697/7257 1683/1682/7258
f 1700/1699/7259 1701/1700/7260 1698/1697/7261
f 1702/1701/7262 1698/1697/7263 1701/1700/7264
f 1702/1701/7265 1697/1696/7266 1698/1697/7267
f 1683/1682/7268 1699/1698/7269 1682/1681/7270
f 1421/1421/7271 1682/1681/7272 1692/1691/7273
f 1420/1420/7274 1692/1691/7275 1418/1418/7276
f 1420/1420/7277 1421/1421/7278 1692/1691/7279
f 1687/1686/4506 1419/1419/4506 1418/1418/4506
f 1703/1702/4506 1416/1416/4506 1419/1419/4506
f 1415/1415/7280 1419/1419/7281 1416/1416/7282
f 1687/1686/4506 1703/1702/4506 1419/1419/4506
f 1703/1702/4506 1704/1703/4506 1416/1416/4506
f 1413/1413/7283 1416/1416/7284 1704/1703/7285
f 1705/1704/7286 1704/1703/7287 1703/1702/7288
f 1664/1663/7289 1413/1413/7290 1704/1703/7291
f 1706/1705/7292 1707/1706/7293 1704/1703/7294
f 1664/1663/7295 1704/1703/7296 1707/1706/7297
f 1708/1707/7298 1706/1705/7299 1704/1703/7300
f 1705/1704/7301 1708/1707/7302 1704/1703/7303
f 1688/1687/7304 1703/1702/7305 1687/1686/7306
f 1705/1704/7307 1703/1702/7308 1708/1707/7309
f 1709/1708/7310 1708/1707/7311 1703/1702/7312
f 1688/1687/7313 1709/1708/7314 1703/1702/7315
f 1188/1188/7316 1017/1017/7317 1338/1338/7318
f 1181/1181/7319 1187/1187/7320 1337/1337/7321
f 1676/1675/7322 1710/1709/7323 1679/1678/7324
f 1680/1679/7325 1679/1678/7326 1710/1709/7327
f 1321/1321/7328 1710/1709/7329 1676/1675/7330
f 1711/1710/7331 1710/1709/7332 1321/1321/7333
f 1702/1701/7334 1710/1709/7335 1711/1710/7336
f 1680/1679/7337 1710/1709/7338 1702/1701/7339
f 1712/1711/7340 1707/1706/7341 1706/1705/7342
f 1670/1669/7343 1664/1663/7344 1707/1706/7345
f 1671/1670/7346 1670/1669/7347 1707/1706/7348
f 1712/1711/7349 1671/1670/7350 1707/1706/7351
f 1712/1711/7352 1706/1705/7353 1708/1707/7354
f 1709/1708/7355 1712/1711/7356 1708/1707/7357
f 1713/1712/7358 1701/1700/7359 1683/1682/7360
f 1700/1699/7361 1683/1682/7362 1701/1700/7363
f 1714/1713/7364 1713/1712/7365 1683/1682/7366
f 1678/1677/7367 1714/1713/7368 1683/1682/7369
f 1714/1713/7370 1701/1700/7371 1713/1712/7372
f 1702/1701/7373 1701/1700/7374 1714/1713/7375
f 1680/1679/7376 1714/1713/7377 1678/1677/7378
f 1680/1679/7379 1702/1701/7380 1714/1713/7381
f 1669/1668/7382 1668/1667/7383 1672/1671/7384
f 1715/1714/7385 1669/1668/7386 1672/1671/7387
f 1716/1715/7388 1715/1714/7389 1672/1671/7390
f 1671/1670/7391 1716/1715/7392 1672/1671/7393
f 1336/1336/7394 1669/1668/7395 1715/1714/7396
f 1326/1326/7397 1717/1716/7398 1718/1717/7399
f 1694/1693/7400 1718/1717/7401 1717/1716/7402
f 1719/1718/7403 1326/1326/7404 1718/1717/7405
f 1697/1696/7406 1719/1718/7407 1718/1717/7408
f 1697/1696/7409 1718/1717/7410 1694/1693/7411
f 1326/1326/7412 1720/1719/7413 1717/1716/7414
f 1694/1693/7415 1717/1716/7416 1720/1719/7417
f 1326/1326/7418 1325/1325/7419 1720/1719/7420
f 1721/1720/7421 1720/1719/7422 1325/1325/7423
f 1691/1690/7424 1720/1719/7425 1721/1720/7426
f 1694/1693/7427 1720/1719/7428 1691/1690/7429
f 1722/1721/7430 1721/1720/7431 1325/1325/7432
f 1331/1331/7433 1722/1721/7434 1325/1325/7435
f 1719/1718/7436 1723/1722/7437 1326/1326/7438
f 1321/1321/7439 1326/1326/7440 1723/1722/7441
f 1697/1696/7442 1723/1722/7443 1719/1718/7444
f 1711/1710/7445 1321/1321/7446 1723/1722/7447
f 1702/1701/7448 1711/1710/7449 1723/1722/7450
f 1702/1701/7451 1723/1722/7452 1697/1696/7453
f 1691/1690/7454 1721/1720/7455 1722/1721/7456
f 1724/1723/7457 1722/1721/7458 1331/1331/7459
f 1686/1685/7460 1722/1721/7461 1724/1723/7462
f 1691/1690/7463 1722/1721/7464 1686/1685/7465
f 1334/1334/7466 1724/1723/7467 1331/1331/7468
f 1725/1724/7469 1724/1723/7470 1334/1334/7471
f 1688/1687/7472 1724/1723/7473 1725/1724/7474
f 1686/1685/7475 1724/1723/7476 1688/1687/7477
f 1726/1725/7478 1725/1724/7479 1334/1334/7480
f 1335/1335/7481 1726/1725/7482 1334/1334/7483
f 1688/1687/7484 1725/1724/7485 1726/1725/7486
f 1727/1726/7487 1726/1725/7488 1335/1335/7489
f 1709/1708/7490 1726/1725/7491 1727/1726/7492
f 1688/1687/7493 1726/1725/7494 1709/1708/7495
f 1336/1336/7496 1728/1727/7497 1335/1335/7498
f 1727/1726/7499 1335/1335/7500 1728/1727/7501
f 1336/1336/7502 1729/1728/7503 1728/1727/7504
f 1709/1708/7505 1728/1727/7506 1729/1728/7507
f 1709/1708/7508 1727/1726/7509 1728/1727/7510
f 1336/1336/7511 1715/1714/7512 1729/1728/7513
f 1709/1708/7514 1729/1728/7515 1715/1714/7516
f 1671/1670/7517 1715/1714/7518 1716/1715/7519
f 1712/1711/7520 1715/1714/7521 1671/1670/7522
f 1709/1708/7523 1715/1714/7524 1712/1711/7525
f 1730/1729/7526 1322/1322/7527 1321/1321/7528
f 1425/1425/7529 1730/1729/7530 1321/1321/7531
f 1423/1423/7532 1425/1425/7533 1321/1321/7534
f 1426/1426/7535 1322/1322/7536 1730/1729/7537
f 1426/1426/7538 1730/1729/7539 1425/1425/7540
f 1731/1730/7541 1296/1296/7542 1301/1301/7543
f 1732/1731/7544 1296/1296/7545 1731/1730/7546
f 1614/1613/7547 1296/1296/7548 1733/1732/7549
f 1732/1731/7550 1733/1732/7551 1296/1296/7552
f 1311/1311/7553 1734/1733/7554 1735/1734/7555
f 1661/1660/7556 1735/1734/7557 1734/1733/7558
f 1310/1310/7559 1311/1311/7560 1735/1734/7561
f 1736/1735/7562 1310/1310/7563 1735/1734/7564
f 1661/1660/7565 1736/1735/7566 1735/1734/7567
f 1311/1311/7568 1737/1736/7569 1734/1733/7570
f 1661/1660/7571 1734/1733/7572 1737/1736/7573
f 1632/1631/7574 1737/1736/7575 1311/1311/7576
f 1632/1631/7577 1635/1634/7578 1737/1736/7579
f 1738/1737/7580 1737/1736/7581 1635/1634/7582
f 1634/1633/7583 1737/1736/7584 1738/1737/7585
f 1739/1738/7586 1737/1736/7587 1634/1633/7588
f 1661/1660/7589 1737/1736/7590 1739/1738/7591
f 1736/1735/7592 1740/1739/7593 1310/1310/7594
f 1309/1309/7595 1310/1310/7596 1740/1739/7597
f 1661/1660/7598 1740/1739/7599 1736/1735/7600
f 1309/1309/7601 1740/1739/7602 1741/1740/7603
f 1642/1641/7604 1741/1740/7605 1740/1739/7606
f 1642/1641/7607 1740/1739/7608 1661/1660/7609
f 1309/1309/7610 1741/1740/7611 1742/1741/7612
f 1642/1641/7613 1742/1741/7614 1741/1740/7615
f 1306/1306/7616 1309/1309/7617 1742/1741/7618
f 1306/1306/7619 1742/1741/7620 1743/1742/7621
f 1640/1639/7622 1743/1742/7623 1742/1741/7624
f 1640/1639/7625 1742/1741/7626 1642/1641/7627
f 1299/1299/7628 1306/1306/7629 1743/1742/7630
f 1299/1299/7631 1743/1742/7632 1744/1743/7633
f 1645/1644/7634 1744/1743/7635 1743/1742/7636
f 1645/1644/7637 1743/1742/7638 1640/1639/7639
f 1299/1299/7640 1744/1743/7641 1745/1744/7642
f 1645/1644/7643 1745/1744/7644 1744/1743/7645
f 1301/1301/7646 1299/1299/7647 1745/1744/7648
f 1301/1301/7649 1745/1744/7650 1746/1745/7651
f 1647/1646/7652 1746/1745/7653 1745/1744/7654
f 1647/1646/7655 1745/1744/7656 1645/1644/7657
f 1301/1301/7658 1746/1745/7659 1747/1746/7660
f 1647/1646/7661 1747/1746/7662 1746/1745/7663
f 1748/1747/7664 1301/1301/7665 1747/1746/7666
f 1650/1649/7667 1748/1747/7668 1747/1746/7669
f 1650/1649/7670 1747/1746/7671 1647/1646/7672
f 1748/1747/7673 1731/1730/7674 1301/1301/7675
f 1650/1649/7676 1731/1730/7677 1748/1747/7678
f 1655/1654/7679 1732/1731/7680 1731/1730/7681
f 1655/1654/7682 1731/1730/7683 1650/1649/7684
f 1614/1613/7685 1733/1732/7686 1617/1616/7687
f 1618/1617/7688 1617/1616/7689 1733/1732/7690
f 1655/1654/7691 1733/1732/7692 1732/1731/7693
f 1618/1617/7694 1733/1732/7695 1655/1654/7696
f 1739/1738/7697 1659/1658/7698 1658/1657/7699
f 1633/1632/7700 1624/1623/7701 1659/1658/7702
f 1634/1633/7703 1633/1632/7704 1659/1658/7705
f 1739/1738/7706 1634/1633/7707 1659/1658/7708
f 1739/1738/7709 1658/1657/7710 1660/1659/7711
f 1661/1660/7712 1739/1738/7713 1660/1659/7714
f 1749/1748/7715 1654/1653/7716 1621/1620/7717
f 1653/1652/7718 1621/1620/7719 1654/1653/7720
f 1750/1749/7721 1749/1748/7722 1621/1620/7723
f 1616/1615/7724 1750/1749/7725 1621/1620/7726
f 1750/1749/7727 1654/1653/7728 1749/1748/7729
f 1655/1654/7730 1654/1653/7731 1750/1749/7732
f 1618/1617/7733 1750/1749/7734 1616/1615/7735
f 1618/1617/7736 1655/1654/7737 1750/1749/7738
f 1632/1631/7739 1631/1630/7740 1635/1634/7741
f 1634/1633/7742 1738/1737/7743 1635/1634/7744
f 498/498/7745 1751/1750/7746 1410/1410/7747
f 1472/1472/7748 1471/1471/7749 1501/1500/7750
f 1073/1073/7751 1078/1078/7752 1501/1500/7753
f 1073/1073/7754 1501/1500/7755 1626/1625/7756
f 1752/1751/7757 904/904/7758 881/881/7759
f 1753/1752/7760 1752/1751/7761 881/881/7762
f 1751/1750/7763 1753/1752/7764 881/881/7765
f 1628/1627/7766 1751/1750/7767 881/881/7768
f 526/526/7769 904/904/7770 1752/1751/7771
f 526/526/7772 525/525/7773 904/904/7774
f 498/498/7775 1752/1751/7776 1753/1752/7777
f 498/498/7778 526/526/7779 1752/1751/7780
f 498/498/7781 1753/1752/7782 1751/1750/7783
f 1410/1410/7784 1751/1750/7785 1628/1627/7786
usemtl mat1
f 77/77/226 75/75/226 74/74/226
f 139/139/226 80/80/226 75/75/226
f 137/137/226 75/75/226 77/77/226
f 137/137/226 139/139/226 75/75/226
f 96/96/7787 85/85/7787 80/80/7787
f 100/100/226 96/96/226 80/80/226
f 139/139/226 100/100/226 80/80/226
f 96/96/7788 87/87/7788 85/85/7788
f 96/96/7789 90/90/7789 87/87/7789
f 96/96/226 93/93/226 90/90/226
f 139/139/226 109/109/226 100/100/226
f 139/139/226 111/111/226 109/109/226
f 139/139/226 114/114/226 111/111/226
f 135/135/226 116/116/226 114/114/226
f 139/139/226 135/135/226 114/114/226
f 135/135/226 117/117/226 116/116/226
f 135/135/226 119/119/226 117/117/226
f 134/134/226 122/122/226 119/119/226
f 135/135/226 134/134/226 119/119/226
f 129/129/226 124/124/226 122/122/226
f 137/137/226 129/129/226 122/122/226
f 137/137/226 122/122/226 134/134/226
f 129/129/226 126/126/226 124/124/226
f 137/137/226 77/77/226 129/129/226
f 1754/1753/1167 420/420/1167 419/419/1167
f 1755/1754/1167 419/419/1167 422/422/1167
f 1754/1753/1167 419/419/1167 1755/1754/1167
f 1756/1755/1167 424/424/1167 420/420/1167
f 1754/1753/7790 1756/1755/7790 420/420/7790
f 1757/1756/1167 422/422/1167 424/424/1167
f 1756/1755/1167 1757/1756/1167 424/424/1167
f 1757/1756/7791 1755/1754/7791 422/422/7791
f 427/427/1167 406/406/1167 407/407/1167
f 428/428/1167 407/407/1167 409/409/1167
f 428/428/1167 427/427/1167 407/407/1167
f 430/430/1167 408/408/1167 406/406/1167
f 430/430/1167 406/406/1167 427/427/1167
f 432/432/1167 409/409/1167 408/408/1167
f 430/430/1167 432/432/1167 408/408/1167
f 432/432/1167 428/428/1167 409/409/1167
f 1758/1757/1167 436/436/1167 435/435/1167
f 1759/1758/1167 435/435/1167 438/438/1167
f 1758/1757/1167 435/435/1167 1759/1758/1167
f 1760/1759/1167 440/440/1167 436/436/1167
f 1758/1757/7790 1760/1759/7790 436/436/7790
f 1761/1760/1167 438/438/1167 440/440/1167
f 1760/1759/1167 1761/1760/1167 440/440/1167
f 1761/1760/7791 1759/1758/7791 438/438/7791
f 1762/1761/1167 444/444/1167 443/443/1167
f 1763/1762/1167 443/443/1167 446/446/1167
f 1762/1761/1167 443/443/1167 1763/1762/1167
f 1764/1763/1167 448/448/1167 444/444/1167
f 1762/1761/7790 1764/1763/7790 444/444/7790
f 1765/1764/1167 446/446/1167 448/448/1167
f 1764/1763/1167 1765/1764/1167 448/448/1167
f 1765/1764/7791 1763/1762/7791 446/446/7791
f 1766/1765/1167 452/452/1167 451/451/1167
f 1767/1766/1167 451/451/1167 454/454/1167
f 1766/1765/1167 451/451/1167 1767/1766/1167
f 1768/1767/1167 456/456/1167 452/452/1167
f 1766/1765/7790 1768/1767/7790 452/452/7790
f 1769/1768/1167 454/454/1167 456/456/1167
f 1768/1767/1167 1769/1768/1167 456/456/1167
f 1769/1768/7791 1767/1766/7791 454/454/7791
f 1770/1769/1167 460/460/1167 459/459/1167
f 1771/1770/1167 459/459/1167 462/462/1167
f 1770/1769/1167 459/459/1167 1771/1770/1167
f 1772/1771/1167 464/464/1167 460/460/1167
f 1770/1769/7790 1772/1771/7790 460/460/7790
f 1773/1772/1167 462/462/1167 464/464/1167
f 1772/1771/1167 1773/1772/1167 464/464/1167
f 1773/1772/7791 1771/1770/7791 462/462/7791
f 1774/1773/1167 468/468/1167 467/467/1167
f 1775/1774/1167 467/467/1167 470/470/1167
f 1774/1773/1167 467/467/1167 1775/1774/1167
f 1776/1775/1167 472/472/1167 468/468/1167
f 1774/1773/7790 1776/1775/7790 468/468/7790
f 1777/1776/1167 470/470/1167 472/472/1167
f 1776/1775/1167 1777/1776/1167 472/472/1167
f 1777/1776/7791 1775/1774/7791 470/470/7791
f 549/549/4344 547/547/4344 545/545/4344
f 871/871/4344 547/547/4344 549/549/4344
f 871/871/4344 558/558/4344 547/547/4344
f 835/835/7792 549/549/7792 736/736/7792
f 872/872/4344 549/549/4344 866/866/4344
f 835/835/4344 866/866/4344 549/549/4344
f 872/872/4344 871/871/4344 549/549/4344
f 736/736/4344 833/833/4344 832/832/4344
f 835/835/4344 736/736/4344 832/832/4344
f 842/842/4344 839/839/4344 833/833/4344
f 736/736/4344 842/842/4344 833/833/4344
f 871/871/4344 846/846/4344 558/558/4344
f 871/871/4344 848/848/4344 846/846/4344
f 871/871/4344 851/851/4344 848/848/4344
f 874/874/4344 853/853/4344 851/851/4344
f 874/874/4344 851/851/4344 871/871/4344
f 874/874/4344 854/854/4344 853/853/4344
f 874/874/4344 856/856/4344 854/854/4344
f 876/876/4344 859/859/4344 856/856/4344
f 874/874/4344 876/876/4344 856/856/4344
f 866/866/4344 861/861/4344 859/859/4344
f 872/872/4344 866/866/4344 859/859/4344
f 876/876/4344 872/872/4344 859/859/4344
f 866/866/4344 863/863/4344 861/861/4344
f 1778/1777/5 1443/1443/5 1438/1438/5
f 1779/1778/7793 1442/1442/7793 1443/1443/7793
f 1779/1778/5 1443/1443/5 1778/1777/5
f 1780/1779/7794 1438/1438/7794 1435/1435/7794
f 1780/1779/7795 1778/1777/7795 1438/1438/7795
f 1781/1780/5 1435/1435/5 1442/1442/5
f 1780/1779/5 1435/1435/5 1781/1780/5
f 1781/1780/7796 1442/1442/7796 1779/1778/7796
f 1782/1781/5 1455/1455/5 1456/1456/5
f 1783/1782/5 1453/1453/5 1455/1455/5
f 1783/1782/5 1455/1455/5 1782/1781/5
f 1784/1783/5 1456/1456/5 1454/1454/5
f 1784/1783/5 1782/1781/5 1456/1456/5
f 1785/1784/5 1454/1454/5 1453/1453/5
f 1784/1783/5 1454/1454/5 1785/1784/5
f 1785/1784/7797 1453/1453/7797 1783/1782/7797
f 1786/1785/5 1464/1464/5 1467/1467/5
f 1787/1786/5 1460/1460/5 1464/1464/5
f 1787/1786/5 1464/1464/5 1786/1785/5
f 1788/1787/5 1467/1467/5 1461/1461/5
f 1788/1787/5 1786/1785/5 1467/1467/5
f 1789/1788/5 1461/1461/5 1460/1460/5
f 1788/1787/5 1461/1461/5 1789/1788/5
f 1789/1788/5 1460/1460/5 1787/1786/5
usemtl mat2
f 147/147/7798 146/146/7798 141/141/7798
f 148/148/7799 1790/1789/7799 141/141/7799
f 147/147/7800 141/141/7800 1790/1789/7800
f 150/150/7801 51/51/7801 149/149/7801
f 988/988/7802 149/149/7803 144/144/7804
f 159/159/7805 150/150/7805 149/149/7805
f 158/158/7806 159/159/7806 149/149/7806
f 160/160/7807 158/158/7807 149/149/7807
f 161/161/7808 160/160/7808 149/149/7808
f 162/162/7809 161/161/7809 149/149/7809
f 163/163/7810 162/162/7810 149/149/7810
f 164/164/7811 163/163/7811 149/149/7811
f 165/165/7812 164/164/7812 149/149/7812
f 166/166/7813 165/165/7813 149/149/7813
f 167/167/7814 166/166/7814 149/149/7814
f 168/168/7815 167/167/7815 149/149/7815
f 169/169/7816 168/168/7816 149/149/7816
f 170/170/7817 169/169/7817 149/149/7817
f 171/171/7818 170/170/7818 149/149/7818
f 172/172/7819 171/171/7819 149/149/7819
f 173/173/7820 172/172/7820 149/149/7820
f 174/174/7821 173/173/7821 149/149/7821
f 175/175/7822 174/174/7822 149/149/7822
f 176/176/7823 175/175/7823 149/149/7823
f 194/194/7824 176/176/7824 149/149/7824
f 195/195/7825 194/194/7825 149/149/7825
f 193/193/7826 195/195/7826 149/149/7826
f 441/441/7827 193/193/7827 149/149/7827
f 441/441/7828 149/149/7828 439/439/7828
f 449/449/7829 439/439/7829 149/149/7829
f 449/449/7830 149/149/7830 447/447/7830
f 666/666/7831 447/447/7831 149/149/7831
f 988/988/7832 666/666/7832 149/149/7832
f 959/959/7833 144/144/7834 152/152/7835
f 992/992/7836 988/988/7837 144/144/7838
f 1548/1547/7839 992/992/7840 144/144/7841
f 1550/1549/7842 1548/1547/7843 144/144/7844
f 959/959/7845 1550/1549/7846 144/144/7847
f 1791/1790/7848 152/152/7848 151/151/7848
f 954/954/7849 949/949/7849 152/152/7849
f 952/952/7850 152/152/7850 949/949/7850
f 1791/1790/7851 954/954/7851 152/152/7851
f 959/959/7852 152/152/7853 952/952/7854
f 156/156/7855 1791/1790/7855 151/151/7855
f 157/157/7856 153/153/7856 154/154/7856
f 156/156/7857 153/153/7857 157/157/7857
f 194/194/7858 178/178/7858 176/176/7858
f 194/194/7859 179/179/7859 178/178/7859
f 194/194/7860 180/180/7860 179/179/7860
f 194/194/7861 181/181/7861 180/180/7861
f 190/190/7862 182/182/7862 181/181/7862
f 194/194/7863 190/190/7863 181/181/7863
f 190/190/7864 183/183/7864 182/182/7864
f 190/190/7865 184/184/7865 183/183/7865
f 190/190/7866 185/185/7866 184/184/7866
f 190/190/7867 186/186/7867 185/185/7867
f 190/190/7863 187/187/7863 186/186/7863
f 190/190/7868 188/188/7868 187/187/7868
f 197/197/7869 190/190/7870 194/194/7871
f 192/192/7872 190/190/7873 197/197/7874
f 437/437/7875 193/193/7875 441/441/7875
f 199/199/7876 193/193/7876 437/437/7876
f 277/277/7877 215/215/7877 214/214/7877
f 277/277/7878 218/218/7878 215/215/7878
f 222/222/7879 277/277/7880 214/214/7881
f 1358/1358/7882 269/269/7882 262/262/7882
f 282/282/7883 248/248/7884 269/269/7885
f 1070/1070/7886 269/269/7886 1358/1358/7886
f 282/282/7887 269/269/7888 1070/1070/7889
f 1358/1358/7890 262/262/7891 261/261/7892
f 272/272/7893 271/271/7893 270/270/7893
f 272/272/7894 274/274/7894 271/271/7894
f 276/276/7895 271/271/7895 274/274/7895
f 281/281/7896 271/271/7897 276/276/7898
f 281/281/7899 238/238/7900 271/271/7901
f 1357/1357/7902 273/273/7902 235/235/7902
f 1064/1064/7903 266/266/7904 273/273/7905
f 1357/1357/7906 1065/1065/7906 273/273/7906
f 1064/1064/7907 273/273/7908 1065/1065/7909
f 1357/1357/7910 235/235/7911 236/236/7912
f 277/277/7913 217/217/7913 218/218/7913
f 277/277/7914 219/219/7914 217/217/7914
f 277/277/7915 274/274/7915 219/219/7915
f 277/277/7916 276/276/7916 274/274/7916
f 282/282/7917 277/277/7918 222/222/7919
f 308/308/7824 284/284/7824 1792/1791/7824
f 473/473/7827 1792/1791/7827 284/284/7827
f 310/310/7920 308/308/7920 1792/1791/7920
f 311/311/7921 310/310/7921 1792/1791/7921
f 312/312/7922 311/311/7922 1792/1791/7922
f 322/322/7923 312/312/7923 1792/1791/7923
f 1793/1792/7924 322/322/7925 1792/1791/7926
f 469/469/7927 421/421/7927 1792/1791/7927
f 996/996/7928 1792/1791/7928 421/421/7928
f 469/469/7929 1792/1791/7929 473/473/7929
f 995/995/7930 1792/1791/7931 996/996/7932
f 1536/1535/7933 1793/1792/7934 1792/1791/7935
f 1539/1538/7936 1536/1535/7937 1792/1791/7938
f 995/995/7939 1539/1538/7940 1792/1791/7941
f 308/308/7942 285/285/7942 284/284/7942
f 288/288/7943 473/473/7943 284/284/7943
f 308/308/7944 283/283/7944 285/285/7944
f 289/289/7801 20/20/7801 283/283/7801
f 6/6/7945 283/283/7946 20/20/7947
f 291/291/7948 289/289/7948 283/283/7948
f 290/290/7949 291/291/7949 283/283/7949
f 292/292/7950 290/290/7950 283/283/7950
f 293/293/7951 292/292/7951 283/283/7951
f 294/294/7952 293/293/7952 283/283/7952
f 295/295/7953 294/294/7953 283/283/7953
f 296/296/7954 295/295/7954 283/283/7954
f 297/297/7955 296/296/7955 283/283/7955
f 298/298/7813 297/297/7813 283/283/7813
f 299/299/7956 298/298/7956 283/283/7956
f 300/300/7957 299/299/7957 283/283/7957
f 301/301/7958 300/300/7958 283/283/7958
f 302/302/7959 301/301/7959 283/283/7959
f 303/303/7960 302/302/7960 283/283/7960
f 304/304/7961 303/303/7961 283/283/7961
f 305/305/7962 304/304/7962 283/283/7962
f 306/306/7963 305/305/7963 283/283/7963
f 307/307/7964 306/306/7964 283/283/7964
f 308/308/7965 307/307/7965 283/283/7965
f 6/6/7966 286/286/7967 283/283/7968
f 322/322/7969 313/313/7969 312/312/7969
f 322/322/7970 314/314/7970 313/313/7970
f 322/322/7971 315/315/7971 314/314/7971
f 322/322/7972 316/316/7972 315/315/7972
f 322/322/7973 317/317/7973 316/316/7973
f 322/322/7974 318/318/7974 317/317/7974
f 322/322/7868 319/319/7868 318/318/7868
f 322/322/7868 320/320/7868 319/319/7868
f 324/324/7975 322/322/7976 1793/1792/7977
f 623/623/7978 1755/1754/7979 1757/1756/7980
f 619/619/7981 1754/1753/7982 1755/1754/7983
f 623/623/7984 619/619/7985 1755/1754/7986
f 621/621/7987 1757/1756/7988 1756/1755/7989
f 621/621/7990 623/623/7991 1757/1756/7992
f 618/618/7993 1756/1755/7994 1754/1753/7995
f 621/621/7996 1756/1755/7997 618/618/7998
f 619/619/7999 618/618/8000 1754/1753/8001
f 603/603/8002 1759/1758/8003 1761/1760/8004
f 599/599/8005 1758/1757/8006 1759/1758/8007
f 603/603/8008 599/599/8009 1759/1758/8010
f 601/601/8011 1761/1760/8012 1760/1759/8013
f 601/601/8014 603/603/8015 1761/1760/8016
f 598/598/8017 1760/1759/8018 1758/1757/8019
f 601/601/8020 1760/1759/8021 598/598/8022
f 599/599/8023 598/598/8024 1758/1757/8025
f 593/593/7978 1763/1762/7979 1765/1764/7980
f 589/589/7981 1762/1761/7982 1763/1762/7983
f 593/593/7984 589/589/7985 1763/1762/7986
f 591/591/7987 1765/1764/7988 1764/1763/7989
f 591/591/7990 593/593/7991 1765/1764/7992
f 588/588/7993 1764/1763/7994 1762/1761/7995
f 591/591/7996 1764/1763/7997 588/588/7998
f 589/589/7999 588/588/8000 1762/1761/8001
f 583/583/8002 1767/1766/8003 1769/1768/8004
f 579/579/8026 1766/1765/8027 1767/1766/8028
f 583/583/8029 579/579/8030 1767/1766/8031
f 581/581/8011 1769/1768/8012 1768/1767/8013
f 581/581/8014 583/583/8015 1769/1768/8016
f 578/578/7993 1768/1767/7994 1766/1765/7995
f 581/581/8020 1768/1767/8021 578/578/8022
f 579/579/8032 578/578/8033 1766/1765/8034
f 633/633/8035 1771/1770/8036 1773/1772/8037
f 629/629/8038 1770/1769/8039 1771/1770/8040
f 633/633/8041 629/629/8042 1771/1770/8043
f 631/631/8044 1773/1772/8045 1772/1771/8046
f 631/631/8047 633/633/8048 1773/1772/8049
f 628/628/8050 1772/1771/8051 1770/1769/8052
f 631/631/8053 1772/1771/8054 628/628/8055
f 629/629/8056 628/628/8057 1770/1769/8058
f 613/613/7978 1775/1774/7979 1777/1776/8059
f 609/609/8060 1774/1773/8061 1775/1774/8062
f 613/613/8041 609/609/8042 1775/1774/8043
f 611/611/8063 1777/1776/8064 1776/1775/8065
f 611/611/8066 613/613/8067 1777/1776/8068
f 608/608/8050 1776/1775/8051 1774/1773/8052
f 611/611/8069 1776/1775/8070 608/608/8071
f 609/609/8072 608/608/8073 1774/1773/8074
f 461/461/7875 418/418/7875 423/423/7875
f 980/980/8075 421/421/8075 418/418/8075
f 980/980/8076 418/418/8076 461/461/8076
f 469/469/8077 423/423/8077 425/425/8077
f 466/466/8078 461/461/8078 423/423/8078
f 469/469/8079 466/466/8079 423/423/8079
f 469/469/8080 425/425/8080 421/421/8080
f 982/982/8081 421/421/8082 980/980/8083
f 982/982/8084 996/996/8084 421/421/8084
f 457/457/8085 434/434/8085 439/439/8085
f 433/433/8086 437/437/8086 434/434/8086
f 453/453/8087 434/434/8087 457/457/8087
f 433/433/8088 434/434/8088 453/453/8088
f 445/445/8089 439/439/8089 449/449/8089
f 457/457/8090 439/439/8090 445/445/8090
f 429/429/8091 437/437/8091 433/433/8091
f 198/198/8092 437/437/8092 429/429/8092
f 198/198/8093 199/199/8093 437/437/8093
f 666/666/8094 442/442/8094 447/447/8094
f 455/455/8095 445/445/8095 442/442/8095
f 668/668/8096 455/455/8096 442/442/8096
f 666/666/8097 668/668/8097 442/442/8097
f 457/457/8098 445/445/8098 455/455/8098
f 668/668/8099 450/450/8099 455/455/8099
f 669/669/8100 453/453/8100 450/450/8100
f 668/668/8101 669/669/8101 450/450/8101
f 431/431/8102 453/453/8102 463/463/8102
f 669/669/8103 463/463/8103 453/453/8103
f 431/431/8104 433/433/8104 453/453/8104
f 669/669/8105 458/458/8105 463/463/8105
f 669/669/8106 461/461/8106 458/458/8106
f 426/426/8107 463/463/8107 465/465/8107
f 426/426/8108 431/431/8108 463/463/8108
f 466/466/8109 465/465/8109 461/461/8109
f 471/471/8110 465/465/8110 466/466/8110
f 426/426/8111 465/465/8111 471/471/8111
f 669/669/7928 980/980/7928 461/461/7928
f 288/288/8112 471/471/8112 473/473/8112
f 429/429/8113 426/426/8113 471/471/8113
f 994/994/8114 429/429/8114 471/471/8114
f 288/288/8115 994/994/8115 471/471/8115
f 908/908/8116 344/344/8116 906/906/8116
f 324/324/8117 906/906/8118 344/344/8119
f 1794/1793/8120 908/908/8120 906/906/8120
f 905/905/8121 1794/1793/8121 906/906/8121
f 907/907/8122 906/906/8123 324/324/8124
f 911/911/8125 908/908/8126 1794/1793/8127
f 911/911/8128 927/927/8129 908/908/8130
f 909/909/8131 908/908/8132 927/927/8133
f 905/905/8134 910/910/8134 1794/1793/8134
f 911/911/8135 1794/1793/8136 910/910/8137
f 1795/1794/8138 1796/1795/8138 914/914/8138
f 1793/1792/8139 914/914/8140 1796/1795/8141
f 922/922/8142 1795/1794/8142 914/914/8142
f 923/923/8143 922/922/8143 914/914/8143
f 924/924/8144 923/923/8144 914/914/8144
f 913/913/8145 924/924/8145 914/914/8145
f 915/915/8146 914/914/8147 1793/1792/8148
f 917/917/8149 916/916/8149 1796/1795/8149
f 918/918/8150 1796/1795/8151 916/916/8152
f 919/919/8153 917/917/8153 1796/1795/8153
f 1795/1794/8154 919/919/8154 1796/1795/8154
f 1534/1533/8155 1793/1792/8156 1796/1795/8157
f 918/918/8158 1534/1533/8159 1796/1795/8160
f 921/921/8161 919/919/8162 1795/1794/8163
f 920/920/8164 919/919/8165 921/921/8166
f 921/921/8167 1795/1794/8168 922/922/8169
f 921/921/8170 909/909/8171 927/927/8172
f 920/920/8173 921/921/8174 927/927/8175
f 921/921/8176 928/928/8177 909/909/8178
f 930/930/8179 1797/1796/8180 928/928/8181
f 929/929/8182 928/928/8183 1797/1796/8184
f 921/921/8185 930/930/8186 928/928/8187
f 332/332/8188 928/928/8189 929/929/8190
f 929/929/8191 1797/1796/8192 930/930/8193
f 921/921/8194 931/931/8195 930/930/8196
f 921/921/8197 933/933/8198 931/931/8199
f 944/944/8200 936/936/8201 933/933/8202
f 921/921/8203 944/944/8204 933/933/8205
f 940/940/8206 938/938/8207 936/936/8208
f 942/942/8209 940/940/8210 936/936/8211
f 944/944/8212 942/942/8213 936/936/8214
f 1790/1789/8215 148/148/8216 947/947/8217
f 147/147/8218 1790/1789/8218 946/946/8218
f 947/947/8219 946/946/8220 1790/1789/8221
f 947/947/8222 148/148/8223 948/948/8224
f 953/953/8225 950/950/8225 949/949/8225
f 954/954/8226 953/953/8226 949/949/8226
f 1791/1790/8227 956/956/8228 957/957/8229
f 957/957/8230 954/954/8231 1791/1790/8232
f 948/948/8233 955/955/8234 954/954/8235
f 979/979/8236 948/948/8237 954/954/8238
f 957/957/8239 979/979/8240 954/954/8241
f 157/157/8242 956/956/8242 1791/1790/8242
f 156/156/8243 157/157/8243 1791/1790/8243
f 965/965/8244 962/962/8245 955/955/8246
f 968/968/8247 965/965/8248 955/955/8249
f 969/969/8250 968/968/8251 955/955/8252
f 971/971/8253 969/969/8254 955/955/8255
f 974/974/8256 971/971/8257 955/955/8258
f 976/976/8259 974/974/8260 955/955/8261
f 977/977/8262 976/976/8263 955/955/8264
f 1798/1797/8265 977/977/8266 955/955/8267
f 37/37/8268 1798/1797/8269 955/955/8270
f 948/948/8271 37/37/8272 955/955/8273
f 36/36/8274 977/977/8275 1798/1797/8276
f 36/36/8277 978/978/8278 977/977/8279
f 36/36/8280 1798/1797/8281 37/37/8282
f 979/979/8283 947/947/8284 948/948/8285
f 994/994/8094 198/198/8094 429/429/8094
f 986/986/8286 667/667/8286 666/666/8286
f 988/988/8287 986/986/8287 666/666/8287
f 1346/1346/8288 1341/1341/8289 1340/1340/8290
f 1348/1348/8291 1346/1346/8292 1340/1340/8293
f 1342/1342/8294 1348/1348/8295 1340/1340/8296
f 1345/1345/8297 1343/1343/8298 1341/1341/8299
f 1346/1346/8300 1345/1345/8301 1341/1341/8302
f 1347/1347/8303 1343/1343/8304 1345/1345/8305
f 1347/1347/8306 1342/1342/8307 1343/1343/8308
f 1347/1347/8309 1348/1348/8310 1342/1342/8311
f 1506/1505/8312 1350/1350/8313 1352/1352/8314
f 1504/1503/8315 1349/1349/8316 1350/1350/8317
f 1506/1505/8318 1504/1503/8319 1350/1350/8320
f 1505/1504/8321 1352/1352/8322 1351/1351/8323
f 1505/1504/8324 1506/1505/8325 1352/1352/8326
f 1503/1502/8327 1351/1351/8328 1349/1349/8329
f 1505/1504/8330 1351/1351/8331 1503/1502/8332
f 1504/1503/8333 1503/1502/8334 1349/1349/8335
f 1512/1511/8304 1354/1354/8336 1356/1356/8337
f 1510/1509/8338 1353/1353/8339 1354/1354/8340
f 1512/1511/8341 1510/1509/8342 1354/1354/8343
f 1511/1510/8344 1356/1356/8345 1355/1355/8346
f 1511/1510/8347 1512/1511/8348 1356/1356/8349
f 1509/1508/8293 1355/1355/8350 1353/1353/8351
f 1511/1510/8352 1355/1355/8353 1509/1508/8354
f 1510/1509/8355 1509/1508/8356 1353/1353/8357
f 1067/1067/8358 261/261/8359 264/264/8360
f 1358/1358/8361 261/261/8362 1067/1067/8363
f 1066/1066/8364 264/264/8365 266/266/8366
f 1067/1067/8367 264/264/8368 1066/1066/8369
f 1066/1066/8370 266/266/8371 1064/1064/8372
f 282/282/8373 222/222/8374 246/246/8375
f 282/282/8376 246/246/8377 248/248/8378
f 1357/1357/8379 236/236/8380 234/234/8381
f 281/281/8382 234/234/8383 238/238/8384
f 281/281/8385 1357/1357/8386 234/234/8387
f 1366/1366/8388 1361/1361/8388 1360/1360/8388
f 1363/1363/8389 1366/1366/8390 1360/1360/8391
f 1366/1366/8388 1799/1798/8388 1361/1361/8388
f 332/332/8392 1361/1361/8393 1799/1798/8394
f 332/332/8395 934/934/8396 1361/1361/8397
f 1364/1364/8398 333/333/8398 1799/1798/8398
f 332/332/8399 1799/1798/8400 333/333/8401
f 1365/1365/8402 1364/1364/8402 1799/1798/8402
f 1366/1366/8403 1365/1365/8403 1799/1798/8403
f 8/8/8404 1366/1366/8405 1363/1363/8406
f 1800/1799/8407 1369/1369/8407 1368/1368/8407
f 1371/1371/8408 1800/1799/8409 1368/1368/8410
f 1373/1373/8411 210/210/8411 1369/1369/8411
f 209/209/8412 1369/1369/8413 210/210/8414
f 1374/1374/8415 1373/1373/8415 1369/1369/8415
f 1375/1375/8416 1374/1374/8416 1369/1369/8416
f 1800/1799/8417 1375/1375/8417 1369/1369/8417
f 208/208/8418 1372/1372/8419 1369/1369/8420
f 209/209/8421 208/208/8422 1369/1369/8423
f 1371/1371/8424 1375/1375/8425 1800/1799/8426
f 1371/1371/8427 1570/1569/8428 1375/1375/8429
f 36/36/8430 1375/1375/8431 1570/1569/8432
f 1783/1782/8433 1485/1485/8434 1484/1484/8435
f 1785/1784/8436 1783/1782/8437 1484/1484/8438
f 1486/1486/8439 1785/1784/8440 1484/1484/8441
f 1782/1781/8442 1487/1487/8443 1485/1485/8444
f 1783/1782/8445 1782/1781/8446 1485/1485/8447
f 1784/1783/8448 1487/1487/8449 1782/1781/8450
f 1784/1783/8451 1486/1486/8452 1487/1487/8453
f 1784/1783/8454 1785/1784/8455 1486/1486/8456
f 1779/1778/8457 1491/1491/8458 1490/1490/8459
f 1781/1780/8460 1779/1778/8461 1490/1490/8462
f 1492/1492/8463 1781/1780/8464 1490/1490/8465
f 1778/1777/8466 1493/1493/8467 1491/1491/8468
f 1779/1778/8469 1778/1777/8470 1491/1491/8471
f 1780/1779/8472 1493/1493/8473 1778/1777/8474
f 1780/1779/8475 1492/1492/8476 1493/1493/8477
f 1780/1779/8478 1781/1780/8479 1492/1492/8480
f 1787/1786/8481 1497/1496/8482 1496/1495/8483
f 1789/1788/8484 1787/1786/8485 1496/1495/8486
f 1498/1497/8487 1789/1788/8488 1496/1495/8489
f 1786/1785/8490 1499/1498/8491 1497/1496/8492
f 1787/1786/8493 1786/1785/8494 1497/1496/8495
f 1788/1787/8496 1499/1498/8497 1786/1785/8498
f 1788/1787/8499 1498/1497/8500 1499/1498/8501
f 1788/1787/8502 1789/1788/8503 1498/1497/8504
f 1534/1533/8505 324/324/8506 1793/1792/8507
f 1536/1535/8508 915/915/8509 1793/1792/8510
f 1534/1533/8511 907/907/8512 324/324/8513
f 4/4/8514 1569/1568/8515 286/286/8516
f 6/6/8517 4/4/8518 286/286/8519
f 8/8/8520 1363/1363/8521 1569/1568/8522
f 4/4/8523 8/8/8524 1569/1568/8525
f 192/192/8526 197/197/8527 1372/1372/8528
f 208/208/8529 192/192/8530 1372/1372/8531
f 332/332/8532 929/929/8533 934/934/8534
f 36/36/8535 1570/1569/8536 978/978/8537
usemtl mat3
f 1801/1800/198 1802/1801/198 1803/1802/198
f 1804/1803/4344 1803/1802/4344 1802/1801/4344
f 1805/1804/8538 1801/1800/8539 1803/1802/8540
f 1804/1803/4344 1806/1805/4344 1803/1802/4344
f 1805/1804/4344 1803/1802/4344 1806/1805/4344
f 1801/1800/198 1807/1806/198 1802/1801/198
f 1808/1807/8541 1802/1801/8542 1807/1806/8543
f 1809/1808/4344 1804/1803/4344 1802/1801/4344
f 1810/1809/8544 1809/1808/8544 1802/1801/8544
f 1811/1810/8545 1810/1809/8545 1802/1801/8545
f 1808/1807/8546 1811/1810/8547 1802/1801/8548
f 1812/1811/226 1807/1806/226 1801/1800/226
f 1813/1812/8549 1807/1806/8549 1812/1811/8549
f 1813/1812/8550 1808/1807/8550 1807/1806/8550
f 1814/1813/8551 1801/1800/8552 1805/1804/8553
f 1815/1814/226 1812/1811/226 1801/1800/226
f 1816/1815/226 1815/1814/226 1801/1800/226
f 1814/1813/226 1816/1815/226 1801/1800/226
f 1817/1816/198 1818/1817/198 1819/1818/198
f 1820/1819/4344 1819/1818/4344 1818/1817/4344
f 1821/1820/8554 1817/1816/8555 1819/1818/8556
f 1820/1819/4344 1822/1821/4344 1819/1818/4344
f 1821/1820/4344 1819/1818/4344 1822/1821/4344
f 1817/1816/198 1823/1822/198 1818/1817/198
f 1824/1823/8557 1818/1817/8558 1823/1822/8559
f 1825/1824/8560 1818/1817/8561 1824/1823/8562
f 1820/1819/4344 1818/1817/4344 1826/1825/4344
f 1825/1824/4344 1826/1825/4344 1818/1817/4344
f 1827/1826/226 1823/1822/226 1817/1816/226
f 1828/1827/8563 1823/1822/8563 1827/1826/8563
f 1828/1827/8564 1824/1823/8564 1823/1822/8564
f 1829/1828/226 1827/1826/226 1817/1816/226
f 1830/1829/226 1829/1828/226 1817/1816/226
f 1821/1820/8565 1830/1829/8566 1817/1816/8567
f 1831/1830/8568 1832/1831/8569 1833/1832/8570
f 1834/1833/8571 1833/1832/8572 1832/1831/8573
f 1835/1834/198 1831/1830/198 1833/1832/198
f 1836/1835/8574 1833/1832/8575 1834/1833/8576
f 1837/1836/198 1833/1832/198 1836/1835/198
f 1835/1834/198 1833/1832/198 1837/1836/198
f 1831/1830/8577 1838/1837/8578 1832/1831/8579
f 1834/1833/8580 1832/1831/8581 1838/1837/8582
f 1831/1830/8583 1839/1838/8584 1838/1837/8585
f 1840/1839/8586 1838/1837/8587 1839/1838/8588
f 1840/1839/8589 1841/1840/8590 1838/1837/8591
f 1842/1841/8592 1838/1837/8593 1841/1840/8594
f 1842/1841/8595 1834/1833/8596 1838/1837/8597
f 1831/1830/8598 1843/1842/8599 1839/1838/8600
f 1844/1843/8601 1839/1838/8602 1843/1842/8603
f 1845/1844/8604 1839/1838/8605 1844/1843/8606
f 1846/1845/8607 1839/1838/8608 1845/1844/8609
f 1847/1846/8610 1840/1839/8611 1839/1838/8612
f 1848/1847/8613 1847/1846/8614 1839/1838/8615
f 1849/1848/8616 1848/1847/8617 1839/1838/8618
f 1850/1849/8619 1849/1848/8620 1839/1838/8621
f 1846/1845/8622 1850/1849/8623 1839/1838/8624
f 1851/1850/8625 1852/1851/8626 1843/1842/8627
f 1853/1852/8628 1843/1842/8629 1852/1851/8630
f 1831/1830/8631 1851/1850/8632 1843/1842/8633
f 1853/1852/8634 1844/1843/8635 1843/1842/8636
f 1854/1853/8637 1855/1854/8638 1852/1851/8639
f 1856/1855/8640 1852/1851/8641 1855/1854/8642
f 1851/1850/8643 1854/1853/8644 1852/1851/8645
f 1857/1856/8646 1852/1851/8647 1856/1855/8648
f 1853/1852/8649 1852/1851/8650 1857/1856/8651
f 1858/1857/8652 1859/1858/8653 1855/1854/8654
f 1860/1859/8655 1855/1854/8656 1859/1858/8657
f 1854/1853/8658 1858/1857/8659 1855/1854/8660
f 1856/1855/8661 1855/1854/8662 1860/1859/8663
f 1858/1857/8664 1861/1860/8665 1859/1858/8666
f 1862/1861/8667 1859/1858/8668 1861/1860/8669
f 1863/1862/8670 1859/1858/8671 1862/1861/8672
f 1860/1859/8673 1859/1858/8674 1863/1862/8675
f 1864/1863/8676 1865/1864/8677 1861/1860/8678
f 1866/1865/8679 1861/1860/8680 1865/1864/8681
f 1858/1857/8682 1864/1863/8683 1861/1860/8684
f 1867/1866/8685 1861/1860/8686 1866/1865/8687
f 1862/1861/8688 1861/1860/8689 1867/1866/8690
f 1868/1867/8691 1869/1868/8692 1865/1864/8693
f 1870/1869/8694 1865/1864/8695 1869/1868/8696
f 1871/1870/8697 1868/1867/8698 1865/1864/8699
f 1864/1863/8700 1871/1870/8701 1865/1864/8702
f 1866/1865/8703 1865/1864/8704 1870/1869/8705
f 1872/1871/8706 1869/1868/8707 1868/1867/8708
f 1870/1869/8709 1869/1868/8710 1873/1872/8711
f 1874/1873/8712 1873/1872/8713 1869/1868/8714
f 1875/1874/8715 1876/1875/8716 1869/1868/8717
f 1874/1873/8718 1869/1868/8719 1876/1875/8720
f 1877/1876/8721 1875/1874/8722 1869/1868/8723
f 1872/1871/8724 1877/1876/8725 1869/1868/8726
f 1878/1877/8727 1868/1867/8728 1871/1870/8729
f 1879/1878/8730 1868/1867/8731 1878/1877/8732
f 1872/1871/8733 1868/1867/8734 1879/1878/8735
f 1880/1879/198 1871/1870/198 1864/1863/198
f 1881/1880/8736 1878/1877/8737 1871/1870/8738
f 1882/1881/198 1881/1880/198 1871/1870/198
f 1882/1881/198 1871/1870/198 1880/1879/198
f 1880/1879/198 1864/1863/198 1858/1857/198
f 1883/1882/198 1858/1857/198 1854/1853/198
f 1880/1879/198 1858/1857/198 1883/1882/198
f 1884/1883/198 1854/1853/198 1851/1850/198
f 1883/1882/198 1854/1853/198 1884/1883/198
f 1835/1834/198 1851/1850/198 1831/1830/198
f 1885/1884/198 1851/1850/198 1835/1834/198
f 1884/1883/198 1851/1850/198 1885/1884/198
f 1886/1885/8739 1887/1886/8740 1888/1887/8741
f 1853/1852/8742 1888/1887/8743 1887/1886/8744
f 1889/1888/8745 1886/1885/8746 1888/1887/8747
f 1853/1852/8748 1857/1856/8749 1888/1887/8750
f 1890/1889/8751 1888/1887/8752 1857/1856/8753
f 1891/1890/8754 1888/1887/8755 1890/1889/8756
f 1891/1890/8757 1889/1888/8758 1888/1887/8759
f 1886/1885/8760 1844/1843/8761 1887/1886/8762
f 1853/1852/8763 1887/1886/8764 1844/1843/8765
f 1886/1885/8766 1845/1844/8767 1844/1843/8768
f 1892/1891/8769 1893/1892/8770 1845/1844/8771
f 1846/1845/8772 1845/1844/8773 1893/1892/8774
f 1894/1893/8775 1892/1891/8776 1845/1844/8777
f 1886/1885/8778 1894/1893/8779 1845/1844/8780
f 1895/1894/8781 1893/1892/8782 1892/1891/8783
f 1896/1895/8784 1893/1892/8785 1895/1894/8786
f 1897/1896/8787 1893/1892/8788 1896/1895/8789
f 1848/1847/8790 1893/1892/8791 1840/1839/8792
f 1897/1896/8793 1840/1839/8794 1893/1892/8795
f 1850/1849/8796 1893/1892/8797 1848/1847/8798
f 1846/1845/8799 1893/1892/8800 1850/1849/8801
f 1898/1897/8802 1892/1891/8803 1894/1893/8804
f 1895/1894/8805 1892/1891/8806 1898/1897/8807
f 1886/1885/8808 1899/1898/8809 1894/1893/8810
f 1898/1897/8811 1894/1893/8812 1899/1898/8813
f 1886/1885/8814 1900/1899/8815 1899/1898/8816
f 1901/1900/8817 1899/1898/8818 1900/1899/8819
f 1898/1897/8820 1899/1898/8821 1901/1900/8822
f 1902/1901/8823 1903/1902/8824 1900/1899/8825
f 1904/1903/8826 1900/1899/8827 1903/1902/8828
f 1886/1885/8829 1902/1901/8830 1900/1899/8831
f 1901/1900/8832 1900/1899/8833 1904/1903/8834
f 1905/1904/8835 1906/1905/8836 1903/1902/8837
f 1904/1903/8838 1903/1902/8839 1906/1905/8840
f 1902/1901/8841 1905/1904/8842 1903/1902/8843
f 1905/1904/8844 1907/1906/8845 1906/1905/8846
f 1908/1907/8847 1906/1905/8848 1907/1906/8849
f 1904/1903/8850 1906/1905/8851 1908/1907/8852
f 1909/1908/8853 1910/1909/8854 1907/1906/8855
f 1908/1907/8856 1907/1906/8857 1910/1909/8858
f 1905/1904/8859 1909/1908/8860 1907/1906/8861
f 1870/1869/8862 1911/1910/8863 1910/1909/8864
f 1912/1911/8865 1910/1909/8866 1911/1910/8867
f 1909/1908/8868 1870/1869/8869 1910/1909/8870
f 1908/1907/8871 1910/1909/8872 1912/1911/8873
f 1870/1869/8874 1873/1872/8875 1911/1910/8876
f 1913/1912/8877 1911/1910/8878 1873/1872/8879
f 1912/1911/8880 1911/1910/8881 1913/1912/8882
f 1914/1913/8883 1913/1912/8884 1873/1872/8885
f 1915/1914/8886 1873/1872/8887 1874/1873/8888
f 1915/1914/8889 1914/1913/8890 1873/1872/8891
f 1916/1915/8892 1866/1865/8893 1870/1869/8894
f 1909/1908/8895 1916/1915/8896 1870/1869/8897
f 1917/1916/8898 1866/1865/8899 1916/1915/8900
f 1917/1916/8901 1867/1866/8902 1866/1865/8903
f 1917/1916/8904 1916/1915/8905 1909/1908/8906
f 1918/1917/8907 1909/1908/8908 1905/1904/8909
f 1919/1918/8910 1917/1916/8911 1909/1908/8912
f 1918/1917/8913 1919/1918/8914 1909/1908/8915
f 1918/1917/8916 1905/1904/8917 1902/1901/8918
f 1920/1919/8919 1902/1901/8920 1886/1885/8921
f 1918/1917/8922 1902/1901/8923 1920/1919/8924
f 1889/1888/8925 1920/1919/8926 1886/1885/8927
f 1917/1916/8928 1862/1861/8929 1867/1866/8930
f 1921/1920/8931 1863/1862/8932 1862/1861/8933
f 1917/1916/8934 1921/1920/8935 1862/1861/8936
f 1921/1920/8937 1860/1859/8938 1863/1862/8939
f 1890/1889/8940 1856/1855/8941 1860/1859/8942
f 1921/1920/8943 1890/1889/8944 1860/1859/8945
f 1890/1889/8946 1857/1856/8947 1856/1855/8948
f 1922/1921/8949 1890/1889/8950 1921/1920/8951
f 1923/1922/8952 1890/1889/8953 1922/1921/8954
f 1891/1890/8955 1890/1889/8956 1923/1922/8957
f 1924/1923/8958 1921/1920/8959 1917/1916/8960
f 1924/1923/8961 1922/1921/8962 1921/1920/8963
f 1924/1923/8964 1917/1916/8965 1919/1918/8966
f 1895/1894/8967 1925/1924/8968 1926/1925/8969
f 1927/1926/8970 1926/1925/8971 1925/1924/8972
f 1928/1927/8973 1895/1894/8974 1926/1925/8975
f 1929/1928/8976 1928/1927/8977 1926/1925/8978
f 1927/1926/8979 1929/1928/8980 1926/1925/8981
f 1895/1894/8982 1930/1929/8983 1925/1924/8984
f 1931/1930/8985 1925/1924/8986 1930/1929/8987
f 1931/1930/8988 1927/1926/8989 1925/1924/8990
f 1898/1897/8991 1932/1931/8992 1930/1929/8993
f 1933/1932/4506 1930/1929/4506 1932/1931/4506
f 1895/1894/8994 1898/1897/8995 1930/1929/8996
f 1934/1933/4506 1935/1934/4506 1930/1929/4506
f 1931/1930/8997 1930/1929/8997 1935/1934/8997
f 1936/1935/4506 1930/1929/4506 1933/1932/4506
f 1936/1935/4506 1934/1933/4506 1930/1929/4506
f 1901/1900/8998 1937/1936/8999 1932/1931/9000
f 1938/1937/4506 1932/1931/4506 1937/1936/4506
f 1898/1897/9001 1901/1900/9002 1932/1931/9003
f 1939/1938/9004 1932/1931/9004 1938/1937/9004
f 1933/1932/9005 1932/1931/9005 1939/1938/9005
f 1908/1907/9006 1940/1939/9007 1937/1936/9008
f 1941/1940/4506 1937/1936/4506 1940/1939/4506
f 1904/1903/9009 1908/1907/9010 1937/1936/9011
f 1901/1900/9012 1904/1903/9013 1937/1936/9014
f 1938/1937/4506 1937/1936/4506 1941/1940/4506
f 1942/1941/9015 1943/1942/9016 1940/1939/9017
f 1944/1943/9018 1940/1939/9018 1943/1942/9018
f 1945/1944/9019 1942/1941/9020 1940/1939/9021
f 1913/1912/9022 1945/1944/9023 1940/1939/9024
f 1912/1911/9025 1913/1912/9026 1940/1939/9027
f 1908/1907/9028 1912/1911/9029 1940/1939/9030
f 1944/1943/9004 1941/1940/9004 1940/1939/9004
f 1946/1945/9031 1943/1942/9032 1942/1941/9033
f 1947/1946/9034 1943/1942/9035 1946/1945/9036
f 1944/1943/9037 1943/1942/9037 1948/1947/9037
f 1949/1948/4506 1948/1947/4506 1943/1942/4506
f 1813/1812/4506 1943/1942/4506 1950/1949/4506
f 1947/1946/4506 1950/1949/4506 1943/1942/4506
f 1949/1948/4506 1943/1942/4506 1813/1812/4506
f 1951/1950/9038 1942/1941/9039 1945/1944/9040
f 1946/1945/9041 1942/1941/9042 1951/1950/9043
f 1913/1912/9044 1952/1951/9045 1945/1944/9046
f 1953/1952/9047 1945/1944/9048 1952/1951/9049
f 1954/1953/9050 1951/1950/9051 1945/1944/9052
f 1955/1954/9053 1954/1953/9054 1945/1944/9055
f 1956/1955/9056 1955/1954/9057 1945/1944/9058
f 1957/1956/9059 1956/1955/9060 1945/1944/9061
f 1958/1957/9062 1957/1956/9063 1945/1944/9064
f 1959/1958/9065 1958/1957/9066 1945/1944/9067
f 1953/1952/9068 1959/1958/9069 1945/1944/9070
f 1913/1912/9071 1960/1959/9072 1952/1951/9073
f 1953/1952/9074 1952/1951/9075 1960/1959/9076
f 1914/1913/9077 1960/1959/9078 1913/1912/9079
f 1914/1913/9080 1953/1952/9081 1960/1959/9082
f 1928/1927/9083 1896/1895/9084 1895/1894/9085
f 1929/1928/9086 1896/1895/9087 1928/1927/9088
f 1961/1960/9089 1896/1895/9090 1929/1928/9091
f 1842/1841/9092 1896/1895/9093 1961/1960/9094
f 1842/1841/9095 1897/1896/9096 1896/1895/9097
f 1962/1961/9098 1827/1826/9099 1829/1828/9100
f 1963/1962/9101 1827/1826/9101 1964/1963/9101
f 1965/1964/9102 1964/1963/9103 1827/1826/9104
f 1963/1962/226 1828/1827/226 1827/1826/226
f 1965/1964/9105 1827/1826/9106 1962/1961/9107
f 1830/1829/226 1966/1965/226 1829/1828/226
f 1967/1966/9108 1829/1828/9109 1966/1965/9110
f 1962/1961/9111 1829/1828/9112 1967/1966/9113
f 1963/1962/9114 1964/1963/9114 1966/1965/9114
f 1968/1967/9115 1966/1965/9116 1964/1963/9117
f 1969/1968/9118 1963/1962/9118 1966/1965/9118
f 1970/1969/9119 1969/1968/9119 1966/1965/9119
f 1971/1970/226 1970/1969/226 1966/1965/226
f 1830/1829/226 1971/1970/226 1966/1965/226
f 1967/1966/9120 1966/1965/9121 1968/1967/9122
f 1965/1964/9123 1968/1967/9124 1964/1963/9125
f 1828/1827/9126 1935/1934/9126 1824/1823/9126
f 1825/1824/9127 1824/1823/9128 1935/1934/9129
f 1931/1930/4506 1935/1934/4506 1828/1827/4506
f 1972/1971/4506 1935/1934/4506 1934/1933/4506
f 1825/1824/9130 1935/1934/9131 1972/1971/9132
f 1927/1926/9133 1828/1827/9134 1963/1962/9135
f 1931/1930/9136 1828/1827/9137 1927/1926/9138
f 1973/1972/226 1974/1973/226 1963/1962/226
f 1929/1928/9139 1963/1962/9140 1974/1973/9141
f 1969/1968/226 1973/1972/226 1963/1962/226
f 1927/1926/9142 1963/1962/9143 1929/1928/9144
f 1975/1974/9145 1976/1975/9145 1974/1973/9145
f 1977/1976/9146 1974/1973/9147 1976/1975/9148
f 1973/1972/226 1975/1974/226 1974/1973/226
f 1978/1977/9149 1929/1928/9150 1974/1973/9151
f 1977/1976/9152 1978/1977/9153 1974/1973/9154
f 1979/1978/9155 1980/1979/9155 1976/1975/9155
f 1977/1976/9156 1976/1975/9157 1980/1979/9158
f 1975/1974/226 1979/1978/226 1976/1975/226
f 1836/1835/9159 1980/1979/9160 1979/1978/9161
f 1834/1833/9162 1977/1976/9163 1980/1979/9164
f 1836/1835/9165 1834/1833/9166 1980/1979/9167
f 1836/1835/9168 1979/1978/9169 1975/1974/9170
f 1981/1980/198 1975/1974/198 1973/1972/198
f 1837/1836/9171 1836/1835/9171 1975/1974/9171
f 1982/1981/198 1837/1836/198 1975/1974/198
f 1982/1981/9172 1975/1974/9172 1981/1980/9172
f 1981/1980/9173 1973/1972/9174 1969/1968/9175
f 1983/1982/9176 1969/1968/9177 1970/1969/9178
f 1981/1980/9179 1969/1968/9180 1983/1982/9181
f 1984/1983/5 1970/1969/5 1971/1970/5
f 1985/1984/5 1970/1969/5 1984/1983/5
f 1983/1982/9182 1970/1969/9183 1985/1984/9184
f 1984/1983/9185 1971/1970/9186 1830/1829/9187
f 1821/1820/9188 1984/1983/9189 1830/1829/9190
f 1986/1985/9191 1806/1805/9192 1804/1803/9193
f 1987/1986/9194 1806/1805/9194 1988/1987/9194
f 1989/1988/9195 1988/1987/9196 1806/1805/9197
f 1990/1989/4344 1991/1990/4344 1806/1805/4344
f 1805/1804/9198 1806/1805/9198 1991/1990/9198
f 1987/1986/9199 1990/1989/9199 1806/1805/9199
f 1989/1988/9200 1806/1805/9201 1986/1985/9202
f 1992/1991/9203 1804/1803/9204 1809/1808/9205
f 1986/1985/9206 1804/1803/9207 1992/1991/9208
f 1810/1809/9209 1988/1987/9209 1809/1808/9209
f 1993/1992/9210 1809/1808/9211 1988/1987/9212
f 1992/1991/9213 1809/1808/9214 1993/1992/9215
f 1810/1809/4344 1987/1986/4344 1988/1987/4344
f 1989/1988/9216 1993/1992/9217 1988/1987/9218
f 1805/1804/9219 1991/1990/9219 1994/1993/9219
f 1995/1994/5 1994/1993/5 1991/1990/5
f 1814/1813/9220 1805/1804/9221 1994/1993/9222
f 1996/1995/5 1994/1993/5 1995/1994/5
f 1814/1813/9223 1994/1993/9224 1996/1995/9225
f 1995/1994/9183 1991/1990/9184 1990/1989/9182
f 1987/1986/9226 1997/1996/9226 1990/1989/9226
f 1998/1997/9180 1990/1989/9181 1997/1996/9179
f 1995/1994/9178 1990/1989/9176 1998/1997/9177
f 1878/1877/4344 1999/1998/4344 1997/1996/4344
f 2000/1999/9227 1997/1996/9227 1999/1998/9227
f 1879/1878/4344 1878/1877/4344 1997/1996/4344
f 2001/2000/4344 1879/1878/4344 1997/1996/4344
f 1987/1986/9228 2001/2000/9228 1997/1996/9228
f 2002/2001/198 1997/1996/198 2003/2002/198
f 2000/1999/9229 2003/2002/9229 1997/1996/9229
f 1998/1997/9175 1997/1996/9173 2002/2001/9174
f 1881/1880/9230 1999/1998/9231 1878/1877/9232
f 2000/1999/9233 1999/1998/9233 1881/1880/9233
f 1951/1950/9234 1879/1878/9235 2001/2000/9236
f 2004/2003/9237 1879/1878/9238 1951/1950/9239
f 1915/1914/9240 1879/1878/9241 2004/2003/9242
f 1915/1914/9243 1872/1871/9244 1879/1878/9245
f 1951/1950/9246 2001/2000/9247 1987/1986/9248
f 1946/1945/9249 1987/1986/9250 1810/1809/9251
f 1946/1945/9252 1951/1950/9253 1987/1986/9254
f 2005/2004/4344 2006/2005/4344 1810/1809/4344
f 1947/1946/9255 1810/1809/9256 2006/2005/9257
f 1811/1810/9258 2005/2004/9258 1810/1809/9258
f 1947/1946/9259 1946/1945/9260 1810/1809/9261
f 1950/1949/4506 2006/2005/4506 2005/2004/4506
f 1947/1946/4506 2006/2005/4506 1950/1949/4506
f 1950/1949/9262 2005/2004/9263 1811/1810/9264
f 1950/1949/9265 1811/1810/9266 1808/1807/9267
f 1961/1960/9268 1929/1928/9269 1978/1977/9270
f 1915/1914/9271 1876/1875/9272 1875/1874/9273
f 1915/1914/9274 1874/1873/9275 1876/1875/9276
f 1872/1871/9277 1875/1874/9278 1877/1876/9279
f 1915/1914/9280 1875/1874/9281 1872/1871/9282
f 1842/1841/9283 1841/1840/9284 1840/1839/9285
f 1848/1847/9286 1840/1839/9287 1847/1846/9288
f 1842/1841/9289 1840/1839/9290 1897/1896/9291
f 1850/1849/9292 1848/1847/9293 1849/1848/9294
f 2007/2006/9295 2004/2003/9296 1951/1950/9297
f 1954/1953/9298 2007/2006/9299 1951/1950/9300
f 1834/1833/9301 1978/1977/9302 1977/1976/9303
f 1842/1841/9304 1961/1960/9305 1978/1977/9306
f 1842/1841/9307 1978/1977/9308 1834/1833/9309
f 1915/1914/9310 2004/2003/9311 2007/2006/9312
f 1914/1913/9313 2007/2006/9314 1954/1953/9315
f 1915/1914/9316 2007/2006/9317 1914/1913/9318
f 1914/1913/9319 1954/1953/9320 1955/1954/9321
f 1914/1913/9322 1955/1954/9323 1956/1955/9324
f 1914/1913/9325 1956/1955/9326 1957/1956/9327
f 1914/1913/9328 1957/1956/9329 1958/1957/9330
f 1914/1913/9331 1958/1957/9332 1959/1958/9333
f 1914/1913/9334 1959/1958/9335 1953/1952/9336
f 2000/1999/198 1881/1880/198 1882/1881/198
f 2008/2007/9337 1835/1834/9338 1837/1836/9339
f 2009/2008/9340 2008/2007/9341 1837/1836/9342
f 2010/2009/9343 2009/2008/9344 1837/1836/9345
f 2011/2010/9346 2010/2009/9347 1837/1836/9348
f 2012/2011/9349 2011/2010/9350 1837/1836/9351
f 2013/2012/9352 2012/2011/9353 1837/1836/9354
f 2014/2013/9355 2013/2012/9356 1837/1836/9357
f 2015/2014/9358 2014/2013/9359 1837/1836/9360
f 2016/2015/9361 2015/2014/9362 1837/1836/9363
f 1982/1981/9364 2016/2015/9365 1837/1836/9366
f 2017/2016/9367 1885/1884/9368 1835/1834/9369
f 2018/2017/9370 2017/2016/9371 1835/1834/9372
f 2019/2018/9373 2018/2017/9374 1835/1834/9375
f 2020/2019/9376 2019/2018/9377 1835/1834/9378
f 2021/2020/9379 2020/2019/9380 1835/1834/9381
f 2008/2007/9382 2021/2020/9383 1835/1834/9384
f 2022/2021/9385 1884/1883/9386 1885/1884/9387
f 2023/2022/9388 2022/2021/9389 1885/1884/9390
f 2024/2023/9391 2023/2022/9392 1885/1884/9393
f 2025/2024/9394 2024/2023/9395 1885/1884/9396
f 2026/2025/9397 2025/2024/9398 1885/1884/9399
f 2027/2026/9400 2026/2025/9401 1885/1884/9402
f 2028/2027/9403 2027/2026/9404 1885/1884/9405
f 2017/2016/9406 2028/2027/9407 1885/1884/9408
f 2029/2028/9409 1883/1882/9410 1884/1883/9411
f 2030/2029/9412 2029/2028/9413 1884/1883/9414
f 2031/2030/9415 2030/2029/9416 1884/1883/9417
f 2032/2031/9418 2031/2030/9419 1884/1883/9420
f 2033/2032/9421 2032/2031/9422 1884/1883/9423
f 2034/2033/9424 2033/2032/9425 1884/1883/9426
f 2022/2021/9427 2034/2033/9428 1884/1883/9429
f 2035/2034/9430 1880/1879/9431 1883/1882/9432
f 2036/2035/9433 2035/2034/9434 1883/1882/9435
f 2037/2036/9436 2036/2035/9437 1883/1882/9438
f 2038/2037/9439 2037/2036/9440 1883/1882/9441
f 2039/2038/9442 2038/2037/9443 1883/1882/9444
f 2029/2028/9445 2039/2038/9446 1883/1882/9447
f 2040/2039/9448 1882/1881/9449 1880/1879/9450
f 2041/2040/9451 2040/2039/9452 1880/1879/9453
f 2042/2041/9454 2041/2040/9455 1880/1879/9456
f 2043/2042/9457 2042/2041/9458 1880/1879/9459
f 2044/2043/9460 2043/2042/9461 1880/1879/9462
f 2045/2044/9463 2044/2043/9464 1880/1879/9465
f 2046/2045/9466 2045/2044/9467 1880/1879/9468
f 2047/2046/9469 2046/2045/9470 1880/1879/9471
f 2035/2034/9472 2047/2046/9473 1880/1879/9474
f 2040/2039/9475 2048/2047/9476 1882/1881/9477
f 2000/1999/9478 1882/1881/9479 2048/2047/9480
f 2040/2039/9481 2049/2048/9482 2048/2047/9483
f 2050/2049/9484 2048/2047/9485 2049/2048/9486
f 2000/1999/9487 2048/2047/9488 2050/2049/9489
f 2040/2039/9490 2051/2050/9491 2049/2048/9492
f 2052/2051/9493 2049/2048/9494 2051/2050/9495
f 2053/2052/9496 2049/2048/9497 2052/2051/9498
f 2054/2053/9499 2049/2048/9500 2053/2052/9501
f 2054/2053/9502 2050/2049/9503 2049/2048/9504
f 2040/2039/9505 2055/2054/9506 2051/2050/9507
f 2056/2055/9508 2051/2050/9509 2055/2054/9510
f 2053/2052/9511 2052/2051/9512 2051/2050/9513
f 2057/2056/9514 2053/2052/9515 2051/2050/9516
f 2058/2057/9517 2057/2056/9518 2051/2050/9519
f 2059/2058/9520 2058/2057/9521 2051/2050/9522
f 2056/2055/9523 2059/2058/9524 2051/2050/9525
f 2060/2059/9526 2055/2054/9526 2040/2039/9526
f 2061/2060/9527 2062/2061/9528 2055/2054/9529
f 2056/2055/9530 2055/2054/9531 2062/2061/9532
f 2060/2059/9533 2061/2060/9533 2055/2054/9533
f 2042/2041/9534 2040/2039/9535 2041/2040/9536
f 2063/2062/9537 2040/2039/9537 2042/2041/9537
f 2060/2059/9538 2040/2039/9538 2063/2062/9538
f 2043/2042/9539 2064/2063/9540 2042/2041/9541
f 2065/2064/9542 2042/2041/9542 2064/2063/9542
f 2066/2065/9543 2042/2041/9543 2065/2064/9543
f 2067/2066/9544 2042/2041/9544 2066/2065/9544
f 2067/2066/9545 2063/2062/9545 2042/2041/9545
f 2043/2042/9546 2068/2067/9547 2064/2063/9548
f 2065/2064/9549 2064/2063/9550 2068/2067/9551
f 2043/2042/9552 2069/2068/9553 2068/2067/9554
f 2070/2069/9555 2068/2067/9556 2069/2068/9557
f 2066/2065/9558 2065/2064/9559 2068/2067/9560
f 2070/2069/9561 2066/2065/9562 2068/2067/9563
f 2071/2070/4506 2069/2068/4506 2043/2042/4506
f 2072/2071/9564 2070/2069/9565 2069/2068/9566
f 2073/2072/9567 2072/2071/9568 2069/2068/9569
f 2071/2070/4506 2073/2072/4506 2069/2068/4506
f 2045/2044/9570 2043/2042/9570 2044/2043/9570
f 2074/2073/9571 2043/2042/9571 2045/2044/9571
f 2071/2070/9572 2043/2042/9572 2074/2073/9572
f 2075/2074/5 2045/2044/5 2046/2045/5
f 2076/2075/5 2045/2044/5 2075/2074/5
f 2074/2073/5 2045/2044/5 2076/2075/5
f 2075/2074/9573 2046/2045/9574 2047/2046/9575
f 2035/2034/9576 2077/2076/9577 2047/2046/9578
f 2078/2077/9579 2047/2046/9580 2077/2076/9581
f 2076/2075/9582 2075/2074/9583 2047/2046/9584
f 2078/2077/9585 2076/2075/9586 2047/2046/9587
f 2079/2078/9588 2077/2076/9588 2035/2034/9588
f 2080/2079/9589 2081/2080/9590 2077/2076/9591
f 2078/2077/9592 2077/2076/9593 2081/2080/9594
f 2079/2078/9595 2080/2079/9595 2077/2076/9595
f 2037/2036/9596 2035/2034/9597 2036/2035/9598
f 2082/2081/9599 2035/2034/9599 2037/2036/9599
f 2079/2078/9600 2035/2034/9600 2082/2081/9600
f 2083/2082/9601 2037/2036/9601 2038/2037/9601
f 2084/2083/9602 2037/2036/9602 2083/2082/9602
f 2085/2084/9603 2037/2036/9603 2084/2083/9603
f 2082/2081/9604 2037/2036/9604 2085/2084/9604
f 2083/2082/9605 2038/2037/9606 2039/2038/9607
f 2029/2028/9608 2086/2085/9609 2039/2038/9610
f 2087/2086/9611 2039/2038/9612 2086/2085/9613
f 2084/2083/9614 2083/2082/9615 2039/2038/9616
f 2087/2086/9617 2084/2083/9618 2039/2038/9619
f 2088/2087/9620 2086/2085/9620 2029/2028/9620
f 2089/2088/9621 2090/2089/9622 2086/2085/9623
f 2087/2086/9624 2086/2085/9625 2090/2089/9626
f 2088/2087/9627 2089/2088/9627 2086/2085/9627
f 2031/2030/9628 2029/2028/9629 2030/2029/9630
f 2091/2090/9631 2029/2028/9631 2031/2030/9631
f 2088/2087/9632 2029/2028/9632 2091/2090/9632
f 2092/2091/9633 2031/2030/9633 2032/2031/9633
f 2093/2092/9634 2031/2030/9634 2092/2091/9634
f 2094/2093/9635 2031/2030/9635 2093/2092/9635
f 2094/2093/9636 2091/2090/9636 2031/2030/9636
f 2092/2091/9637 2032/2031/9638 2033/2032/9639
f 2034/2033/9640 2095/2094/9641 2033/2032/9642
f 2096/2095/9643 2033/2032/9644 2095/2094/9645
f 2093/2092/9646 2092/2091/9647 2033/2032/9648
f 2096/2095/9649 2093/2092/9650 2033/2032/9651
f 2097/2096/4344 2095/2094/4344 2034/2033/4344
f 2098/2097/9652 2096/2095/9653 2095/2094/9654
f 2099/2098/9655 2098/2097/9656 2095/2094/9657
f 2097/2096/4344 2099/2098/4344 2095/2094/4344
f 2023/2022/9658 2034/2033/9659 2022/2021/9660
f 2100/2099/9661 2034/2033/9661 2023/2022/9661
f 2097/2096/9661 2034/2033/9661 2100/2099/9661
f 2024/2023/9662 2101/2100/9663 2023/2022/9664
f 2102/2101/226 2023/2022/226 2101/2100/226
f 2103/2102/226 2023/2022/226 2102/2101/226
f 2100/2099/226 2023/2022/226 2103/2102/226
f 2024/2023/9665 2104/2103/9666 2101/2100/9667
f 2102/2101/9668 2101/2100/9669 2104/2103/9670
f 2024/2023/9671 2105/2104/9672 2104/2103/9673
f 2106/2105/9674 2104/2103/9675 2105/2104/9676
f 2103/2102/9677 2102/2101/9678 2104/2103/9679
f 2106/2105/9680 2103/2102/9681 2104/2103/9682
f 2107/2106/9683 2105/2104/9683 2024/2023/9683
f 2108/2107/9684 2109/2108/9685 2105/2104/9686
f 2106/2105/9687 2105/2104/9688 2109/2108/9689
f 2107/2106/9690 2108/2107/9690 2105/2104/9690
f 2026/2025/9691 2024/2023/9692 2025/2024/9692
f 2110/2109/9693 2024/2023/9693 2026/2025/9693
f 2107/2106/9694 2024/2023/9694 2110/2109/9694
f 2111/2110/9695 2026/2025/9695 2027/2026/9695
f 2112/2111/9696 2026/2025/9696 2111/2110/9696
f 2113/2112/9697 2026/2025/9697 2112/2111/9697
f 2110/2109/9698 2026/2025/9698 2113/2112/9698
f 2111/2110/9699 2027/2026/9700 2028/2027/9701
f 2017/2016/9702 2114/2113/9703 2028/2027/9704
f 2115/2114/9705 2028/2027/9706 2114/2113/9707
f 2112/2111/9708 2111/2110/9709 2028/2027/9710
f 2115/2114/9711 2112/2111/9712 2028/2027/9713
f 2116/2115/9714 2114/2113/9714 2017/2016/9714
f 2117/2116/9715 2118/2117/9716 2114/2113/9717
f 2115/2114/9718 2114/2113/9719 2118/2117/9720
f 2116/2115/9721 2117/2116/9721 2114/2113/9721
f 2019/2018/9722 2017/2016/9723 2018/2017/9722
f 2119/2118/9724 2017/2016/9724 2019/2018/9724
f 2116/2115/9725 2017/2016/9725 2119/2118/9725
f 2120/2119/9726 2019/2018/9726 2020/2019/9726
f 2121/2120/9727 2019/2018/9727 2120/2119/9727
f 2122/2121/9728 2019/2018/9728 2121/2120/9728
f 2122/2121/9729 2119/2118/9729 2019/2018/9729
f 2120/2119/9730 2020/2019/9731 2021/2020/9732
f 2008/2007/9733 2123/2122/9734 2021/2020/9735
f 2124/2123/9736 2021/2020/9737 2123/2122/9738
f 2121/2120/9739 2120/2119/9740 2021/2020/9741
f 2124/2123/9742 2121/2120/9743 2021/2020/9744
f 2125/2124/5 2123/2122/5 2008/2007/5
f 2126/2125/9745 2124/2123/9746 2123/2122/9747
f 2127/2126/9748 2126/2125/9749 2123/2122/9750
f 2125/2124/5 2127/2126/5 2123/2122/5
f 2010/2009/9751 2008/2007/9751 2009/2008/9751
f 2128/2127/9752 2008/2007/9752 2010/2009/9752
f 2125/2124/9753 2008/2007/9753 2128/2127/9753
f 2011/2010/9754 2129/2128/9755 2010/2009/9756
f 2130/2129/4506 2010/2009/4506 2129/2128/4506
f 2131/2130/4506 2010/2009/4506 2130/2129/4506
f 2128/2127/4506 2010/2009/4506 2131/2130/4506
f 2011/2010/9757 2132/2131/9758 2129/2128/9759
f 2130/2129/9760 2129/2128/9761 2132/2131/9762
f 2011/2010/9763 2133/2132/9764 2132/2131/9765
f 2134/2133/9766 2132/2131/9767 2133/2132/9768
f 2131/2130/9769 2130/2129/9770 2132/2131/9771
f 2134/2133/9772 2131/2130/9773 2132/2131/9774
f 2135/2134/9775 2133/2132/9775 2011/2010/9775
f 2136/2135/9776 2137/2136/9777 2133/2132/9778
f 2134/2133/9779 2133/2132/9780 2137/2136/9781
f 2135/2134/9782 2136/2135/9782 2133/2132/9782
f 2013/2012/9783 2011/2010/9784 2012/2011/9784
f 2138/2137/9785 2011/2010/9785 2013/2012/9785
f 2135/2134/9786 2011/2010/9786 2138/2137/9786
f 2139/2138/9787 2013/2012/9787 2014/2013/9787
f 2140/2139/9788 2013/2012/9788 2139/2138/9788
f 2141/2140/9789 2013/2012/9789 2140/2139/9789
f 2141/2140/9790 2138/2137/9790 2013/2012/9790
f 2139/2138/9791 2014/2013/9792 2015/2014/9793
f 2016/2015/9794 2142/2141/9795 2015/2014/9796
f 2143/2142/9797 2015/2014/9798 2142/2141/9799
f 2140/2139/9800 2139/2138/9801 2015/2014/9802
f 2144/2143/9803 2140/2139/9804 2015/2014/9805
f 2143/2142/9806 2144/2143/9807 2015/2014/9808
f 1982/1981/9809 2142/2141/9810 2016/2015/9811
f 2145/2144/9812 2143/2142/9813 2142/2141/9814
f 2146/2145/9815 2145/2144/9816 2142/2141/9817
f 2147/2146/9818 2146/2145/9819 2142/2141/9820
f 2148/2147/9821 2147/2146/9822 2142/2141/9823
f 2149/2148/9824 2148/2147/9825 2142/2141/9826
f 2150/2149/9827 2149/2148/9828 2142/2141/9829
f 2151/2150/9830 2150/2149/9831 2142/2141/9832
f 1982/1981/9833 2151/2150/9834 2142/2141/9835
f 1944/1943/9836 2152/2151/9837 1941/1940/9838
f 1938/1937/198 1941/1940/198 2152/2151/198
f 2153/2152/9839 2152/2151/9839 2154/2153/9839
f 2155/2154/9840 2154/2153/9841 2152/2151/9842
f 2156/2155/5 2152/2151/5 2153/2152/5
f 2157/2156/9843 2155/2154/9844 2152/2151/9845
f 1944/1943/9846 2157/2156/9847 2152/2151/9848
f 2156/2155/198 1938/1937/198 2152/2151/198
f 2158/2157/9849 2153/2152/9850 2154/2153/9851
f 2155/2154/9852 2158/2157/9853 2154/2153/9854
f 2156/2155/4344 2153/2152/4344 2158/2157/4344
f 2159/2158/4506 2158/2157/4506 2155/2154/4506
f 2156/2155/4344 2158/2157/4344 2159/2158/4344
f 2159/2158/9855 2155/2154/9855 2157/2156/9855
f 1944/1943/9856 2160/2159/9857 2157/2156/9858
f 2159/2158/198 2157/2156/198 2160/2159/198
f 2161/2160/9859 2160/2159/9859 2162/2161/9859
f 2163/2162/9860 2162/2161/9861 2160/2159/9862
f 2164/2163/5 2160/2159/5 2161/2160/5
f 2165/2164/9863 2163/2162/9864 2160/2159/9865
f 1944/1943/9866 2165/2164/9867 2160/2159/9868
f 2164/2163/198 2166/2165/198 2160/2159/198
f 2167/2166/198 2160/2159/198 2166/2165/198
f 2167/2166/198 2159/2158/198 2160/2159/198
f 2168/2167/9869 2161/2160/9870 2162/2161/9871
f 2163/2162/9872 2168/2167/9873 2162/2161/9874
f 2164/2163/4344 2161/2160/4344 2168/2167/4344
f 2169/2168/9875 2168/2167/9876 2163/2162/9877
f 2170/2169/4344 2168/2167/4344 2169/2168/4344
f 2164/2163/4344 2168/2167/4344 2170/2169/4344
f 2171/2170/9878 2163/2162/9879 2165/2164/9880
f 2172/2171/9881 2169/2168/9882 2163/2162/9883
f 2171/2170/9884 2172/2171/9885 2163/2162/9886
f 1944/1943/9887 2173/2172/9888 2165/2164/9889
f 2174/2173/9890 2165/2164/9891 2173/2172/9892
f 2175/2174/9893 2171/2170/9894 2165/2164/9895
f 2174/2173/9896 2175/2174/9897 2165/2164/9898
f 2176/2175/9899 2177/2176/9900 2173/2172/9901
f 2174/2173/9902 2173/2172/9903 2177/2176/9904
f 2178/2177/9905 2176/2175/9906 2173/2172/9907
f 1948/1947/9908 2178/2177/9909 2173/2172/9910
f 1944/1943/9911 1948/1947/9912 2173/2172/9913
f 2179/2178/9914 2177/2176/9915 2176/2175/9916
f 2180/2179/9917 2059/2058/9918 2177/2176/9919
f 2181/2180/9920 2177/2176/9921 2059/2058/9922
f 2180/2179/9923 2177/2176/9924 2179/2178/9925
f 2181/2180/9926 2174/2173/9927 2177/2176/9928
f 2179/2178/9929 2176/2175/9930 2178/2177/9931
f 1949/1948/9932 2178/2177/9933 1948/1947/9934
f 2179/2178/9935 2178/2177/9936 1949/1948/9937
f 2182/2181/9938 2183/2182/9939 2184/2183/9940
f 2185/2184/5 2184/2183/5 2183/2182/5
f 2186/2185/9941 2182/2181/9942 2184/2183/9943
f 2187/2186/226 2186/2185/226 2184/2183/226
f 2187/2186/226 2184/2183/226 2185/2184/226
f 2182/2181/9944 2188/2187/9945 2183/2182/9946
f 2185/2184/9947 2183/2182/9947 2188/2187/9947
f 2189/2188/9948 2166/2165/9949 2188/2187/9950
f 2185/2184/198 2188/2187/198 2166/2165/198
f 2182/2181/9951 2189/2188/9952 2188/2187/9953
f 2190/2189/9954 2166/2165/9954 2191/2190/9954
f 2192/2191/9955 2191/2190/9956 2166/2165/9957
f 2167/2166/4506 2166/2165/4506 2190/2189/4506
f 2193/2192/9957 2192/2191/9958 2166/2165/9959
f 2189/2188/9960 2193/2192/9961 2166/2165/9962
f 2185/2184/198 2166/2165/198 2164/2163/198
f 2194/2193/9963 2190/2189/9964 2191/2190/9965
f 2192/2191/9966 2194/2193/9967 2191/2190/9968
f 2167/2166/226 2190/2189/226 2194/2193/226
f 2195/2194/5 2194/2193/5 2192/2191/5
f 2167/2166/226 2194/2193/226 2195/2194/226
f 2195/2194/9969 2192/2191/9969 2193/2192/9969
f 2189/2188/9970 1938/1937/9971 2193/2192/9972
f 2195/2194/198 2193/2192/198 1938/1937/198
f 2189/2188/9973 1939/1938/9974 1938/1937/9975
f 2195/2194/198 1938/1937/198 2156/2155/198
f 2196/2195/9976 1933/1932/9977 1939/1938/9978
f 2197/2196/9979 2196/2195/9980 1939/1938/9981
f 2189/2188/9982 2197/2196/9983 1939/1938/9984
f 2198/2197/9985 1933/1932/9986 2196/2195/9987
f 2198/2197/9988 1936/1935/9989 1933/1932/9990
f 2197/2196/9991 2199/2198/9992 2196/2195/9993
f 2200/2199/9994 2196/2195/9995 2199/2198/9996
f 2200/2199/9997 2198/2197/9998 2196/2195/9999
f 2197/2196/10000 2201/2200/10001 2199/2198/10002
f 2200/2199/10003 2199/2198/10004 2201/2200/10005
f 2202/2201/10006 2201/2200/10007 2197/2196/10008
f 2145/2144/10009 2201/2200/10010 2143/2142/10011
f 2202/2201/10012 2143/2142/10013 2201/2200/10014
f 2146/2145/10015 2201/2200/10016 2145/2144/10017
f 2200/2199/10018 2201/2200/10019 2146/2145/10020
f 2203/2202/10021 2197/2196/10022 2189/2188/10023
f 2202/2201/10024 2197/2196/10025 2204/2203/10026
f 2203/2202/10027 2204/2203/10028 2197/2196/10029
f 2205/2204/10030 2189/2188/10031 2182/2181/10032
f 2205/2204/10033 2203/2202/10034 2189/2188/10035
f 2206/2205/10036 2182/2181/10037 2186/2185/10038
f 2206/2205/10039 2205/2204/10040 2182/2181/10041
f 2206/2205/10042 2186/2185/10043 2207/2206/10044
f 2187/2186/226 2207/2206/226 2186/2185/226
f 1825/1824/10045 2208/2207/10045 1826/1825/10045
f 1962/1961/10046 1826/1825/10047 2208/2207/10048
f 1967/1966/10049 1820/1819/10050 1826/1825/10051
f 1962/1961/10052 1967/1966/10053 1826/1825/10054
f 2209/2208/10055 1822/1821/10055 2208/2207/10055
f 1965/1964/10056 2208/2207/10057 1822/1821/10058
f 1825/1824/4344 2209/2208/4344 2208/2207/4344
f 1965/1964/10059 1962/1961/10060 2208/2207/10061
f 1968/1967/10062 1822/1821/10063 1820/1819/10064
f 1983/1982/4344 1985/1984/4344 1822/1821/4344
f 1821/1820/10065 1822/1821/10065 1985/1984/10065
f 2209/2208/4344 1983/1982/4344 1822/1821/4344
f 1965/1964/10066 1822/1821/10067 1968/1967/10068
f 1967/1966/10069 1968/1967/10070 1820/1819/10071
f 1821/1820/4344 1985/1984/4344 1984/1983/4344
f 2209/2208/10072 1981/1980/10072 1983/1982/10072
f 2210/2209/4344 2211/2210/4344 1981/1980/4344
f 1982/1981/10073 1981/1980/10073 2211/2210/10073
f 2212/2211/4344 2210/2209/4344 1981/1980/4344
f 2213/2212/4344 2212/2211/4344 1981/1980/4344
f 2209/2208/4344 2213/2212/4344 1981/1980/4344
f 2151/2150/10074 2211/2210/10075 2210/2209/10076
f 1982/1981/10077 2211/2210/10078 2151/2150/10079
f 2151/2150/10080 2210/2209/10081 2212/2211/10082
f 2198/2197/10083 2212/2211/10084 2213/2212/10085
f 2214/2213/10086 2212/2211/10087 2198/2197/10088
f 2215/2214/10089 2212/2211/10090 2214/2213/10091
f 2215/2214/10092 2151/2150/10093 2212/2211/10094
f 2198/2197/10095 2213/2212/10096 2209/2208/10097
f 1972/1971/4344 1934/1933/4344 2209/2208/4344
f 1936/1935/10098 2209/2208/10099 1934/1933/10100
f 1825/1824/4344 1972/1971/4344 2209/2208/4344
f 2198/2197/10101 2209/2208/10102 1936/1935/10103
f 1993/1992/10104 1812/1811/10105 1815/1814/10106
f 1813/1812/10107 1812/1811/10107 2216/2215/10107
f 1989/1988/10108 2216/2215/10109 1812/1811/10110
f 1989/1988/10111 1812/1811/10112 1993/1992/10113
f 1992/1991/10114 1815/1814/10115 1816/1815/10116
f 1992/1991/10117 1993/1992/10118 1815/1814/10119
f 1995/1994/10120 2216/2215/10120 1816/1815/10120
f 1986/1985/10121 1816/1815/10122 2216/2215/10123
f 1996/1995/226 1995/1994/226 1816/1815/226
f 1814/1813/10124 1996/1995/10124 1816/1815/10124
f 1986/1985/10125 1992/1991/10126 1816/1815/10127
f 1998/1997/226 1813/1812/226 2216/2215/226
f 1995/1994/226 1998/1997/226 2216/2215/226
f 1989/1988/10128 1986/1985/10129 2216/2215/10130
f 1813/1812/10131 1950/1949/10131 1808/1807/10131
f 2002/2001/226 2217/2216/226 1813/1812/226
f 2179/2178/10132 1813/1812/10133 2217/2216/10134
f 1998/1997/226 2002/2001/226 1813/1812/226
f 2179/2178/10135 1949/1948/10136 1813/1812/10137
f 2003/2002/10138 2218/2217/10138 2217/2216/10138
f 2219/2218/10139 2217/2216/10140 2218/2217/10141
f 2002/2001/226 2003/2002/226 2217/2216/226
f 2220/2219/10142 2179/2178/10143 2217/2216/10144
f 2219/2218/10145 2220/2219/10146 2217/2216/10147
f 2221/2220/10148 2222/2221/10148 2218/2217/10148
f 2219/2218/10149 2218/2217/10150 2222/2221/10151
f 2003/2002/226 2221/2220/226 2218/2217/226
f 2050/2049/10152 2222/2221/10153 2221/2220/10154
f 2050/2049/10155 2219/2218/10156 2222/2221/10157
f 2000/1999/10158 2221/2220/10159 2003/2002/10160
f 2000/1999/10161 2050/2049/10162 2221/2220/10163
f 2200/2199/10164 2223/2222/10165 2198/2197/10166
f 2214/2213/10167 2198/2197/10168 2223/2222/10169
f 2107/2106/10170 2109/2108/10170 2108/2107/10170
f 2107/2106/10171 2106/2105/10172 2109/2108/10173
f 2224/2223/10174 2103/2102/10175 2106/2105/10176
f 2225/2224/226 2103/2102/226 2224/2223/226
f 2226/2225/226 2100/2099/226 2103/2102/226
f 2225/2224/226 2226/2225/226 2103/2102/226
f 2107/2106/10177 2227/2226/10178 2106/2105/10179
f 2224/2223/10180 2106/2105/10181 2227/2226/10182
f 2122/2121/10183 2121/2120/10184 2124/2123/10185
f 2228/2227/10186 2124/2123/10187 2126/2125/10188
f 2229/2228/10189 2124/2123/10190 2228/2227/10191
f 2119/2118/10192 2124/2123/10193 2229/2228/10194
f 2122/2121/10195 2124/2123/10196 2119/2118/10197
f 2125/2124/5 2126/2125/5 2127/2126/5
f 2230/2229/10198 2228/2227/10199 2126/2125/10200
f 2231/2230/5 2230/2229/5 2126/2125/5
f 2232/2231/5 2231/2230/5 2126/2125/5
f 2233/2232/5 2232/2231/5 2126/2125/5
f 2125/2124/5 2233/2232/5 2126/2125/5
f 2116/2115/10201 2118/2117/10201 2117/2116/10201
f 2229/2228/10202 2115/2114/10203 2118/2117/10204
f 2116/2115/10205 2229/2228/10206 2118/2117/10207
f 2113/2112/10208 2112/2111/10209 2115/2114/10210
f 2227/2226/10211 2115/2114/10212 2229/2228/10213
f 2110/2109/10214 2115/2114/10215 2227/2226/10216
f 2110/2109/10217 2113/2112/10218 2115/2114/10219
f 2141/2140/10220 2140/2139/10221 2144/2143/10222
f 2143/2142/10223 2204/2203/10224 2144/2143/10225
f 2203/2202/10226 2144/2143/10227 2204/2203/10228
f 2205/2204/10229 2144/2143/10230 2203/2202/10231
f 2138/2137/10232 2144/2143/10233 2205/2204/10234
f 2141/2140/10235 2144/2143/10236 2138/2137/10237
f 2202/2201/10238 2204/2203/10239 2143/2142/10240
f 2200/2199/10241 2146/2145/10242 2147/2146/10243
f 2200/2199/10244 2147/2146/10245 2148/2147/10246
f 2215/2214/10247 2148/2147/10248 2149/2148/10249
f 2215/2214/10250 2200/2199/10251 2148/2147/10252
f 2151/2150/10253 2149/2148/10254 2150/2149/10255
f 2215/2214/10256 2149/2148/10257 2151/2150/10258
f 2135/2134/10259 2137/2136/10259 2136/2135/10259
f 2135/2134/10260 2134/2133/10261 2137/2136/10262
f 2234/2233/10263 2131/2130/10264 2134/2133/10265
f 2235/2234/4506 2131/2130/4506 2234/2233/4506
f 2236/2235/4506 2128/2127/4506 2131/2130/4506
f 2235/2234/4506 2236/2235/4506 2131/2130/4506
f 2135/2134/10266 2237/2236/10267 2134/2133/10268
f 2234/2233/10269 2134/2133/10270 2237/2236/10271
f 2067/2066/10272 2066/2065/10273 2070/2069/10274
f 2238/2237/10275 2070/2069/10276 2072/2071/10277
f 2239/2238/10278 2070/2069/10279 2238/2237/10280
f 2063/2062/10281 2070/2069/10282 2239/2238/10283
f 2067/2066/10284 2070/2069/10285 2063/2062/10286
f 2071/2070/4506 2072/2071/4506 2073/2072/4506
f 2240/2239/10287 2238/2237/10288 2072/2071/10289
f 2241/2240/4506 2240/2239/4506 2072/2071/4506
f 2242/2241/4506 2241/2240/4506 2072/2071/4506
f 2243/2242/4506 2242/2241/4506 2072/2071/4506
f 2071/2070/4506 2243/2242/4506 2072/2071/4506
f 2060/2059/10290 2062/2061/10290 2061/2060/10290
f 2060/2059/10291 2056/2055/10292 2062/2061/10293
f 2244/2243/10294 2053/2052/10295 2057/2056/10296
f 2054/2053/10297 2053/2052/10298 2244/2243/10299
f 2058/2057/10300 2244/2243/10301 2057/2056/10302
f 2054/2053/10303 2244/2243/10304 2058/2057/10305
f 2245/2244/10306 2058/2057/10307 2059/2058/10308
f 2246/2245/10309 2058/2057/10310 2245/2244/10311
f 2220/2219/10312 2058/2057/10313 2246/2245/10314
f 2054/2053/10315 2058/2057/10316 2220/2219/10317
f 2174/2173/10318 2059/2058/10319 2056/2055/10320
f 2247/2246/10321 2059/2058/10322 2180/2179/10323
f 2248/2247/10324 2059/2058/10325 2247/2246/10326
f 2249/2248/10327 2059/2058/10328 2248/2247/10329
f 2250/2249/10330 2059/2058/10331 2249/2248/10332
f 2245/2244/10333 2059/2058/10334 2250/2249/10335
f 2181/2180/10336 2059/2058/10337 2174/2173/10338
f 2174/2173/10339 2056/2055/10340 2175/2174/10341
f 2060/2059/10342 2175/2174/10343 2056/2055/10344
f 2079/2078/10345 2081/2080/10345 2080/2079/10345
f 2079/2078/10346 2078/2077/10347 2081/2080/10348
f 2251/2250/10349 2076/2075/10350 2078/2077/10351
f 2252/2251/5 2076/2075/5 2251/2250/5
f 2253/2252/5 2074/2073/5 2076/2075/5
f 2252/2251/5 2253/2252/5 2076/2075/5
f 2079/2078/10352 2254/2253/10353 2078/2077/10354
f 2251/2250/10355 2078/2077/10356 2254/2253/10357
f 2094/2093/10358 2093/2092/10359 2096/2095/10360
f 2255/2254/10361 2096/2095/10362 2098/2097/10363
f 2256/2255/10364 2096/2095/10365 2255/2254/10366
f 2091/2090/10367 2096/2095/10368 2256/2255/10369
f 2094/2093/10370 2096/2095/10371 2091/2090/10372
f 2097/2096/4344 2098/2097/4344 2099/2098/4344
f 2257/2256/10373 2255/2254/10374 2098/2097/10375
f 2258/2257/4344 2257/2256/4344 2098/2097/4344
f 2259/2258/4344 2258/2257/4344 2098/2097/4344
f 2260/2259/4344 2259/2258/4344 2098/2097/4344
f 2097/2096/4344 2260/2259/4344 2098/2097/4344
f 2088/2087/10376 2090/2089/10376 2089/2088/10376
f 2088/2087/10377 2087/2086/10378 2090/2089/10379
f 2085/2084/10380 2084/2083/10381 2087/2086/10382
f 2088/2087/10383 2256/2255/10384 2087/2086/10385
f 2082/2081/10386 2087/2086/10387 2256/2255/10388
f 2082/2081/10389 2085/2084/10390 2087/2086/10391
f 2247/2246/10392 2180/2179/10393 2179/2178/10394
f 2248/2247/10395 2247/2246/10396 2179/2178/10397
f 2249/2248/10398 2248/2247/10399 2179/2178/10400
f 2250/2249/10401 2249/2248/10402 2179/2178/10403
f 2245/2244/10404 2250/2249/10405 2179/2178/10406
f 2246/2245/10407 2245/2244/10408 2179/2178/10409
f 2220/2219/10410 2246/2245/10411 2179/2178/10412
f 2215/2214/10413 2223/2222/10414 2200/2199/10415
f 2215/2214/10416 2214/2213/10417 2223/2222/10418
f 2050/2049/10419 2220/2219/10420 2219/2218/10421
f 2054/2053/10422 2220/2219/10423 2050/2049/10424
f 2206/2205/10425 2207/2206/10426 2261/2260/10427
f 2262/2261/226 2261/2260/226 2207/2206/226
f 2263/2262/10428 2206/2205/10429 2261/2260/10430
f 2264/2263/226 2261/2260/226 2265/2264/226
f 2262/2261/226 2265/2264/226 2261/2260/226
f 2263/2262/10431 2261/2260/10432 2266/2265/10433
f 2264/2263/10434 2266/2265/10435 2261/2260/10436
f 2262/2261/226 2207/2206/226 2187/2186/226
f 2237/2236/10437 2205/2204/10438 2206/2205/10439
f 2138/2137/10440 2205/2204/10441 2237/2236/10442
f 2237/2236/10443 2206/2205/10444 2263/2262/10445
f 2267/2266/4344 2169/2168/4344 2172/2171/4344
f 2267/2266/4344 2170/2169/4344 2169/2168/4344
f 2268/2267/10446 2172/2171/10447 2171/2170/10448
f 2267/2266/4344 2172/2171/4344 2268/2267/4344
f 2060/2059/10449 2171/2170/10450 2175/2174/10451
f 2269/2268/10452 2171/2170/10453 2239/2238/10454
f 2060/2059/10455 2239/2238/10456 2171/2170/10457
f 2268/2267/10458 2171/2170/10459 2269/2268/10460
f 2270/2269/10461 2271/2270/10462 2272/2271/10463
f 2273/2272/1167 2272/2271/1167 2271/2270/1167
f 2274/2273/10464 2270/2269/10465 2272/2271/10466
f 2275/2274/10467 2274/2273/10468 2272/2271/10469
f 2276/2275/1167 2275/2274/1167 2272/2271/1167
f 2273/2272/1167 2276/2275/1167 2272/2271/1167
f 2277/2276/10470 2278/2277/10471 2271/2270/10472
f 2279/2278/1167 2271/2270/1167 2278/2277/1167
f 2270/2269/10473 2277/2276/10474 2271/2270/10475
f 2279/2278/1167 2273/2272/1167 2271/2270/1167
f 2280/2279/10476 2278/2277/10477 2277/2276/10478
f 2280/2279/10479 2275/2274/10480 2278/2277/10481
f 2281/2280/1167 2278/2277/1167 2275/2274/1167
f 2279/2278/1167 2278/2277/1167 2281/2280/1167
f 2282/2281/198 2277/2276/198 2270/2269/198
f 2283/2282/198 2280/2279/198 2277/2276/198
f 2283/2282/198 2277/2276/198 2282/2281/198
f 2284/2283/198 2270/2269/198 2274/2273/198
f 2284/2283/198 2282/2281/198 2270/2269/198
f 2280/2279/10482 2274/2273/10483 2275/2274/10484
f 2285/2284/198 2274/2273/198 2280/2279/198
f 2284/2283/198 2274/2273/198 2285/2284/198
f 2276/2275/1167 2281/2280/1167 2275/2274/1167
f 2285/2284/198 2280/2279/198 2283/2282/198
f 2282/2281/10485 2286/2285/10486 2287/2286/10487
f 2267/2266/10488 2287/2286/10489 2286/2285/10490
f 2239/2238/10491 2282/2281/10492 2287/2286/10493
f 2269/2268/10494 2239/2238/10495 2287/2286/10496
f 2267/2266/4344 2269/2268/4344 2287/2286/4344
f 2282/2281/10497 2288/2287/10498 2286/2285/10499
f 2289/2288/10500 2286/2285/10501 2288/2287/10502
f 2289/2288/10503 2170/2169/10504 2286/2285/10505
f 2267/2266/10506 2286/2285/10507 2170/2169/10508
f 2284/2283/10509 2288/2287/10510 2282/2281/10511
f 2284/2283/10512 2290/2289/10513 2288/2287/10514
f 2289/2288/10515 2288/2287/10516 2290/2289/10517
f 2291/2290/10518 2283/2282/10519 2282/2281/10520
f 2292/2291/10521 2291/2290/10522 2282/2281/10523
f 2238/2237/10524 2292/2291/10525 2282/2281/10526
f 2239/2238/10527 2238/2237/10528 2282/2281/10529
f 2293/2292/10530 2285/2284/10531 2283/2282/10532
f 2294/2293/10533 2293/2292/10534 2283/2282/10535
f 2295/2294/10536 2294/2293/10537 2283/2282/10538
f 2255/2254/10539 2295/2294/10540 2283/2282/10541
f 2256/2255/10542 2255/2254/10543 2283/2282/10544
f 2296/2295/10545 2256/2255/10546 2283/2282/10547
f 2291/2290/10548 2296/2295/10549 2283/2282/10550
f 2297/2296/10551 2285/2284/10552 2293/2292/10553
f 2298/2297/10554 2299/2298/10555 2285/2284/10556
f 2284/2283/10557 2285/2284/10558 2299/2298/10559
f 2228/2227/10560 2298/2297/10561 2285/2284/10562
f 2229/2228/10563 2228/2227/10564 2285/2284/10565
f 2300/2299/10566 2229/2228/10567 2285/2284/10568
f 2297/2296/10569 2300/2299/10570 2285/2284/10571
f 2301/2300/10572 2293/2292/10573 2294/2293/10574
f 2302/2301/10575 2297/2296/10576 2293/2292/10577
f 2301/2300/10578 2302/2301/10579 2293/2292/10580
f 2303/2302/10581 2294/2293/10582 2295/2294/10583
f 2303/2302/10584 2304/2303/10585 2294/2293/10586
f 2301/2300/10587 2294/2293/10588 2304/2303/10589
f 2255/2254/4344 2304/2303/4344 2303/2302/4344
f 2303/2302/4344 2295/2294/4344 2255/2254/4344
f 2304/2303/4344 2255/2254/4344 2257/2256/4344
f 2296/2295/10590 2254/2253/10591 2256/2255/10592
f 2082/2081/10593 2256/2255/10594 2254/2253/10595
f 2305/2304/10596 2091/2090/10597 2256/2255/10598
f 2088/2087/10599 2305/2304/10600 2256/2255/10601
f 2306/2305/5 2254/2253/5 2296/2295/5
f 2307/2306/10602 2082/2081/10603 2254/2253/10604
f 2079/2078/10605 2307/2306/10606 2254/2253/10607
f 2308/2307/5 2251/2250/5 2254/2253/5
f 2306/2305/5 2308/2307/5 2254/2253/5
f 2306/2305/10608 2296/2295/10609 2291/2290/10610
f 2309/2308/10611 2291/2290/10612 2292/2291/10613
f 2306/2305/10614 2291/2290/10615 2308/2307/10616
f 2309/2308/10617 2308/2307/10618 2291/2290/10619
f 2238/2237/4506 2310/2309/4506 2311/2310/4506
f 2311/2310/4506 2292/2291/4506 2238/2237/4506
f 2309/2308/10620 2292/2291/10621 2311/2310/10622
f 2310/2309/4506 2238/2237/4506 2240/2239/4506
f 2312/2311/10623 2063/2062/10624 2239/2238/10625
f 2060/2059/10626 2312/2311/10627 2239/2238/10628
f 2267/2266/4344 2268/2267/4344 2269/2268/4344
f 2284/2283/10629 2265/2264/10630 2290/2289/10631
f 2262/2261/10632 2290/2289/10633 2265/2264/10634
f 2289/2288/10635 2290/2289/10636 2187/2186/10637
f 2262/2261/10638 2187/2186/10639 2290/2289/10640
f 2284/2283/10641 2266/2265/10642 2265/2264/10643
f 2264/2263/10644 2265/2264/10644 2266/2265/10644
f 2284/2283/10645 2263/2262/10646 2266/2265/10647
f 2313/2312/10648 2237/2236/10649 2263/2262/10650
f 2284/2283/10651 2313/2312/10652 2263/2262/10653
f 2314/2313/4506 2237/2236/4506 2313/2312/4506
f 2315/2314/10654 2138/2137/10655 2237/2236/10656
f 2135/2134/10657 2315/2314/10658 2237/2236/10659
f 2316/2315/4506 2234/2233/4506 2237/2236/4506
f 2314/2313/4506 2316/2315/4506 2237/2236/4506
f 2284/2283/10660 2299/2298/10661 2313/2312/10662
f 2314/2313/10663 2313/2312/10664 2299/2298/10665
f 2317/2316/10666 2299/2298/10667 2298/2297/10668
f 2314/2313/10669 2299/2298/10670 2316/2315/10671
f 2317/2316/10672 2316/2315/10673 2299/2298/10674
f 2228/2227/5 2318/2317/5 2319/2318/5
f 2319/2318/5 2298/2297/5 2228/2227/5
f 2317/2316/10675 2298/2297/10676 2319/2318/10677
f 2318/2317/5 2228/2227/5 2230/2229/5
f 2300/2299/10678 2227/2226/10679 2229/2228/10680
f 2320/2319/10681 2119/2118/10682 2229/2228/10683
f 2116/2115/10684 2320/2319/10685 2229/2228/10686
f 2321/2320/226 2227/2226/226 2300/2299/226
f 2322/2321/10687 2110/2109/10688 2227/2226/10689
f 2107/2106/10690 2322/2321/10691 2227/2226/10692
f 2302/2301/226 2224/2223/226 2227/2226/226
f 2321/2320/226 2302/2301/226 2227/2226/226
f 2321/2320/10693 2300/2299/10694 2297/2296/10695
f 2321/2320/10696 2297/2296/10697 2302/2301/10698
f 1920/1919/10699 2281/2280/10700 2276/2275/10701
f 1923/1922/10702 2279/2278/10472 2281/2280/10703
f 1889/1888/10704 2281/2280/10705 1920/1919/10706
f 1889/1888/10707 1923/1922/10708 2281/2280/10709
f 1918/1917/10710 2276/2275/10467 2273/2272/10711
f 1918/1917/10712 1920/1919/10713 2276/2275/10714
f 1919/1918/10715 2273/2272/10716 2279/2278/10717
f 1918/1917/10718 2273/2272/10719 1919/1918/10720
f 1922/1921/10721 1919/1918/10722 2279/2278/10723
f 1923/1922/10724 1922/1921/10725 2279/2278/10726
f 1924/1923/10727 1919/1918/10728 1922/1921/10729
f 1891/1890/10730 1923/1922/10731 1889/1888/10732
f 2116/2115/10733 2119/2118/10734 2320/2319/10735
f 2107/2106/10736 2110/2109/10737 2322/2321/10737
f 2323/2322/226 2225/2224/226 2224/2223/226
f 2302/2301/226 2323/2322/226 2224/2223/226
f 2231/2230/5 2318/2317/5 2230/2229/5
f 2135/2134/10738 2138/2137/10739 2315/2314/10740
f 2324/2323/4506 2235/2234/4506 2234/2233/4506
f 2316/2315/4506 2324/2323/4506 2234/2233/4506
f 2060/2059/10741 2063/2062/10742 2312/2311/10743
f 2241/2240/4506 2310/2309/4506 2240/2239/4506
f 2088/2087/10744 2091/2090/10745 2305/2304/10746
f 2079/2078/10747 2082/2081/10748 2307/2306/10749
f 2325/2324/5 2252/2251/5 2251/2250/5
f 2308/2307/5 2325/2324/5 2251/2250/5
f 2258/2257/4344 2304/2303/4344 2257/2256/4344
f 2185/2184/198 2164/2163/198 2170/2169/198
f 2289/2288/198 2185/2184/198 2170/2169/198
f 2195/2194/198 2156/2155/198 2159/2158/198
f 2167/2166/198 2195/2194/198 2159/2158/198
f 2289/2288/198 2187/2186/198 2185/2184/198
f 2326/2325/10750 2100/2099/10751 2226/2225/10752
f 2326/2325/10753 2097/2096/10754 2100/2099/10755
f 2260/2259/10756 2226/2225/10757 2225/2224/10758
f 2097/2096/10759 2226/2225/10760 2260/2259/10761
f 2326/2325/10762 2226/2225/10763 2097/2096/10764
f 2301/2300/10765 2225/2224/10766 2323/2322/10767
f 2327/2326/10768 2260/2259/10769 2225/2224/10770
f 2327/2326/10771 2225/2224/10772 2301/2300/10773
f 2301/2300/10774 2323/2322/10775 2302/2301/10776
f 2301/2300/10777 2304/2303/10778 2258/2257/10779
f 2301/2300/10780 2258/2257/10781 2259/2258/10782
f 2327/2326/10783 2259/2258/10784 2260/2259/10785
f 2327/2326/10786 2301/2300/10787 2259/2258/10788
f 2328/2327/10789 2074/2073/10790 2253/2252/10791
f 2328/2327/10792 2071/2070/10792 2074/2073/10792
f 2243/2242/10793 2253/2252/10794 2252/2251/10795
f 2071/2070/10796 2253/2252/10797 2243/2242/10798
f 2328/2327/10799 2253/2252/10800 2071/2070/10801
f 2309/2308/10802 2252/2251/10803 2325/2324/10804
f 2329/2328/10805 2243/2242/10806 2252/2251/10807
f 2329/2328/10808 2252/2251/10809 2309/2308/10810
f 2309/2308/10811 2325/2324/10812 2308/2307/10813
f 2309/2308/10814 2310/2309/10815 2241/2240/10816
f 2309/2308/10817 2311/2310/10818 2310/2309/10819
f 2309/2308/10820 2241/2240/10821 2242/2241/10822
f 2329/2328/10823 2242/2241/10824 2243/2242/10825
f 2329/2328/10826 2309/2308/10827 2242/2241/10828
f 2330/2329/10829 2128/2127/10830 2236/2235/10831
f 2330/2329/10832 2125/2124/10832 2128/2127/10832
f 2233/2232/10833 2236/2235/10834 2235/2234/10835
f 2125/2124/10836 2236/2235/10837 2233/2232/10838
f 2330/2329/10839 2236/2235/10840 2125/2124/10841
f 2317/2316/10842 2235/2234/10843 2324/2323/10844
f 2331/2330/10845 2233/2232/10846 2235/2234/10847
f 2331/2330/10848 2235/2234/10849 2317/2316/10850
f 2317/2316/10851 2324/2323/10852 2316/2315/10853
f 2317/2316/10854 2318/2317/10855 2231/2230/10856
f 2317/2316/10857 2319/2318/10858 2318/2317/10859
f 2317/2316/10860 2231/2230/10861 2232/2231/10862
f 2331/2330/10863 2232/2231/10864 2233/2232/10865
f 2331/2330/10866 2317/2316/10867 2232/2231/10868
# Vertices: 2331, normals: 10868, texture coordinates: 2330, faces: 4726

