# File generated by ImageToStl.com - Free Image and 3D model conversion tools

mtllib knee.mtl

o obj1
v 0.02099923 0.00518739 -0.18502883
v 0.02132127 0.00813789 -0.18206791
v 0.02297991 2E-08 -0.18284346
v 0.02607604 2E-08 -0.17269307
v 0.0216057 1.849E-05 -0.1854239
v 0.02100767 -0.00515181 -0.18503432
v 0.02132127 -0.00813786 -0.18206791
v 0.02511484 -0.00652559 -0.1715645
v 0.01676875 0.01368162 -0.18215678
v 0.01666507 0.01470731 -0.17989075
v 0.02196031 0.01199816 -0.16988803
v 0.02511559 0.00652353 -0.17156496
v 0.00990871 0.01844211 -0.17673159
v 0.01789589 0.01526882 -0.17278111
v 0.02152617 0.01240044 -0.17048062
v 0.00990871 -0.01844207 -0.17673159
v 0.00436655 -0.01860717 -0.17070588
v 0.01007923 0.01816189 -0.16856605
v 0.0043668 0.01860729 -0.17070622
v 0.01388226 0.01742214 -0.17208163
v 0.01678448 -0.01366303 -0.182168
v 0.01666507 -0.01470728 -0.17989075
v 0.01385723 -0.01743183 -0.1720686
v 0.00874394 -0.01784606 -0.1661996
v 0.01005421 -0.01816002 -0.16852952
v 0.02151259 -0.01241274 -0.17049767
v 0.01787514 -0.01528267 -0.17278488
v 0.02195843 -0.01199991 -0.1698909
v 0.02296973 0.00881882 -0.13277526
v 0.02491828 0.00598622 -0.13283613
v 0.02297715 0.00881882 -0.13283404
v 0.0236199 0.00872258 -0.13846451
v 0.02276284 0.00895313 -0.13286111
v 0.02396534 0.00874786 -0.14437998
v 0.01781208 0.00881883 -0.10347883
v 0.01803188 0.00587923 -0.09539226
v 0.01888784 0.00293669 -0.09527035
v 0.02060097 0.00881885 -0.1175
v 0.02577896 0.00322003 -0.13283708
v 0.02512132 0.00549765 -0.13283635
v 0.02417594 0.00859557 -0.14444258
v 0.02416943 0.00859575 -0.14436436
v 0.009353 0.00881882 -0.0684159
v 0.00923101 0.00587923 -0.06002478
v 0.01007738 0.00293668 -0.05985683
v 0.01208436 0.00881882 -0.07915
v 0.01493489 0.0088188 -0.09080297
v 0.00263592 0.00881883 -0.04136238
v 0.00274939 0.00587923 -0.03171636
v 0.00360324 0.00293668 -0.03159895
v 0.00682514 0.00881883 -0.05858013
v -4.17E-05 0.00881882 -0.01472271
v 0.00255567 0.00587923 -0.01099851
v 0.00339655 0.00293668 -0.0111844
v 8.866E-05 0.00881883 -0.02691333
v 0.00784796 0.00881882 0.01002673
v 0.0096648 0.00598248 0.0093833
v 0.00279178 0.00881874 -0.00313233
v 0.00929141 0.00881882 0.01479692
v 0.00991251 0.00533057 0.00929557
v 0.01167671 0.00587923 0.0170363
v 0.00764434 0.00895313 0.01009884
v 0.00881466 0.00900002 0.01482148
v 5.953E-05 0.00900002 -0.01104921
v 0.00311712 0.00900002 -0.00099107
v 0.00740868 0.00900002 0.01018229
v 0.00031002 0.00900002 -0.03186549
v 0.00281803 0.00900002 -0.04427458
v 0.00619759 0.00900002 -0.05801836
v 0.01013394 0.00900002 -0.07334471
v 0.01441255 0.00900002 -0.09059672
v 0.01731962 0.00900002 -0.10338728
v 0.0200869 0.00900002 -0.11740623
v 0.02275541 0.00895313 -0.13280233
v 0.02642778 0.00479033 -0.14465243
v 0.02243192 2E-08 -0.11054214
v 0.02609501 2E-08 -0.13283737
v 0.02706465 0.00236519 -0.14470957
v 0.01805489 2E-08 -0.09055454
v 0.01021225 2E-08 -0.059338
v 0.00276995 2E-08 -0.02027102
v 0.00494787 2E-08 -0.03738194
v 0.01046923 0.00321472 0.00909842
v 0.00494908 2E-08 -0.00639376
v 0.01076381 2E-08 0.00899409
v 0.01253292 0.00293668 0.01694043
v 0.02577896 -0.00321999 -0.13283708
v 0.02677167 2E-08 -0.13895353
v 0.01888784 -0.00293664 -0.09527035
v 0.01007738 -0.00293664 -0.05985683
v 0.00360324 -0.00293664 -0.03159895
v 0.00339655 -0.00293664 -0.0111844
v 0.01251159 2E-08 0.01508194
v 0.01046923 -0.00321469 0.00909842
v 0.00931437 0.00881882 0.02275957
v 0.01096827 0.00587923 0.02403196
v 0.00982424 0.00881882 0.01910193
v 0.00790088 0.00881882 0.0256986
v 0.0071831 0.00587923 0.02932509
v 0.01177737 0.00293668 0.02432795
v 0.00294748 0.00881882 0.02943562
v 0.00145795 0.00587923 0.03179395
v 0.00772215 0.00293668 0.02999718
v 0.00570023 0.00881882 0.0279799
v -0.00245748 0.00881882 0.02945464
v -0.00427371 0.00587923 0.03081512
v 0.0015666 0.00293668 0.03264863
v 0.00012683 0.00881882 0.02990465
v -0.0072436 0.00881882 0.02574446
v -0.0090961 0.00587923 0.02658946
v -0.00466317 0.00293669 0.03158359
v -0.00490855 0.00881882 0.02807776
v -0.01173292 0.00881882 0.01912217
v -0.01337392 0.0059825 0.02013311
v -0.00977168 0.00293669 0.02712415
v -0.00946172 0.0088188 0.02269555
v -0.0165567 0.00881882 0.01029802
v -0.01359767 0.00533057 0.02027095
v -0.02060935 0.00587924 0.00497183
v -0.01154902 0.00895313 0.01900886
v -0.01894025 0.00900002 0.00151171
v -0.00704366 0.00900002 0.02524817
v -0.00916862 0.00900002 0.02229168
v -0.01133616 0.00900002 0.01887775
v -0.00481552 0.00900002 0.02755002
v -0.00246898 0.00900002 0.02895314
v -1.96E-06 0.00900002 0.02943929
v 0.00270436 0.00900002 0.02902519
v 0.00537039 0.00900002 0.02764335
v 0.00751189 0.00900002 0.02544325
v 0.00888041 0.00900002 0.02258605
v 0.00935465 0.00900002 0.0190151
v 0.01288757 2E-08 0.02014134
v 0.01036052 2E-08 0.02757816
v 0.00460032 2E-08 0.03212173
v -0.00208774 2E-08 0.03276619
v -0.00821513 2E-08 0.02927392
v -0.01410051 0.00321472 0.02058073
v -0.01124603 2E-08 0.02557039
v -0.01436657 2E-08 0.02074463
v -0.02143929 0.00293669 0.00520001
v 0.01253292 -0.00293664 0.01694043
v 0.01177737 -0.00293664 0.02432795
v 0.00772215 -0.00293664 0.02999718
v 0.0015666 -0.00293664 0.03264863
v -0.00466317 -0.00293664 0.03158359
v -0.00977168 -0.00293664 0.02712415
v -0.01993208 2E-08 0.01029427
v -0.01410051 -0.00321469 0.02058073
v -0.02009809 0.00881883 -0.00655781
v -0.02170577 0.00587924 -0.01226749
v -0.0193024 0.00881873 0.00203155
v -0.01654097 0.0088188 -0.02803069
v -0.01694428 0.00587924 -0.03399485
v -0.02256077 0.00293669 -0.01237387
v -0.01909895 0.00881882 -0.01657227
v -0.00809115 0.00881883 -0.05598794
v -0.00900567 0.00587924 -0.05961805
v -0.01776662 0.00293669 -0.03425265
v -0.01277106 0.00881882 -0.04110839
v -0.00281646 0.00881883 -0.07273931
v -0.0008204 0.00587924 -0.08631602
v -0.00981713 0.00293669 -0.0599093
v 0.00638747 0.00881883 -0.10648852
v 0.00533968 0.00587924 -0.11123651
v -0.00163794 0.00293669 -0.08659057
v 0.00238855 0.00881882 -0.09043555
v 0.00921729 0.00881882 -0.13281966
v 0.00728892 0.00598683 -0.13281768
v 0.0045007 0.00293669 -0.11143697
v 0.00876335 0.00881883 -0.12052768
v 0.00553231 0.00559354 -0.14270079
v 0.00708514 0.00549309 -0.13281744
v 0.00943364 0.00895313 -0.13281915
v 0.00870176 0.00887279 -0.13812502
v 0.00798234 0.0092697 -0.14292958
v 0.00819951 0.00940196 -0.14294259
v 0.00917983 0.00900002 -0.12002949
v 0.00968292 0.00900002 -0.13282024
v 0.00662583 0.00900002 -0.10537699
v 0.00237265 0.00900002 -0.08865421
v -0.00272346 0.00900002 -0.0714651
v -0.01204016 0.00900002 -0.04190037
v -0.00761801 0.00900002 -0.05594508
v -0.01576031 0.00900002 -0.02913994
v -0.01843752 0.00900002 -0.01759906
v -0.02262834 2E-08 0.00106779
v -0.02118901 2E-08 -0.02198286
v -0.0231018 2E-08 -0.00910299
v -0.0168687 2E-08 -0.03824639
v -0.00292633 2E-08 -0.08308675
v -0.01041874 2E-08 -0.05887427
v 0.00258505 2E-08 -0.10367048
v 0.00643309 0.00321877 -0.1328168
v 0.00558203 2E-08 -0.11995485
v 0.00611928 2E-08 -0.13281644
v 0.00552081 2E-08 -0.13807806
v 0.00472503 0.00291493 -0.14262469
v 0.00443997 2E-08 -0.14259859
v -0.02143929 -0.00293666 0.00520001
v -0.02256077 -0.00293666 -0.01237387
v -0.01776662 -0.00293666 -0.03425265
v -0.00981713 -0.00293666 -0.0599093
v -0.00163794 -0.00293666 -0.08659057
v 0.0045007 -0.00293666 -0.11143697
v 0.00643309 -0.00321873 -0.1328168
v 0.00472503 -0.0029149 -0.14262469
v 0.01028761 0.00900002 -0.13282082
v 0.00978957 0.0090488 -0.13816792
v 0.00916575 0.00905638 -0.1381606
v 0.00980351 0.00900002 -0.12034153
v 0.0105502 0.00888995 -0.13281853
v 0.00740624 0.00900002 -0.10618282
v 0.00776713 0.00889385 -0.10666994
v 0.0092925 -0.00936229 -0.14329833
v 0.00920033 -0.00941416 -0.14327654
v 0.00863443 -0.01017516 -0.14699752
v 0.0034927 0.00900002 -0.09041711
v -0.00164746 0.00900002 -0.07290907
v 0.00113318 0.0088887 -0.08118469
v -0.00784251 0.00900002 -0.05329467
v -0.00667706 0.00888964 -0.05603738
v -0.01464818 0.00900002 -0.03094124
v -0.01547582 0.00900002 -0.02722093
v -0.01440732 0.0089028 -0.03087424
v -0.01542464 0.00900002 -0.02397746
v -0.01508311 0.00866426 -0.02415232
v -0.01510183 0.0086624 -0.0272729
v -0.01429294 0.00866225 -0.03084265
v 0.01493331 -0.00318655 -0.10028215
v 0.01222675 -0.00367166 -0.08749353
v 0.00617746 -0.00317258 -0.0645577
v -0.01439879 0.00900002 -0.02145538
v -0.01412348 0.00866699 -0.02171673
v -0.012511 0.00900002 -0.01961859
v -0.0123353 0.00866855 -0.01995072
v -0.00987041 0.00900002 -0.01858815
v -0.0069982 0.00900002 -0.01863433
v -0.00980038 0.00866789 -0.0189553
v -0.00452154 0.00900002 -0.01971607
v -0.00704084 0.0086658 -0.01900519
v -0.00263029 0.00900002 -0.02174802
v -0.00468548 0.00866394 -0.02005512
v -0.0014052 0.00900002 -0.02480768
v -0.00288692 0.00866287 -0.02203094
v -0.00078289 0.00900002 -0.02861783
v -0.00173312 0.00866222 -0.02499381
v 0.00340108 0.00900002 -0.04940839
v -0.00114842 0.00866217 -0.02866526
v -0.00103081 0.00890279 -0.02864995
v 0.00943587 0.00900002 -0.07302221
v 0.00522766 0.0086597 -0.0581159
v 0.0160681 0.00900002 -0.10036724
v 0.00971101 0.00865941 -0.07559374
v 0.02250739 0.00900002 -0.13283362
v 0.02189472 0.00900002 -0.13283295
v 0.01806115 0.00866708 -0.11183646
v 0.01405758 0.00866217 -0.09334106
v 0.0225148 0.00900002 -0.13289239
v 0.02191782 0.00900002 -0.13301552
v 0.02166976 0.00890526 -0.13304691
v 0.0216467 0.00890527 -0.13286447
v 0.00253674 0.0069503 -0.15064334
v 0.00728109 0.01037099 -0.14762495
v 0.00788324 0.01021822 -0.14670236
v 0.00108292 2E-08 -0.15005066
v 0.00217644 2E-08 -0.1481158
v 0.00253493 -0.00694636 -0.15064272
v -0.00125225 2E-08 -0.15344708
v -0.00121136 -0.00551199 -0.15478119
v 0.00681262 0.01213567 -0.15213244
v -0.00082101 0.01093044 -0.15849084
v -0.00121137 0.00551222 -0.1547813
v 0.00748612 0.01132161 -0.15003761
v -0.0005843 0.01223713 -0.15975831
v 0.00671288 0.01289101 -0.15378385
v 0.00725241 0.01256974 -0.15301379
v 0.0032837 0.01538611 -0.16135608
v 0.00680465 0.01501505 -0.15825943
v 0.00722864 0.01441393 -0.15701111
v -0.00082106 -0.01092992 -0.15849037
v 0.0006363 0.01556466 -0.16392826
v -0.00058431 -0.01223705 -0.15975831
v 0.00741192 0.01668006 -0.16223212
v 0.00771938 0.01709299 -0.16341765
v 0.00834323 0.01712452 -0.16382107
v 0.00875125 0.01784937 -0.16621538
v 0.00759088 0.01598043 -0.16060064
v 0.00946564 0.01778965 -0.16661709
v 0.0006361 -0.01556428 -0.16392772
v 0.02683869 2E-08 -0.16785231
v 0.02684201 -0.00477898 -0.15886268
v 0.02313 0.01085155 -0.16758585
v 0.02398776 0.0099409 -0.16462417
v 0.0274789 2E-08 -0.16003577
v 0.02684193 0.00477928 -0.15886264
v 0.02447015 0.00936817 -0.16149945
v 0.02221463 0.01167673 -0.16860431
v 0.01933857 0.01417217 -0.17174903
v 0.01593233 0.01639129 -0.17228789
v 0.01250422 0.01775767 -0.17059654
v 0.02324984 0.01062142 -0.16593667
v 0.02724314 2E-08 -0.14472912
v 0.02706465 -0.00236516 -0.14470957
v 0.02470352 0.00899414 -0.15798606
v 0.02425738 0.00934223 -0.15876016
v 0.02473467 0.00884633 -0.15569753
v 0.02429626 0.00903926 -0.15443564
v 0.02392614 0.00984571 -0.16261891
v 0.02466434 0.00869753 -0.15219801
v 0.02447361 0.00861464 -0.14845508
v 0.02397194 0.0087478 -0.14445847
v 0.02410239 0.00887077 -0.14967553
v 0.02372515 0.00880887 -0.14447863
v 0.00876655 0.0094294 -0.14300284
v 0.00844923 0.00944255 -0.14297314
v 0.00908347 0.00941628 -0.14303269
v 0.00906679 0.00943119 -0.14314058
v 0.00905016 0.00944637 -0.14324783
v 0.0093261 0.00933231 -0.14308222
v 0.02316919 0.00890999 -0.13860028
v 0.02257729 0.00891155 -0.1387301
v 0.02286686 0.00874519 -0.14436521
v 0.02371848 0.00880876 -0.1443999
v 0.02341942 0.00882118 -0.14437189
v 0.02311999 0.00883361 -0.14434371
v 0.02313176 0.00883441 -0.14447958
v 0.02289015 0.00874729 -0.1446374
v 0.00470278 -0.00366778 -0.05774464
v 0.00850785 0.01018595 -0.14689064
v 0.00792269 0.01240392 -0.1530914
v 0.00813275 0.01122536 -0.15016235
v 0.00792941 0.01415482 -0.15702515
v 0.00831611 0.01564565 -0.16054819
v 0.00797435 0.0144663 -0.15772861
v 0.0090861 0.01672562 -0.16369573
v 0.01021927 0.01733156 -0.16641255
v 0.01324582 0.0172002 -0.17020742
v 0.01164654 0.01746902 -0.1686095
v 0.01651004 0.01582784 -0.171639
v 0.02086085 0.01263563 -0.16949769
v 0.02048899 0.01297031 -0.16995426
v 0.01951918 0.01378736 -0.17083488
v 0.02199634 0.01153719 -0.16750231
v 0.02286309 0.01060749 -0.16489091
v 0.02342922 0.00990677 -0.16172829
v 0.02369862 0.00942615 -0.15808405
v 0.02359733 0.00897579 -0.15106103
v 0.0237089 0.00911452 -0.15400844
v 0.02314351 0.00883531 -0.14461578
v 0.02340573 0.00888306 -0.14793467
v 0.02319437 0.00882418 -0.14841165
v 0.02339345 0.00895619 -0.15218972
v 0.02346743 0.00918634 -0.15596439
v 0.02334641 0.00957485 -0.15971852
v 0.02292452 0.01023732 -0.1634013
v 0.02205773 0.01132973 -0.16689063
v 0.01924149 0.01363061 -0.17043943
v 0.02050681 0.01248232 -0.16915364
v 0.02157876 0.01136936 -0.16725307
v 0.01640357 0.01559975 -0.17120649
v 0.01331376 0.0168756 -0.1698133
v 0.01178027 0.01710248 -0.16824007
v 0.01042677 0.01692667 -0.16609428
v 0.00936193 0.01630053 -0.16345996
v 0.00864333 0.01522925 -0.16042179
v 0.0079418 0.01285454 -0.15416926
v 0.00828597 0.01377521 -0.15701635
v 0.00818837 0.01136405 -0.15062407
v 0.00863441 0.01017521 -0.14699762
v 0.00920034 0.0094142 -0.14327654
v 0.00276626 -0.00881873 -0.00320366
v 0.0096648 -0.00598245 0.0093833
v 0.00784796 -0.00881879 0.01002673
v 0.01167671 -0.0058792 0.0170363
v 0.00298782 -0.00899998 -0.00133676
v 0.00929156 -0.00881879 0.01479758
v 0.00764435 -0.00895309 0.01009887
v 0.00255567 -0.0058792 -0.01099851
v 0.00991251 -0.00533054 0.00929557
v 0.00010723 -0.00881879 -0.02707919
v 0.00274939 -0.0058792 -0.03171636
v -5.531E-05 -0.00881879 -0.0148451
v 0.00690474 -0.00881878 -0.05889143
v 0.00923101 -0.0058792 -0.06002478
v 0.002686 -0.00881879 -0.04158801
v 0.01505218 -0.00881877 -0.09129789
v 0.01803188 -0.0058792 -0.09539226
v 0.01219297 -0.00881878 -0.07958334
v 0.00944752 -0.00881878 -0.06878368
v 0.02297715 -0.00881879 -0.13283404
v 0.02491828 -0.00598619 -0.13283613
v 0.02296973 -0.00881879 -0.13277526
v 0.02065399 -0.00881882 -0.11779456
v 0.0179105 -0.0088188 -0.103937
v 0.02362143 -0.00872201 -0.13847847
v 0.02512132 -0.0054976 -0.13283635
v 0.02642778 -0.00479028 -0.14465243
v 0.02417594 -0.00859553 -0.14444258
v 0.02416943 -0.00859572 -0.14436436
v 0.02275541 -0.00895309 -0.13280233
v 0.02396536 -0.00874783 -0.14438032
v 0.02276276 -0.00895309 -0.13286063
v 0.01748831 -0.00899998 -0.10417367
v 0.02016611 -0.00899998 -0.11783628
v 0.02250739 -0.00899998 -0.13283362
v 0.01466286 -0.00899998 -0.09165437
v 0.01046248 -0.00899998 -0.07463489
v 0.00652439 -0.00899998 -0.05929711
v 0.00306428 -0.00899998 -0.04533135
v 0.00044647 -0.00899998 -0.03268819
v -0.00076519 -0.00899998 -0.02142398
v -2.869E-05 -0.00899998 -0.01150152
v -0.00946203 -0.00881877 0.02269507
v -0.01337392 -0.00598247 0.02013311
v -0.01173292 -0.00881879 0.01912217
v -0.02060935 -0.0058792 0.00497183
v -0.00916866 -0.00899998 0.02229163
v -0.01769987 -0.00881872 0.00753194
v -0.011549 -0.00895309 0.0190089
v -0.0090961 -0.0058792 0.02658946
v -0.01359767 -0.00533054 0.02027095
v -0.00490964 -0.00881878 0.02807692
v -0.00427371 -0.0058792 0.03081512
v -0.00724423 -0.00881878 0.02574368
v -0.0024588 -0.00881879 0.02945417
v 0.00145795 -0.0058792 0.03179395
v 0.00569902 -0.00881878 0.02798081
v 0.0071831 -0.0058792 0.02932509
v 0.00294606 -0.00881879 0.0294361
v 0.00790006 -0.00881878 0.02569977
v 0.01096827 -0.0058792 0.02403196
v 0.00982425 -0.00881878 0.01910307
v 0.00931397 -0.00881879 0.02276088
v 0.00935465 -0.00899998 0.01901599
v 0.00881481 -0.00899998 0.01482209
v 0.00740868 -0.00899998 0.01018229
v 0.00888014 -0.00899998 0.022587
v 0.00751145 -0.00899998 0.02544388
v 0.00536995 -0.00899998 0.02764368
v 0.00270405 -0.00899998 0.02902528
v -0.00246895 -0.00899998 0.02895313
v -0.00481551 -0.00899998 0.02755001
v -0.00704369 -0.00899998 0.02524814
v 0.00817793 -0.0088188 -0.11611547
v 0.00728892 -0.0059868 -0.13281768
v 0.00921729 -0.00881879 -0.13281966
v 0.00870224 -0.00887264 -0.13812149
v 0.0085711 -0.00899998 -0.11561676
v 0.00943363 -0.00895309 -0.13281915
v 0.00819947 -0.00940193 -0.14294268
v 0.00533968 -0.0058792 -0.11123651
v 0.00708514 -0.00549306 -0.13281744
v 0.00798234 -0.00926966 -0.14292958
v 0.00393762 -0.00881878 -0.09622558
v -0.0008204 -0.0058792 -0.08631602
v 0.00641035 -0.00881879 -0.10659484
v -0.00644218 -0.0088188 -0.06117334
v -0.00900567 -0.0058792 -0.05961805
v -0.00278735 -0.00881879 -0.07283378
v 0.0008349 -0.00881879 -0.08493701
v -0.00983365 -0.0088188 -0.05050374
v -0.01694428 -0.0058792 -0.03399485
v -0.01912201 -0.00881879 -0.01643752
v -0.02170577 -0.0058792 -0.01226749
v -0.0154615 -0.00881878 -0.03199527
v -0.02002703 -0.0088188 -0.00345195
v -0.01730443 -0.00899998 0.00723268
v -0.01133616 -0.00899998 0.01887775
v -0.01958125 -0.00899998 -0.00386909
v -0.01854107 -0.00899998 -0.01702713
v -0.01485814 -0.00899998 -0.03243169
v -0.00935479 -0.00899998 -0.05046331
v -0.00248483 -0.00899998 -0.07224823
v -0.00604788 -0.00899998 -0.06086685
v 0.00108689 -0.00899998 -0.08414069
v 0.00420364 -0.00899998 -0.09538656
v 0.00673388 -0.00899998 -0.10586578
v 0.00553231 -0.00559351 -0.14270079
v 0.00978993 -0.00899998 -0.12022137
v 0.00968293 -0.00899998 -0.13282025
v 0.01028761 -0.00899998 -0.13282082
v 0.0091663 -0.00905622 -0.13815655
v 0.00734823 -0.00899998 -0.10591316
v 0.00336822 -0.00899998 -0.08996568
v -0.00183713 -0.00899998 -0.07229436
v -0.00799898 -0.00899998 -0.05280077
v -0.01464818 -0.00899998 -0.03094124
v -0.01547578 -0.00899998 -0.02722124
v -0.0069986 -0.00899998 -0.01863425
v -0.00987081 -0.00899998 -0.01858822
v -0.01251131 -0.00899998 -0.01961878
v -0.01439897 -0.00899998 -0.02145564
v -0.01542472 -0.00899998 -0.02397782
v -0.00452188 -0.00899998 -0.01971584
v -0.00078289 -0.00899998 -0.02861783
v -0.00140525 -0.00899998 -0.02480744
v -0.00263052 -0.00899998 -0.02174766
v 0.00354458 -0.00899998 -0.04993978
v 0.00965149 -0.00899998 -0.0738747
v 0.01618805 -0.00899998 -0.10099735
v 0.02189472 -0.00899998 -0.13283295
v 0.02191782 -0.00899998 -0.13301552
v 0.0225148 -0.00899998 -0.13289239
v 0.02164671 -0.00890524 -0.13286447
v 0.0216697 -0.00890522 -0.13304622
v 0.01407175 -0.00866215 -0.09340173
v 0.01807872 -0.00866707 -0.1119261
v 0.02152325 -0.00866862 -0.13288026
v 0.00523522 -0.00865966 -0.05814551
v 0.00971943 -0.00865938 -0.07562691
v -0.0010308 -0.00890275 -0.02865009
v -0.00288667 -0.00866284 -0.02203136
v -0.00173305 -0.00866218 -0.02499407
v -0.00114842 -0.00866215 -0.02866526
v -0.00468507 -0.0086639 -0.02005542
v -0.00704031 -0.00866576 -0.0190053
v -0.00979981 -0.00866786 -0.01895519
v -0.01233486 -0.00866851 -0.01995043
v -0.01412319 -0.00866696 -0.0217163
v -0.01508302 -0.00866423 -0.02415186
v -0.01510186 -0.00866236 -0.02727273
v -0.01439443 -0.00888992 -0.03087079
v -0.00667701 -0.0088896 -0.05603751
v 0.00113324 -0.00888867 -0.08118483
v 0.00776718 -0.00889381 -0.10667013
v 0.00979003 -0.00904866 -0.13816449
v 0.0093261 -0.00933227 -0.14308222
v 0.0105502 -0.00888992 -0.13281875
v 0.0246651 -0.00869813 -0.15221823
v 0.02447451 -0.00861475 -0.14846842
v 0.02410268 -0.00887086 -0.14968052
v 0.02397194 -0.00874777 -0.14445847
v 0.02470356 -0.00899406 -0.15798509
v 0.0247347 -0.00884756 -0.15572061
v 0.02425682 -0.00934338 -0.15877282
v 0.02446867 -0.00937006 -0.16151311
v 0.02429644 -0.00903969 -0.15444489
v 0.02398251 -0.0099467 -0.16464887
v 0.02392409 -0.00984827 -0.16263373
v 0.0231254 -0.01085622 -0.16759783
v 0.02220717 -0.01168393 -0.16861859
v 0.01932523 -0.01418234 -0.17175626
v 0.02324538 -0.01062613 -0.16595224
v 0.00328789 -0.01538843 -0.16135781
v 0.00772377 -0.01709795 -0.16343295
v 0.00681209 -0.01213465 -0.15213098
v 0.00739767 -0.01665713 -0.16217004
v 0.00679881 -0.01498085 -0.15818505
v 0.00671554 -0.01286065 -0.1537193
v 0.00832651 -0.01710827 -0.16376733
v 0.00758029 -0.01595408 -0.16053531
v 0.00944458 -0.01778261 -0.16657512
v 0.01248185 -0.017763 -0.17057769
v 0.01591443 -0.01640082 -0.1722847
v 0.00727781 -0.01037892 -0.14764969
v 0.00725643 -0.01253507 -0.15293629
v 0.00767077 -0.01072527 -0.14837424
v 0.00722528 -0.01437821 -0.15693369
v 0.00844923 -0.00944253 -0.14297314
v 0.00876655 -0.00942936 -0.14300284
v 0.00908347 -0.00941624 -0.14303269
v 0.00906679 -0.00943115 -0.14314058
v 0.0231675 -0.00891045 -0.13858393
v 0.02341942 -0.00882114 -0.14437189
v 0.02371848 -0.00880873 -0.1443999
v 0.02311999 -0.00883357 -0.14434371
v 0.02257588 -0.00891189 -0.13871652
v 0.02372515 -0.00880883 -0.14447863
v 0.02313176 -0.00883438 -0.14447958
v 0.02289015 -0.00874725 -0.14463729
v 0.02286691 -0.00874516 -0.14436568
v 0.00905016 -0.00944633 -0.14324783
v 0.00851123 -0.01017943 -0.14686617
v 0.00813686 -0.0112092 -0.15011835
v 0.00792526 -0.01237912 -0.15303376
v 0.00818837 -0.01136398 -0.15062396
v 0.00792642 -0.01412924 -0.1569679
v 0.00794184 -0.01285444 -0.15416906
v 0.00797454 -0.01446681 -0.15772991
v 0.00830773 -0.01562658 -0.16049945
v 0.0086339 -0.01520662 -0.16036494
v 0.00828328 -0.01375028 -0.15696067
v 0.009073 -0.0167139 -0.16365516
v 0.00934697 -0.01628617 -0.16341245
v 0.01020257 -0.01732678 -0.16638067
v 0.01040756 -0.01692032 -0.16605637
v 0.011628 -0.01746992 -0.16858648
v 0.01175857 -0.01710295 -0.16821237
v 0.01322753 -0.01720504 -0.17019291
v 0.01329197 -0.01688105 -0.1697956
v 0.0164952 -0.01583607 -0.17163747
v 0.01638578 -0.01560964 -0.17120458
v 0.01950835 -0.01379601 -0.17084251
v 0.02048975 -0.01296959 -0.16995351
v 0.01922778 -0.01364202 -0.17044936
v 0.02085246 -0.01264327 -0.16950889
v 0.02205797 -0.01132944 -0.16688997
v 0.0204959 -0.01249292 -0.16916841
v 0.02199056 -0.01154305 -0.1675155
v 0.02285963 -0.01061135 -0.16490475
v 0.02342765 -0.00990896 -0.16174124
v 0.02292463 -0.01023715 -0.16340069
v 0.02369824 -0.00942722 -0.15809502
v 0.02334648 -0.00957474 -0.159718
v 0.02370908 -0.00911494 -0.15401647
v 0.02346742 -0.00918629 -0.15596405
v 0.02359761 -0.00897597 -0.15106668
v 0.02339343 -0.00895615 -0.15218949
v 0.02340596 -0.00888309 -0.14793754
v 0.02319435 -0.00882413 -0.14841153
v 0.02314351 -0.00883528 -0.14461578
v 0.01156282 0.00300002 -0.14151311
v 0.02144669 0.00300002 -0.14320694
v 0.02194455 0.00300002 -0.14952143
v 0.0212543 0.00319977 -0.13652074
v 0.02206131 0.00300002 -0.15211647
v 0.02256569 0.00319646 -0.15222713
v 0.02244453 0.00319608 -0.14948972
v 0.01183975 0.00300002 -0.13263783
v 0.02075885 0.00300002 -0.1365772
v 0.0094677 0.00300002 -0.10868132
v 0.01692047 0.00300002 -0.11216416
v 0.0059068 0.00300002 -0.09344889
v 0.01214973 0.00300002 -0.0903524
v 0.01493331 0.00318659 -0.10028215
v -0.00560495 0.00300002 -0.05520783
v 0.00339123 0.00300002 -0.05560346
v 0.00617746 0.00317261 -0.0645577
v 0.00086904 0.00300002 -0.07581609
v -0.01388149 0.00300002 -0.02440989
v -0.0023157 0.00300002 -0.02877943
v -0.01393835 0.00300002 -0.02709373
v -0.01318974 0.00300002 -0.0304269
v -0.01305199 0.00300002 -0.02246889
v -0.00284735 0.00300002 -0.02536216
v -0.00183355 0.00318213 -0.0287171
v -0.00934384 0.00300002 -0.02023463
v -0.00380831 0.00300002 -0.02277872
v -0.0024227 0.00319513 -0.02498603
v -0.01152398 0.00300002 -0.02104204
v 0.01705452 -0.00368649 -0.10914565
v -0.0070631 0.00300002 -0.02030893
v -0.00408693 0.00319527 -0.02153382
v -0.00747102 0.00319765 -0.01971551
v -0.01126702 0.00319901 -0.02031787
v -0.01396753 0.00319724 -0.02305273
v -0.01446999 0.00319542 -0.02685665
v -0.01366391 0.00318729 -0.03055844
v -0.00592737 0.00319147 -0.05579509
v 0.00189503 0.00319777 -0.08099052
v 0.00854551 0.00315765 -0.10650105
v 0.01134821 0.00318709 -0.13261851
v 0.01156592 0.00300002 -0.14981006
v 0.02198387 0.00300002 -0.15439242
v 0.02163284 0.00300002 -0.15630641
v 0.01166515 0.00300002 -0.152518
v 0.01106599 0.00317444 -0.14981696
v 0.02059961 0.00300002 -0.15839586
v 0.0119759 0.00300002 -0.15485723
v 0.0111105 0.00321695 -0.15255804
v 0.01912064 0.00300002 -0.15964191
v 0.0125636 0.00300002 -0.15677025
v 0.01150618 0.00321721 -0.15530061
v 0.01733825 0.00300002 -0.16013971
v 0.01387338 0.00300002 -0.15877306
v 0.01249088 0.00322946 -0.15792748
v 0.01550727 0.00300002 -0.15985121
v 0.01440085 0.00326462 -0.16005462
v 0.01718845 0.003315 -0.16095258
v 0.02002487 0.00331227 -0.16002917
v 0.02175457 0.00324146 -0.15771022
v 0.02244169 0.00320523 -0.15498855
v -0.00219447 0.00367632 -0.0249251
v -0.00158458 0.00367569 -0.028685
v -0.00332122 0.00367668 -0.02216357
v -0.00493223 0.00367355 -0.0204606
v -0.00952988 0.00366441 -0.01950801
v -0.00701891 0.00366855 -0.01955646
v -0.0119104 0.0036633 -0.02040111
v -0.01361421 0.0036665 -0.02197328
v -0.01456959 0.00367181 -0.02409314
v -0.01469393 0.00367535 -0.02698567
v -0.01390024 0.00367557 -0.03062392
v -0.00668231 0.00367883 -0.05421531
v -0.00702585 0.00866312 -0.05459504
v 0.00470278 0.00366782 -0.05774464
v 0.01082791 0.00361276 -0.1517545
v 0.00901735 0.00967894 -0.1461688
v 0.00944369 0.00915569 -0.14335103
v 0.0092925 0.00936232 -0.14329833
v 0.01078294 0.00362199 -0.14981652
v 0.00946053 0.00914037 -0.14324244
v 0.01096198 0.00361331 -0.15351767
v 0.00868335 0.01036339 -0.14865982
v 0.00844312 0.01116228 -0.15094311
v 0.01159924 0.00360393 -0.1564848
v 0.00829226 0.01206246 -0.15315878
v 0.01268706 0.00356163 -0.1586586
v 0.01408652 0.00350664 -0.1600686
v 0.0157153 0.00345447 -0.16085447
v 0.01747107 0.00341489 -0.16104245
v 0.01916869 0.00340454 -0.1606313
v 0.02063591 0.00344354 -0.15966501
v 0.02241549 0.01041021 -0.1647707
v 0.02178841 0.00352759 -0.15813681
v 0.02298426 0.00967687 -0.16175283
v 0.02253846 0.00362361 -0.15591374
v 0.02327692 0.00916426 -0.15823515
v 0.02280111 0.00367271 -0.15300707
v 0.02331539 0.0088248 -0.15423598
v 0.02321817 0.00867079 -0.15129417
v 0.02277685 0.00367774 -0.15132351
v 0.02303304 0.00856473 -0.14810903
v 0.02272252 0.00609306 -0.14706204
v 0.02276647 0.00850865 -0.14464989
v 0.02267857 0.00367746 -0.1494742
v 0.02217515 0.00368559 -0.14318006
v 0.02275491 0.0085076 -0.14451378
v 0.02147589 0.00369215 -0.13649487
v 0.00947722 0.0091255 -0.14313478
v 0.01082999 0.00368477 -0.14182
v 0.01065616 0.0086622 -0.13280802
v 0.01021308 0.00872472 -0.13791422
v 0.01110264 0.00367535 -0.13261298
v 0.00821471 0.00864856 -0.10832779
v 0.00898677 0.0036371 -0.11025553
v -0.00061839 0.00866612 -0.07498455
v 0.00046728 0.00368608 -0.07700112
v 0.00456005 0.00866164 -0.09295146
v 0.00571955 0.00367061 -0.09567352
v 0.0212543 -0.00319974 -0.13652074
v 0.02147589 -0.00369212 -0.13649487
v 0.02274323 0.00850664 -0.14437805
v 0.02221996 0.00857616 -0.13891218
v 0.0214816 0.00608812 -0.13484795
v 0.02154636 0.00866861 -0.13306251
v 0.01705452 0.00368654 -0.10914565
v 0.02152325 0.00866866 -0.13288026
v 0.01222675 0.00367169 -0.08749353
v 0.01156592 -0.00299998 -0.14981006
v 0.02206131 -0.00299998 -0.15211647
v 0.02194455 -0.00299998 -0.14952143
v 0.02244453 -0.00319604 -0.14948972
v 0.01156282 -0.00299998 -0.14151311
v 0.02144669 -0.00299998 -0.14320694
v 0.02198387 -0.00299998 -0.15439242
v 0.02256569 -0.00319641 -0.15222713
v 0.02163284 -0.00299998 -0.15630641
v 0.02244169 -0.0032052 -0.15498855
v 0.01166515 -0.00299998 -0.152518
v 0.02059961 -0.00299998 -0.15839586
v 0.02175457 -0.00324142 -0.15771022
v 0.0119759 -0.00299998 -0.15485723
v 0.01912064 -0.00299998 -0.15964191
v 0.02002487 -0.00331222 -0.16002917
v 0.0125636 -0.00299998 -0.15677025
v 0.01733825 -0.00299998 -0.16013971
v 0.01387338 -0.00299998 -0.15877306
v 0.01550727 -0.00299998 -0.15985121
v 0.01718845 -0.00331497 -0.16095258
v 0.01440085 -0.00326459 -0.16005462
v 0.01249088 -0.00322943 -0.15792748
v 0.01150618 -0.00321716 -0.15530061
v 0.0111105 -0.00321692 -0.15255804
v 0.01183975 -0.00299998 -0.13263783
v 0.01134821 -0.00318706 -0.13261851
v 0.02217515 -0.00368556 -0.14318006
v 0.01106599 -0.00317441 -0.14981696
v 0.02075885 -0.00299998 -0.1365772
v 0.0094677 -0.00299998 -0.10868132
v 0.01692047 -0.00299998 -0.11216416
v 0.0059068 -0.00299998 -0.09344889
v 0.00854551 -0.00315762 -0.10650105
v 0.01214973 -0.00299998 -0.0903524
v 0.00086904 -0.00299998 -0.07581609
v 0.00189503 -0.00319774 -0.08099052
v 0.00339123 -0.00299998 -0.05560346
v -0.00560495 -0.00299998 -0.05520783
v -0.00592737 -0.00319144 -0.05579509
v -0.01318974 -0.00299998 -0.0304269
v -0.0023157 -0.00299998 -0.02877943
v -0.01393835 -0.00299998 -0.02709373
v -0.01366391 -0.00318726 -0.03055844
v -0.01388149 -0.00299998 -0.02440989
v -0.01446999 -0.00319539 -0.02685665
v 0.0214816 -0.00608809 -0.13484795
v -0.01305199 -0.00299998 -0.02246889
v -0.01396753 -0.00319719 -0.02305273
v -0.00284735 -0.00299998 -0.02536216
v -0.01152398 -0.00299998 -0.02104204
v -0.00380831 -0.00299998 -0.02277872
v -0.00934384 -0.00299998 -0.02023463
v -0.01126702 -0.00319897 -0.02031787
v -0.0070631 -0.00299998 -0.02030893
v -0.00747102 -0.00319762 -0.01971551
v -0.00408693 -0.00319524 -0.02153382
v -0.0024227 -0.0031951 -0.02498603
v -0.00183355 -0.00318208 -0.0287171
v -0.01469393 -0.00367532 -0.02698567
v -0.01429294 -0.00866221 -0.03084265
v -0.01390024 -0.00367554 -0.03062392
v -0.00701984 -0.00866309 -0.05461394
v -0.01456959 -0.00367178 -0.02409314
v -0.01361421 -0.00366646 -0.02197328
v -0.0119104 -0.00366327 -0.02040111
v -0.00701891 -0.00366852 -0.01955646
v -0.00952988 -0.00366438 -0.01950801
v -0.00493223 -0.00367352 -0.0204606
v -0.00332122 -0.00367665 -0.02216357
v -0.00219447 -0.00367627 -0.0249251
v -0.00158458 -0.00367566 -0.028685
v -0.00668231 -0.0036788 -0.05421531
v 0.02277685 -0.0036777 -0.15132351
v 0.02303336 -0.00856481 -0.14811381
v 0.02276647 -0.00850861 -0.14464989
v 0.02272252 -0.00609303 -0.14706204
v 0.02275491 -0.00850756 -0.14451378
v 0.0232186 -0.00867113 -0.15130298
v 0.02280111 -0.00367268 -0.15300707
v 0.02331563 -0.00882556 -0.15424846
v 0.02253846 -0.00362356 -0.15591374
v 0.02327619 -0.00916611 -0.15825214
v 0.02298163 -0.0096806 -0.1617728
v 0.02178841 -0.00352756 -0.15813681
v 0.02241037 -0.01041636 -0.16479072
v 0.02063591 -0.00344351 -0.15966501
v 0.02157084 -0.01137802 -0.16727112
v 0.01916869 -0.00340451 -0.1606313
v 0.01747107 -0.00341484 -0.16104245
v 0.0157153 -0.00345444 -0.16085447
v 0.01408652 -0.00350661 -0.1600686
v 0.01268706 -0.0035616 -0.1586586
v 0.01159924 -0.0036039 -0.1564848
v 0.00829419 -0.01204471 -0.1531174
v 0.01096198 -0.00361327 -0.15351767
v 0.008446 -0.01114991 -0.15091078
v 0.00868624 -0.01035575 -0.14863578
v 0.01082791 -0.00361273 -0.1517545
v 0.00901943 -0.00967561 -0.14615443
v 0.01078294 -0.00362196 -0.14981652
v 0.00944369 -0.00915565 -0.14335103
v 0.01082999 -0.00368472 -0.14182
v 0.00946053 -0.00914033 -0.14324244
v 0.02267857 -0.00367743 -0.1494742
v 0.02274323 -0.00850661 -0.14437805
v 0.00947722 -0.00912547 -0.14313478
v 0.01021381 -0.00872447 -0.13790783
v 0.01110264 -0.00367532 -0.13261298
v 0.01065616 -0.00866217 -0.13280802
v 0.00898677 -0.00363707 -0.11025553
v 0.00820989 -0.00864854 -0.10830397
v 0.00571955 -0.00367058 -0.09567352
v 0.00455206 -0.00866161 -0.09292149
v 0.00046728 -0.00368605 -0.07700112
v -0.00061194 -0.00866609 -0.07500569
v 0.02222185 -0.00857561 -0.1389304
v 0.02154636 -0.00866857 -0.13306251
v 0.01062562 0.01816237 -0.17755407
v 0.00042928 0.0180627 -0.17229917
v 0.00948103 0.01855274 -0.17653162
v 0.00539831 0.01887502 -0.17226684
v 0.01528667 0.01504892 -0.18108436
v 0.00468893 0.01871514 -0.17130073
v 0.0095414 0.01850663 -0.17645166
v 0.00120242 0.01648159 -0.16554383
v 0.00341356 0.0180635 -0.16933641
v -0.00037718 0.0180002 -0.17407207
v -0.00059413 0.0176541 -0.17182064
v 0.00326252 0.01820749 -0.16938832
v 0.01001963 0.0179753 -0.17946332
v -0.00110224 0.01781321 -0.17576679
v -0.00895161 0.01110041 -0.17006282
v -0.00817493 0.01113895 -0.16827599
v 0.00915012 0.01774422 -0.18114603
v -0.00174639 0.01750321 -0.17738322
v -0.0095876 0.01098508 -0.17179919
v 0.00829 0.01737972 -0.18270651
v -0.0023103 0.01707262 -0.17892092
v -0.01008407 0.01079392 -0.17348466
v 0.00744016 0.01688489 -0.18414528
v -0.00279492 0.01652476 -0.18037945
v -0.01044285 0.01052839 -0.17511827
v 0.00660185 0.01626383 -0.18546272
v -0.00320153 0.01586371 -0.18175832
v -0.01066651 0.01019053 -0.17669883
v 0.00577654 0.0155216 -0.18665962
v -0.0035315 0.01509438 -0.18305668
v -0.01075824 0.00978287 -0.17822493
v 0.00496598 0.0146641 -0.18773679
v -0.00378655 0.01422236 -0.18427393
v -0.01072174 0.00930843 -0.17969465
v 0.00417212 0.01369811 -0.18869515
v -0.0039685 0.0132539 -0.18540913
v -0.01056139 0.00877068 -0.18110613
v 0.00339715 0.01263108 -0.18953573
v -0.00407935 0.01219585 -0.18646132
v -0.01028201 0.00817345 -0.18245704
v 0.00264352 0.01147121 -0.19025967
v -0.00412136 0.01105561 -0.18742958
v -0.00988886 0.00752097 -0.18374489
v 0.00191378 0.01022727 -0.19086815
v -0.00409679 0.00984107 -0.18831272
v -0.0093877 0.0068178 -0.18496712
v 0.00121066 0.00890859 -0.19136247
v -0.00400812 0.00856056 -0.18910959
v -0.00878459 0.00606882 -0.18612078
v 0.00053705 0.00752495 -0.19174396
v -0.00385794 0.00722279 -0.18981898
v -0.00808596 0.00527915 -0.18720286
v -0.00010402 0.00608655 -0.19201394
v -0.0036489 0.00583682 -0.19043965
v -0.00729853 0.00445418 -0.18821022
v -0.00070953 0.00460396 -0.19217404
v -0.0033838 0.00441194 -0.1909704
v -0.00642928 0.00359947 -0.18913959
v -0.00127621 0.00308797 -0.19222556
v -0.00306542 0.0029577 -0.19140982
v -0.00548544 0.00272076 -0.18998771
v -0.00180093 0.00154961 -0.19217019
v -0.00269662 0.0014838 -0.19175657
v -0.00447433 0.00182396 -0.19075104
v -0.00228036 2E-08 -0.19200939
v -0.00340343 0.00091504 -0.19142608
v -0.00106199 0.0009577 -0.19251571
v -0.00088263 2E-08 -0.19260785
v -0.00106195 -0.00095398 -0.19251595
v -0.00374966 2E-08 -0.19125746
v -0.00340187 -0.00091737 -0.19142681
v -0.00179807 -0.00154932 -0.19217153
v -0.00269409 -0.00148466 -0.19175775
v 0.00019637 0.00190846 -0.192914
v 0.00148601 0.00284538 -0.19320041
v 0.00279856 0.00376166 -0.1933708
v 0.00412563 0.0046506 -0.19342126
v 0.00545912 0.00550569 -0.19334798
v 0.0067911 0.00632063 -0.19314749
v 0.00811412 0.00708936 -0.19281597
v 0.00942091 0.00780609 -0.19235024
v 0.01070471 0.00846542 -0.19174714
v 0.01195926 0.00906232 -0.19100364
v 0.01317876 0.0095921 -0.19011713
v 0.01435805 0.01005066 -0.18908508
v 0.0154925 0.01043429 -0.18790546
v 0.01657829 0.01073987 -0.18657634
v 0.01761225 0.01096489 -0.18509626
v 0.01527483 0.0151688 -0.18125181
v 0.01863639 0.01093519 -0.18362738
v 0.01820021 0.01153051 -0.18315419
v 0.00053029 2E-08 -0.19310601
v 0.00195201 2E-08 -0.19350452
v 0.00336207 2E-08 -0.19380054
v 0.00474715 2E-08 -0.19399568
v 0.00609732 2E-08 -0.19409348
v 0.0074046 2E-08 -0.19409858
v 0.00887233 2E-08 -0.1939938
v 0.01027391 2E-08 -0.19377739
v 0.0128904 2E-08 -0.19303176
v 0.01161225 2E-08 -0.19345535
v 0.01411091 2E-08 -0.19250957
v 0.01528287 2E-08 -0.19188608
v 0.016408 2E-08 -0.19115945
v 0.017494 2E-08 -0.19032101
v 0.01956472 2E-08 -0.18826131
v 0.01854597 2E-08 -0.18935904
v 0.02056212 2E-08 -0.18699618
v 0.02018288 0.00764458 -0.18466567
v 0.02152944 2E-08 -0.18554875
v 0.02014885 0.00758411 -0.18446871
v 0.02154797 2E-08 -0.1854372
v 0.02148338 2E-08 -0.18534441
v 0.00019633 -0.00190108 -0.19291476
v 0.00148589 -0.00283443 -0.19320179
v 0.00279824 -0.00374727 -0.1933732
v 0.00412509 -0.00463295 -0.19342498
v 0.0054583 -0.005485 -0.19335345
v 0.00679004 -0.00629713 -0.19315483
v 0.00811276 -0.00706335 -0.19282571
v 0.00941932 -0.00777792 -0.19236263
v 0.01070297 -0.00843542 -0.19176245
v 0.01195736 -0.00903087 -0.19102229
v 0.01317678 -0.00955962 -0.19013938
v 0.014356 -0.01001755 -0.18911139
v 0.0154905 -0.010401 -0.18793609
v 0.01657638 -0.01070687 -0.18661166
v 0.01761041 -0.01093263 -0.18513669
v 0.02130753 -0.00315611 -0.18540448
v 0.02126354 -0.00313116 -0.18520132
v 0.00117802 0.0165402 -0.16566401
v -0.00847483 0.01066651 -0.16813576
v -0.00014624 0.01425591 -0.16224317
v -0.01229959 2E-08 -0.16878007
v -0.01144297 2E-08 -0.16674791
v -0.011903 2E-08 -0.1677831
v -0.01291781 2E-08 -0.1706602
v -0.01333016 2E-08 -0.17239506
v -0.01357219 2E-08 -0.17403292
v -0.01366241 2E-08 -0.17558821
v -0.01361426 2E-08 -0.1770796
v -0.01343472 2E-08 -0.17852501
v -0.01312744 2E-08 -0.17993003
v -0.0121198 2E-08 -0.18266223
v -0.01269023 2E-08 -0.18130815
v -0.01141052 2E-08 -0.1839938
v -0.01055371 2E-08 -0.18530406
v -0.00872686 2E-08 -0.18747568
v -0.00969841 2E-08 -0.18640331
v -0.00764015 2E-08 -0.18851016
v -0.00644103 2E-08 -0.18949552
v -0.00513808 2E-08 -0.19041717
v -0.0048787 0.0081807 -0.16051575
v -0.00847483 -0.01066648 -0.16813576
v -0.0074555 2E-08 -0.16074818
v -0.00893263 -0.01112925 -0.17007169
v -0.00815588 -0.01116789 -0.1682849
v -0.00956881 -0.01101364 -0.17180797
v -0.01006561 -0.01082197 -0.17349329
v -0.01042486 -0.01055574 -0.17512668
v -0.01064909 -0.01021701 -0.17670697
v -0.01074152 -0.0098083 -0.17823275
v -0.01070582 -0.00933263 -0.17970209
v -0.0105464 -0.00879347 -0.18111314
v -0.01026803 -0.00819469 -0.18246357
v -0.00987599 -0.0075405 -0.18375091
v -0.00937605 -0.00683551 -0.18497257
v -0.00877423 -0.00608458 -0.18612563
v -0.00807694 -0.00529285 -0.18720708
v -0.00729092 -0.00446573 -0.18821378
v -0.00642312 -0.00360879 -0.18914247
v -0.00548079 -0.00272781 -0.18998988
v -0.00447121 -0.00182867 -0.1907525
v -0.00127049 -0.00308742 -0.19222813
v -0.00070086 -0.00460312 -0.19217754
v -9.251E-05 -0.00608542 -0.19201844
v 0.00055138 -0.00752347 -0.19174923
v 0.00122775 -0.00890675 -0.19136836
v 0.0019335 -0.01022501 -0.19087461
v 0.00266578 -0.01146848 -0.19026643
v 0.00342184 -0.01262782 -0.18954264
v 0.004199 -0.01369425 -0.18870209
v 0.00499501 -0.01465959 -0.18774341
v 0.00580749 -0.01551637 -0.18666581
v 0.00663452 -0.01625782 -0.18546828
v 0.00747434 -0.01687802 -0.18415
v 0.00832545 -0.01737193 -0.18271028
v 0.02012316 -0.00780495 -0.18462615
v 0.01879176 -0.01066442 -0.18373271
v 0.00918663 -0.01773545 -0.18114853
v 0.01636988 -0.01394157 -0.18187103
v 0.01005705 -0.0179655 -0.17946426
v 0.01636995 -0.01405374 -0.18204615
v 0.02008972 -0.00774321 -0.18442947
v 0.0109516 -0.01802825 -0.17783378
v 0.01309494 -0.01676691 -0.17941431
v -0.00306038 -0.00295949 -0.19141218
v -0.00337627 -0.00441461 -0.19097392
v -0.00363893 -0.00584036 -0.19044431
v -0.00384561 -0.00722719 -0.18982474
v -0.00399351 -0.00856577 -0.18911642
v -0.00407999 -0.00984707 -0.18832057
v -0.00410247 -0.01106234 -0.18743841
v -0.00405852 -0.01220329 -0.18647106
v -0.00394586 -0.01326199 -0.18541972
v -0.00376227 -0.01423104 -0.18428529
v -0.00350572 -0.01510359 -0.18306873
v -0.00317444 -0.01587339 -0.18177099
v -0.0027667 -0.01653485 -0.18039264
v -0.00228113 -0.01708305 -0.17893456
v -0.00171649 -0.0175139 -0.1773972
v -0.00107182 -0.01782408 -0.17578102
v -0.00034644 -0.0180112 -0.17408645
v 0.00948103 -0.0185527 -0.17653162
v 0.00136249 0.01640748 -0.16565389
v 0.00955329 -0.01840623 -0.17640754
v 0.0095414 -0.01850659 -0.17645166
v 0.00046013 -0.01807373 -0.1723136
v 0.00536069 -0.01886924 -0.17222166
v 0.0046889 -0.01871508 -0.17130071
v 0.00551992 0.01872597 -0.17218494
v -0.00059413 -0.01765406 -0.17182064
v 0.00070548 -0.01590319 -0.16459006
v 0.00291664 -0.01801973 -0.16885038
v -0.0001405 -0.0142685 -0.16225866
v -0.00488762 -0.00816105 -0.16051202
v -0.00672043 2E-08 -0.15988122
v -0.00150922 0.00159313 -0.15389633
v -0.0015128 2E-08 -0.15378504
v -0.00125552 0.00680692 -0.15568275
v -0.00150855 -0.00172237 -0.15391497
v -0.00134741 2E-08 -0.15373465
v -0.00138859 0.00706297 -0.15587134
v -0.00148852 0.0038123 -0.15440895
v -0.00092807 0.01142362 -0.15914254
v -0.00062291 0.01237433 -0.16004936
v -0.0010015 -0.01099906 -0.15875307
v -0.00139508 -0.00693619 -0.15579909
v -0.00148742 -0.00387826 -0.15443022
v -0.00062294 -0.01237409 -0.16004912
v 0.00120221 -0.01648127 -0.16554329
v -0.00125554 -0.00680678 -0.15568274
v 0.00955329 0.01840627 -0.17640754
v 0.00548289 -0.01872055 -0.17213992
v 0.00307286 -0.01787602 -0.16880542
v 0.00089863 -0.01577584 -0.16459096
v -4.626E-05 0.01384758 -0.16189869
v -0.00023547 -0.01327821 -0.16122184
v -0.00069575 0.01133103 -0.15919685
v -0.0007665 -0.01091019 -0.15881008
v -0.0011343 0.00700552 -0.15594929
v -0.00114018 -0.00687967 -0.15587766
v -0.00122427 0.00378101 -0.15449476
v -0.0012234 -0.00384642 -0.15451592
v -0.0012411 -0.00170795 -0.15400293
v -0.00124162 0.00157976 -0.15398436
v -0.00124444 2E-08 -0.15387353
vn 0.95625 0.27358 -0.1036
vn 0.90363 0.42831 -2E-05
vn 1 -0 -2E-05
vn 0.96912 -1E-05 0.2466
vn 1 1E-05 -1E-05
vn 0.90363 0.42831 -0
vn 0.99418 0.00097 -0.10776
vn 0.95678 -0.27171 -0.10364
vn 0.90363 -0.42831 -3E-05
vn 0.90105 -0.35648 0.24706
vn 0.90363 -0.42831 0
vn 1 -1E-05 1E-05
vn 0.96912 -3E-05 0.24661
vn 0.68935 0.72089 -0.07151
vn 0.63309 0.77408 -1E-05
vn 0.69496 0.67462 0.24883
vn 0.63311 0.77406 -0
vn 0.90109 0.35636 0.24707
vn 0.24057 0.97063 0
vn 0.54068 0.82242 0.17689
vn 0.24055 0.97064 -0
vn 0.68712 0.68702 0.23635
vn -0.29305 0 -0.9561
vn -0.29302 0 -0.95611
vn -0.17852 -0 -0.98394
vn -0.47865 0 -0.87801
vn 0.06752 0.97908 0.19195
vn -0.15914 0.98273 0.09447
vn -0.47865 0 -0.878
vn 0.32944 0.93072 0.15886
vn -0.17836 0 -0.98397
vn -0.14155 -0 -0.98993
vn -0.14149 0 -0.98994
vn -0.14153 -0 -0.98993
vn -0.13759 0 -0.99049
vn -0.14148 -0 -0.98994
vn 0.69035 -0.71992 -0.07165
vn 0.6331 -0.77407 -0
vn 0.24059 -0.97063 0
vn 0.32795 -0.93123 0.15891
vn 0.24056 -0.97064 1E-05
vn 0.6331 -0.77407 -0
vn -0.05364 -0.97427 0.21889
vn -0.15915 -0.98272 0.09448
vn 0.06546 -0.97914 0.19236
vn 0.68668 -0.68756 0.23608
vn 0.53973 -0.82309 0.17665
vn 0.69479 -0.67479 0.24883
vn 0.57127 0.73734 0.36053
vn 0.77815 0.3932 0.48977
vn 0.57136 0.73737 0.36033
vn 0.61211 0.71415 0.33957
vn 0.57138 0.73731 0.3604
vn 0.77672 0.39718 0.48883
vn 0.30647 0.93203 0.1934
vn 0.57114 0.73748 0.36043
vn 0.57104 0.73756 0.36045
vn 0.36653 0.90466 0.21737
vn 0.56714 0.73727 0.36712
vn 0.61221 0.71384 0.34005
vn 0.30107 0.93198 0.20193
vn 0.538 0.73735 0.4085
vn 0.72465 0.39321 0.56592
vn 0.77561 0.17807 0.60558
vn 0.55135 0.73738 0.39024
vn 0.833 0.17807 0.52383
vn 0.78982 0.35971 0.49679
vn 0.64621 0.66841 0.36829
vn 0.78978 0.35961 0.49692
vn 0.64637 0.66837 0.36807
vn 0.52145 0.73732 0.42947
vn 0.70998 0.3932 0.58422
vn 0.75982 0.17807 0.62528
vn 0.52395 0.73732 0.42642
vn 0.52932 0.73732 0.41973
vn 0.53563 0.73733 0.41163
vn 0.75855 0.39323 0.51959
vn 0.81172 0.17807 0.55625
vn 0.52202 0.73733 0.42877
vn 0.64011 0.73733 0.21587
vn 0.89532 0.39305 0.20955
vn 0.95809 0.178 0.22446
vn 0.57666 0.73738 0.35176
vn 0.67236 0.73732 0.06544
vn 0.91514 0.39318 0.08906
vn 0.67247 0.73742 0.06318
vn 0.66027 0.73732 0.14282
vn 0.91513 0.39321 0.08906
vn 0.67234 0.73734 0.06544
vn 0.93393 0.3457 0.09089
vn 0.87105 0.3932 0.29439
vn 0.93393 0.3457 0.09091
vn 0.36062 0.93203 0.03574
vn 0.67222 0.73735 0.0666
vn 0.67246 0.73743 0.06328
vn 0 1 1E-05
vn 0.66027 0.73734 0.14275
vn 0.67236 0.73732 0.06548
vn 0.36069 0.93202 0.03514
vn 0.00015 1 3E-05
vn 0.64016 0.73732 0.21577
vn -8E-05 1 -2E-05
vn 1E-05 1 1E-05
vn 0.57661 0.73739 0.35183
vn -3E-05 1 -1E-05
vn 0.53562 0.73732 0.41167
vn 1E-05 1 4E-05
vn 0.522 0.73733 0.42879
vn -1E-05 1 -1E-05
vn 0.52145 0.73735 0.42942
vn -1E-05 1 0
vn 0.52395 0.73734 0.4264
vn -3E-05 1 -4E-05
vn 0.52932 0.73731 0.41974
vn 1E-05 1 1E-05
vn 0.53803 0.73735 0.40846
vn -1E-05 1 1E-05
vn 0.55126 0.73739 0.39035
vn 0.57117 0.73731 0.36074
vn 0.3064 0.93201 0.19358
vn 0.30647 0.93203 0.19339
vn 0.82289 0.33955 0.45559
vn 0.8326 0.18103 0.52346
vn 0.80646 -1E-05 0.59129
vn 0.84667 2E-05 0.53212
vn 0.86307 0.16374 0.47782
vn 0.84665 2E-05 0.53214
vn 0.78396 -3E-05 0.62081
vn 0.77227 -2E-05 0.63529
vn 0.90301 1E-05 0.42962
vn 0.80198 0 0.59735
vn 0.97939 0.17808 0.09533
vn 0.99202 2E-05 0.12604
vn 0.97939 0.17807 0.09534
vn 0.9953 -2E-05 0.09687
vn 0.93221 0.17808 0.31506
vn 0.9953 2E-05 0.09687
vn 0.83298 -0.17808 0.52386
vn 0.84666 -1E-05 0.53213
vn 0.80646 1E-05 0.59129
vn 0.86111 0.00025 0.50841
vn 0.8326 -0.18102 0.52346
vn 0.86111 -0.00025 0.50841
vn 0.84665 0 0.53214
vn 0.77561 -0.17806 0.60558
vn 0.78396 3E-05 0.62081
vn 0.75983 -0.17808 0.62526
vn 0.77227 0 0.63529
vn 0.80199 -0 0.59734
vn 0.81173 -0.17809 0.55622
vn 0.90301 -1E-05 0.42962
vn 0.95809 -0.178 0.22446
vn 0.99203 0 0.12604
vn 0.9953 1E-05 0.09687
vn 0.9693 0 0.24587
vn 0.97939 -0.17808 0.09533
vn 0.9953 -0 0.09687
vn 0.9693 2E-05 0.24588
vn 0.97939 -0.17808 0.09532
vn 0.50325 0.73733 0.45064
vn 0.64842 0.3932 0.65188
vn 0.61215 0.73732 0.28572
vn 0.33851 0.73732 0.58461
vn 0.21738 0.39328 0.89335
vn 0.69395 0.17809 0.69765
vn -0.07575 0.73732 0.67129
vn -0.28132 0.3932 0.87536
vn 0.2326 0.17806 0.95614
vn 0.13889 0.73732 0.66111
vn -0.47555 0.73734 0.47978
vn -0.72391 0.3932 0.56688
vn -0.30107 0.17808 0.93683
vn -0.28844 0.73735 0.61084
vn -0.65414 0.73735 0.16856
vn -0.89478 0.39321 0.21155
vn -0.77475 0.17806 0.60668
vn -0.60192 0.73733 0.30666
vn -0.67108 0.73734 0.07733
vn -0.9134 0.39321 0.10529
vn -0.95763 0.17807 0.22637
vn -0.66803 0.73733 0.10044
vn -0.67541 0.73739 -0.00892
vn -0.9134 0.39321 0.10528
vn -0.6711 0.73732 0.07736
vn -0.93217 0.34569 0.10746
vn -0.90729 0.39289 -0.14985
vn -0.93217 0.34571 0.10746
vn -0.35995 0.93202 0.04209
vn -0.67096 0.73733 0.07851
vn -0.668 0.73736 0.10039
vn 2E-05 1 -0
vn -0.67547 0.73733 -0.00899
vn -0.67112 0.73734 0.07697
vn -0.36004 0.93202 0.0413
vn -2E-05 1 0
vn -0.65418 0.73733 0.16851
vn -2E-05 1 -0
vn -1E-05 1 0
vn -1E-05 1 1E-05
vn -0.60211 0.73735 0.30623
vn 1E-05 1 2E-05
vn -0.47569 0.73733 0.47965
vn 0 1 -2E-05
vn -0.28847 0.73735 0.61082
vn 1E-05 1 4E-05
vn -0.07576 0.7373 0.6713
vn -1E-05 1 -1E-05
vn 0.13879 0.73734 0.66112
vn -0 1 1E-05
vn 0.33846 0.73729 0.58467
vn 0.50323 0.73732 0.45069
vn -1E-05 1 0
vn 0.61219 0.73733 0.28562
vn -0 1 0
vn 0.87937 1E-05 0.47615
vn 0.49209 -1E-05 0.87054
vn -0.05596 -1E-05 0.99843
vn -0.60085 -1E-05 0.79936
vn -0.93885 2E-05 0.34433
vn -0.97755 0.17807 0.11265
vn -0.98499 1E-05 0.17263
vn -0.97754 0.17808 0.11269
vn -0.99342 -1E-05 0.11449
vn -0.97085 0.17793 -0.16057
vn -0.99342 -2E-05 0.11451
vn 0.93221 -0.17808 0.31507
vn 0.87937 -1E-05 0.47615
vn 0.69395 -0.17809 0.69765
vn 0.49209 1E-05 0.87054
vn 0.2326 -0.17808 0.95613
vn -0.05596 1E-05 0.99843
vn -0.3011 -0.17807 0.93682
vn -0.60085 1E-05 0.79936
vn -0.77475 -0.17807 0.60667
vn -0.93885 -2E-05 0.34433
vn -0.95763 -0.17807 0.22636
vn -0.98499 1E-05 0.17263
vn -0.99342 1E-05 0.1145
vn -0.99916 3E-05 -0.04102
vn -0.97754 -0.17807 0.11269
vn -0.99342 0 0.11449
vn -0.99916 2E-05 -0.04103
vn -0.97755 -0.17807 0.11265
vn -0.60853 0.73735 -0.29326
vn -0.78473 0.39319 -0.47916
vn -0.65793 0.737 -0.15478
vn -0.5191 0.73733 -0.43229
vn -0.69355 0.39321 -0.60363
vn -0.83975 0.17807 -0.51294
vn -0.55461 0.73736 -0.38563
vn -0.49634 0.73734 -0.45823
vn -0.67571 0.39319 -0.62355
vn -0.74222 0.17807 -0.64606
vn -0.50125 0.73732 -0.45288
vn -0.50054 0.73734 -0.45364
vn -0.69316 0.39319 -0.6041
vn -0.72317 0.17809 -0.66732
vn -0.53787 0.73736 -0.40865
vn -0.74557 0.39323 -0.53804
vn -0.74188 0.17809 -0.64645
vn -0.51382 0.73733 -0.43856
vn -0.62665 0.73734 -0.25227
vn -0.85358 0.39319 -0.34177
vn -0.79807 0.17808 -0.57565
vn -0.57621 0.73734 -0.35258
vn -0.91557 0.37874 -0.13525
vn -0.85202 0.39714 -0.34108
vn -0.62659 0.7374 -0.25224
vn -0.8664 0.35937 -0.3467
vn -0.86644 0.35928 -0.34671
vn -0.33611 0.93203 -0.13546
vn -0.62652 0.73735 -0.25254
vn -0.57616 0.73738 -0.35258
vn -0.66665 0.72212 -0.18473
vn -0.62634 0.73747 -0.25267
vn -0.684 0.72424 -0.08731
vn -0.374 0.92695 0.02971
vn -0.66702 0.72175 -0.18485
vn -0.33611 0.93205 -0.13535
vn -1E-05 1 -0
vn -0.5379 0.73733 -0.40866
vn -2E-05 1 2E-05
vn -2E-05 1 -6E-05
vn -0.51382 0.73734 -0.43855
vn 2E-05 1 -1E-05
vn -0.50056 0.73731 -0.45367
vn -1E-05 1 -1E-05
vn -0.49636 0.73731 -0.45826
vn -1E-05 1 -2E-05
vn -0.50124 0.73733 -0.45288
vn -3E-05 1 1E-05
vn -1E-05 1 4E-05
vn -0.51909 0.73735 -0.43228
vn -1E-05 1 -2E-05
vn -0.55453 0.73741 -0.38566
vn -0.60848 0.73735 -0.29337
vn -0.65783 0.73706 -0.15492
vn -0.96339 -0 -0.26811
vn -0.79467 -2E-05 -0.60705
vn -0.87953 1E-05 -0.47584
vn -0.74707 2E-05 -0.66474
vn -0.74958 -0 -0.66191
vn -0.73479 1E-05 -0.6783
vn -0.78636 1E-05 -0.61777
vn -0.91376 0.17807 -0.36514
vn -0.84825 0 -0.52959
vn -0.9133 0.18139 -0.36465
vn -0.92881 -1E-05 -0.37057
vn -0.96542 0.00031 -0.26069
vn -0.92882 2E-05 -0.37052
vn -0.97176 0.19146 -0.13792
vn -0.99047 1E-05 -0.13775
vn -0.97086 -0.17792 -0.16056
vn -0.96339 -0 -0.26812
vn -0.87954 -2E-05 -0.47583
vn -0.83976 -0.17808 -0.51292
vn -0.79467 2E-05 -0.60705
vn -0.74222 -0.17807 -0.64607
vn -0.74707 -1E-05 -0.66474
vn -0.73479 1E-05 -0.67829
vn -0.72315 -0.17807 -0.66734
vn -0.74958 0 -0.66191
vn -0.74188 -0.17809 -0.64645
vn -0.78636 -1E-05 -0.61777
vn -0.79808 -0.17811 -0.57563
vn -0.84825 -0 -0.52959
vn -0.91376 -0.17808 -0.36516
vn -0.92881 1E-05 -0.37057
vn -0.97176 -0.19147 -0.13793
vn -0.92883 -0 -0.37051
vn -0.96542 -0.0003 -0.26069
vn -0.91331 -0.18139 -0.36463
vn 0 1 0
vn -0.00078 0.99952 0.03088
vn 1E-05 1 -2E-05
vn -1E-05 1 1E-05
vn -0.00191 0.99942 0.03399
vn -0.00019 1 0.00049
vn -0.00196 0.99942 0.03393
vn 0 1 -0
vn 0.65905 0.70259 0.26835
vn -1E-05 1 5E-05
vn 5E-05 1 4E-05
vn 0.65853 0.70258 0.26966
vn -0.00062 0.99952 0.03107
vn -0.00049 1 0.00139
vn 0 1 -0
vn 0.56817 0.7026 0.42841
vn 2E-05 1 -1E-05
vn 0.53269 -0.80168 0.2712
vn 0.3254 -0.91767 0.22802
vn 0.28987 -0.89574 0.33707
vn 0 1 0
vn -0.00013 1 1E-05
vn 0 1 0
vn 0.53293 0.70261 0.47151
vn 3E-05 1 6E-05
vn 0 1 0
vn 0 1 -0
vn 0.52273 0.70259 0.48282
vn -1E-05 1 -4E-05
vn 0 1 0
vn 3E-05 1 7E-05
vn 0 1 0
vn 0.5129 0.73731 0.43967
vn -8E-05 1 9E-05
vn 0.00017 1 0.0001
vn 0 1 0
vn 0.51216 0.7373 0.44055
vn 0 1 -0
vn 0.96259 0.09805 0.25258
vn 0.00012 1 4E-05
vn 0 1 0
vn 0.83705 0.08793 0.54001
vn 0.75636 0.08726 0.64831
vn -0.52803 -0.74629 -0.40526
vn -0.77779 -0.09767 -0.62089
vn -0.49235 -0.76995 -0.40592
vn 0 1 -0
vn 0.98286 0.11292 -0.14573
vn -0.00011 1 1E-05
vn 0 1 0
vn 0.84272 0.12109 -0.52456
vn -7E-05 1 4E-05
vn 0 1 0
vn -1E-05 1 -3E-05
vn 0 1 -0
vn 0 1 -0
vn 0.57343 0.11754 -0.81078
vn -0 1 -5E-05
vn 0 1 0
vn 0.21595 0.10633 -0.9706
vn -1E-05 1 -2E-05
vn 0 1 -0
vn -0.18541 0.09642 -0.97792
vn -1E-05 1 3E-05
vn 0 1 0
vn -0.55311 0.09073 -0.82815
vn -0.0001 1 -0.00012
vn 0 1 -0
vn -0.78065 0.08698 -0.61889
vn -0.0001 1 0.00019
vn 0 1 0
vn 0 1 0
vn -0.83995 0.08691 -0.53566
vn -5E-05 1 -1E-05
vn 3E-05 1 4E-05
vn -0.56967 0.73723 -0.36327
vn -0.57053 0.7372 -0.36198
vn 0 1 -0
vn -0.77076 0.07357 -0.63286
vn 2E-05 1 -0
vn 0 1 -0
vn -0.77188 0.07193 -0.63169
vn -3E-05 1 1E-05
vn 0 1 -0
vn -0.80213 0.11328 -0.5863
vn -1E-05 1 -3E-05
vn 0 1 -0
vn 0 1 0
vn -0.7828 0.08684 -0.61619
vn 0 1 -0.00034
vn -0 1 -0.00034
vn 0 1 -1E-05
vn -0.56041 0.7488 -0.35389
vn -1E-05 1 3E-05
vn -8E-05 1 -1E-05
vn -0.56026 0.74886 -0.35401
vn -0.5602 0.74897 -0.35388
vn 3E-05 1 0.0001
vn 7E-05 1 -0.00011
vn 0.0001 1 -0.00016
vn 0 1 -0
vn -2E-05 1 1E-05
vn 0 1 0
vn 0 1 -0
vn 0 1 0
vn 0 1 -0
vn 0 1 0
vn -2E-05 1 -1E-05
vn -0.89478 0.42934 0.12263
vn -0.91558 0.37872 -0.13524
vn -0.68388 0.72439 -0.08698
vn -0.68396 0.72432 -0.08699
vn -0.63801 0.768 0.05589
vn 0.00727 0.9612 0.27577
vn -0.63825 0.76781 0.05573
vn -0.68372 0.72444 -0.08783
vn -0.37377 0.92706 0.02922
vn -0.9937 -4E-05 0.11203
vn -0.97172 0.19171 -0.1379
vn -0.99905 -4E-05 0.0436
vn -0.99047 -1E-05 -0.13776
vn -0.8949 -0.42908 0.12263
vn -0.99047 -1E-05 -0.13774
vn -0.99905 -0 0.04359
vn -0.99047 1E-05 -0.13775
vn -0.97171 -0.1917 -0.13793
vn -0.99371 -0 0.11202
vn -0.97699 5E-05 0.21327
vn -0.92343 -0.30243 0.23625
vn -0.97699 -3E-05 0.21327
vn -0.53242 0.82682 0.18138
vn -0.7637 0.59219 0.25706
vn -0.92343 0.30245 0.23624
vn 0.04284 0.92095 0.38733
vn -0.54087 0.82086 0.18345
vn -0.70411 0.66427 0.25096
vn -0.50166 0.83771 0.21584
vn 0.07888 0.88484 0.45917
vn -0.50123 0.83796 0.21585
vn -0.45841 0.85416 0.24552
vn -0.36518 0.89328 0.26208
vn 0.12282 0.85306 0.50716
vn -0.36519 0.89331 0.26197
vn -0.88401 -0 -0.46747
vn -0.90045 -0 -0.43496
vn -0.88401 0 -0.46748
vn -0.82475 0 -0.56549
vn -0.82477 -0 -0.56547
vn -0.79403 -0 -0.60788
vn -0.51097 0.83476 0.20515
vn -0.79403 -0 -0.60787
vn -0.69585 0 -0.71819
vn -0.22192 0.94125 0.25457
vn -0.17557 0.95261 0.24843
vn 0.1931 0.84207 0.50362
vn -0.18267 0.95207 0.24534
vn -0.22205 0.94124 0.25448
vn -0.05289 0.97435 0.21873
vn -0.05304 0.97436 0.21866
vn 0.15868 0.84313 0.51376
vn 0.22817 0.84047 0.49148
vn 0.06739 0.97909 0.19192
vn -0.69588 -0 -0.71816
vn 0.9514 -0.00019 0.30795
vn 0.87278 -0.29988 0.38513
vn 0.9514 0.00019 0.30794
vn 0.72991 0.62342 0.28032
vn 0.74049 0.59454 0.31338
vn 0.92127 0.00016 0.38892
vn 0.87277 0.29987 0.38515
vn 0.73557 0.58622 0.33953
vn 0.32823 0.86665 0.37574
vn 0.70355 0.66608 0.24768
vn 0.68715 0.68697 0.23642
vn 0.73016 0.62316 0.28026
vn 0.34352 0.82925 0.44084
vn 0.54073 0.82238 0.17692
vn 0.3246 0.8245 0.46349
vn 0.32936 0.93073 0.15898
vn 0.28635 0.83061 0.4776
vn 0.30078 0.89945 0.31704
vn 0.74074 0.59421 0.31338
vn 0.92127 -0.00015 0.38892
vn 0.87608 0.00026 0.48216
vn 0.86309 -0.16368 0.47779
vn 0.87609 -0.00027 0.48215
vn 0.71352 0.60135 0.35953
vn 0.82285 0.33967 0.45556
vn 0.86307 0.16367 0.47783
vn 0.19184 0.96492 0.17925
vn 0.71334 0.60194 0.35892
vn 0.73551 0.5863 0.33954
vn 0.70712 0.60367 0.36819
vn 0.12843 0.98468 0.11797
vn 0.70713 0.60368 0.36815
vn 0.2539 0.93484 0.2482
vn 0.68668 0.62299 0.37464
vn 0.6867 0.62296 0.37466
vn 0.87609 0.00026 0.48214
vn 0.87609 -0.00026 0.48215
vn 0.86307 -0.16374 0.47781
vn 0.66627 0.64491 0.37439
vn 0.64615 0.66846 0.3683
vn 0.37014 0.90446 0.212
vn 0.64627 0.66852 0.36798
vn 0.66609 0.64513 0.37434
vn 0.36969 0.90476 0.21153
vn 0.64594 0.66886 0.36795
vn 0.64628 0.6684 0.36819
vn 0.36995 0.90454 0.212
vn 0.07529 0.99493 0.06662
vn 0.03616 0.99908 0.02296
vn 0.64336 0.66883 0.37249
vn -0.00681 0.99009 0.14025
vn -0.00781 0.98969 0.14302
vn -0.00783 0.98968 0.14305
vn -0.00581 0.99048 0.13751
vn -0.00594 0.99 0.14093
vn -0.00793 0.98964 0.14336
vn -0.00687 0.9901 0.14016
vn -0.00591 0.98953 0.1442
vn 0.00722 0.96117 0.27585
vn -0.00793 0.98964 0.14336
vn -0.00763 0.98976 0.14254
vn -0.00592 0.99 0.14094
vn -0.00592 0.98953 0.14419
vn -0.00793 0.98964 0.14336
vn -0.00592 0.98999 0.14099
vn -0.00687 0.9901 0.14018
vn -0.00584 0.99046 0.13768
vn -0.00577 0.9905 0.13738
vn 0.53367 0.80234 0.26731
vn -0.0059 0.99001 0.14086
vn -0.00595 0.99046 0.13769
vn 0.53363 0.80229 0.26752
vn 0.0201 0.99953 -0.02301
vn 0.01977 0.99959 -0.02062
vn 4E-05 1 -4E-05
vn -0.5713 0.75652 -0.31825
vn -0.00509 0.99995 0.0082
vn 0.01988 0.9996 -0.02003
vn 1E-05 1 -0.00019
vn -0.5643 0.74881 -0.34764
vn 0.03589 0.99911 0.02227
vn 0.03513 0.99909 0.02436
vn 0.03095 0.999 0.0324
vn 0.03436 0.99906 0.02647
vn 0.03636 0.99908 0.02275
vn 0.03436 0.99906 0.02652
vn 0.03519 0.9991 0.0237
vn 0.03503 0.999 0.02762
vn 0.03424 0.99907 0.02637
vn 0.03637 0.99908 0.02279
vn -0.5695 0.75701 -0.32033
vn 0.03437 0.99906 0.02638
vn 0.03507 0.99901 0.02742
vn -0.76825 -0.10808 -0.63096
vn -0.56897 0.75658 -0.32227
vn 0.03628 0.99908 0.02266
vn 0.03516 0.9991 0.02376
vn 0.036 0.9991 0.02254
vn 0.03244 0.99907 0.02836
vn 0.02009 0.99954 -0.02254
vn 0.0363 0.99909 0.0224
vn 0.03587 0.99912 0.02182
vn -0.00581 0.99994 0.00913
vn 0.00977 0.9634 0.26787
vn 0.04282 0.92094 0.38734
vn 0.07848 0.89087 0.44742
vn 0.07888 0.88482 0.4592
vn 0.04339 0.92592 0.37521
vn 0.12315 0.85804 0.4986
vn 0.12278 0.85307 0.50715
vn 0.16085 0.84591 0.5085
vn 0.15867 0.84313 0.51377
vn 0.13037 0.85477 0.50237
vn 0.19761 0.84291 0.50045
vn 0.19312 0.84208 0.5036
vn 0.23365 0.84046 0.48891
vn 0.22817 0.84041 0.49158
vn 0.29033 0.83141 0.47377
vn 0.28634 0.83053 0.47774
vn 0.26538 0.83606 0.48019
vn 0.325 0.82635 0.45991
vn 0.32469 0.82452 0.46341
vn 0.34374 0.82915 0.44086
vn 0.33253 0.8503 0.40795
vn 0.32822 0.86665 0.37575
vn 0.33506 0.84487 0.41705
vn 0.33801 0.83459 0.43498
vn 0.31638 0.87536 0.36559
vn 0.30074 0.89948 0.31699
vn 0.28654 0.9066 0.3098
vn 0.25389 0.93485 0.24817
vn 0.24118 0.93858 0.24678
vn 0.19189 0.9649 0.17927
vn 0.18466 0.96548 0.18372
vn 0.12843 0.98467 0.11801
vn 0.09064 0.99176 0.09054
vn 0.07529 0.99493 0.06661
vn 0.12627 0.984 0.12569
vn 0.03584 0.99895 0.02843
vn 0.05969 0.99652 0.05821
vn 0.03591 0.99895 0.02852
vn -0.56984 0.75701 -0.31972
vn 0.03556 0.99895 0.02904
vn 0.06096 0.99641 0.05882
vn -0.53489 0.80008 -0.27159
vn 0.09054 0.99176 0.09059
vn -0.54984 0.79952 -0.24175
vn 0.12632 0.984 0.12563
vn -0.5543 0.81092 -0.18751
vn 0.18466 0.96548 0.18371
vn -0.5295 0.84412 -0.08426
vn 0.2412 0.93858 0.24676
vn -0.41504 0.90387 0.10373
vn 0.28655 0.90659 0.30981
vn -0.10173 0.93152 0.34918
vn 0.31635 0.87534 0.36565
vn 0.33266 0.85026 0.40791
vn 0.34028 0.84395 0.41468
vn -0.26919 0.68288 0.67912
vn 0.33803 0.83462 0.4349
vn -0.52386 0.68304 0.50895
vn -0.76864 0.59237 0.24143
vn 0.32504 0.82632 0.45993
vn 0.07552 0.5966 0.79898
vn 0.29032 0.83143 0.47374
vn 0.30149 0.50282 0.81011
vn 0.26543 0.83607 0.48014
vn 0.40857 0.45584 0.79075
vn 0.23372 0.84043 0.48893
vn 0.51177 0.41183 0.75398
vn 0.19758 0.84291 0.50047
vn 0.60633 0.37398 0.70178
vn 0.16095 0.84587 0.50853
vn 0.6885 0.34492 0.63797
vn 0.13033 0.85457 0.50272
vn 0.18671 0.84966 0.49318
vn 0.12372 0.85811 0.49834
vn 0.75739 0.32629 0.56559
vn 0.07844 0.89093 0.44732
vn 0.24355 0.86673 0.43528
vn 0.04215 0.92606 0.375
vn 0.28982 0.89574 0.33712
vn 0.01213 0.96324 0.26838
vn -0.00558 0.98972 0.14293
vn -0.00594 0.98955 0.14408
vn 0.32516 0.91751 0.22901
vn 0.32544 0.91765 0.22805
vn 0.67241 -0.73743 0.06375
vn 0.91512 -0.39321 0.08907
vn 0.67234 -0.73734 0.06545
vn 0.87106 -0.39319 0.29437
vn 0.67235 -0.73734 0.06541
vn 0.91512 -0.39321 0.08906
vn -0.0001 -1 -0
vn 0.6724 -0.73744 0.0638
vn 0.67219 -0.73735 0.0669
vn 0.66026 -0.73734 0.14282
vn 0.3607 -0.93202 0.03514
vn 0.67235 -0.73732 0.06551
vn 0.66029 -0.73731 0.14279
vn 0.36061 -0.93202 0.03589
vn 0.89533 -0.39303 0.20954
vn 0.93393 -0.3457 0.09089
vn 0.93393 -0.34571 0.09088
vn 0.57594 -0.73738 0.35294
vn 0.75855 -0.3932 0.51961
vn 0.63948 -0.73734 0.21772
vn 0.52193 -0.73735 0.42884
vn 0.70998 -0.39321 0.58423
vn 0.53527 -0.73734 0.41208
vn 0.52961 -0.73732 0.41937
vn 0.72466 -0.39319 0.56592
vn 0.52413 -0.73731 0.42622
vn 0.52149 -0.73732 0.42942
vn 0.57133 -0.73734 0.36043
vn 0.77817 -0.3932 0.48974
vn 0.57115 -0.73729 0.36083
vn 0.55167 -0.73737 0.38982
vn 0.53837 -0.73735 0.40802
vn 0.61225 -0.71402 0.33959
vn 0.77673 -0.39716 0.48883
vn 0.5714 -0.73728 0.36044
vn 0.78972 -0.35977 0.4969
vn 0.82288 -0.33956 0.45559
vn 0.78978 -0.35961 0.49692
vn 0.64627 -0.66833 0.36835
vn 0.64647 -0.66808 0.36844
vn 0.30643 -0.93204 0.19337
vn 0.5714 -0.73724 0.36053
vn 0.57141 -0.7372 0.36059
vn 0.6122 -0.71385 0.34005
vn 0.56727 -0.73723 0.36701
vn 0.64328 -0.66897 0.37238
vn 0.36649 -0.9047 0.21727
vn 0.30642 -0.93205 0.19336
vn 0.30122 -0.93197 0.20173
vn 0.30639 -0.93203 0.19352
vn 0.57114 -0.73734 0.36073
vn 0.5516 -0.73736 0.38992
vn -0 -1 0
vn 0.53838 -0.73735 0.408
vn 2E-05 -1 1E-05
vn 0 -1 6E-05
vn -1E-05 -1 -1E-05
vn 0.52961 -0.73731 0.41938
vn 0.52412 -0.73732 0.42621
vn 1E-05 -1 3E-05
vn 0.5215 -0.73732 0.42941
vn 2E-05 -1 3E-05
vn 0.52193 -0.73734 0.42886
vn -1E-05 -1 3E-05
vn 0.53528 -0.73735 0.41206
vn 0 -1 2E-05
vn 0.5759 -0.73739 0.35297
vn 6E-05 -1 1E-05
vn 0.63954 -0.73734 0.21753
vn 0.0001 -1 3E-05
vn -0.66803 -0.73733 0.10044
vn -0.91341 -0.3932 0.10528
vn -0.67107 -0.73734 0.07737
vn -0.9073 -0.39289 -0.14984
vn -0.67108 -0.73733 0.07737
vn -0.9134 -0.39321 0.10529
vn 2E-05 -1 -0
vn -0.668 -0.73736 0.1004
vn -0.67094 -0.73734 0.07853
vn -0.67347 -0.73724 -0.05393
vn -0.36003 -0.93203 0.0413
vn -0.67113 -0.73733 0.07698
vn -0.6736 -0.73714 -0.05377
vn -0.35994 -0.93202 0.04213
vn -0.89477 -0.39322 0.21156
vn -0.93217 -0.3457 0.10746
vn -0.93217 -0.3457 0.10744
vn -0.60195 -0.73733 0.30659
vn -0.72392 -0.39319 0.56686
vn -0.65417 -0.73732 0.16855
vn -0.47565 -0.73731 0.47972
vn -0.28133 -0.39322 0.87534
vn 0.13879 -0.73732 0.66113
vn 0.21731 -0.39323 0.89339
vn -0.07583 -0.73732 0.67127
vn 0.33844 -0.73732 0.58465
vn 0.6484 -0.39321 0.65189
vn 0.61213 -0.73732 0.28576
vn 0.50319 -0.73733 0.45072
vn 1E-05 -1 -0
vn 0.61217 -0.73732 0.28567
vn 1E-05 -1 1E-05
vn 0 -1 1E-05
vn -0 -1 -1E-05
vn 0.50316 -0.73732 0.45076
vn 0.33836 -0.73733 0.58469
vn 2E-05 -1 -0
vn 0.13869 -0.73732 0.66116
vn 1E-05 -1 -1E-05
vn -0.07584 -0.73731 0.67128
vn -1E-05 -1 0
vn -0.47579 -0.73731 0.47958
vn -1E-05 -1 1E-05
vn -0.60215 -0.73735 0.30617
vn -0 -1 2E-05
vn -0.65418 -0.73733 0.16851
vn -2E-05 -1 -1E-05
vn -0.56204 -0.73735 -0.37474
vn -0.85357 -0.3932 -0.34178
vn -0.62665 -0.73733 -0.25229
vn -0.66698 -0.72176 -0.18492
vn -0.62657 -0.73742 -0.25226
vn -0.85202 -0.39712 -0.34111
vn -2E-05 -1 -3E-05
vn -0.56204 -0.73736 -0.37473
vn -0.62652 -0.73737 -0.25251
vn -0.33612 -0.93203 -0.13541
vn -0.37398 -0.92696 0.0297
vn -0.62641 -0.73741 -0.25264
vn -0.66669 -0.72205 -0.18484
vn -0.33614 -0.93204 -0.13532
vn -0.74557 -0.39322 -0.53805
vn -0.86632 -0.3594 -0.34687
vn -0.68395 -0.72433 -0.08701
vn -0.86645 -0.35927 -0.34667
vn -0.52083 -0.73732 -0.43022
vn -0.69315 -0.3932 -0.6041
vn -0.5381 -0.73735 -0.40836
vn -0.4967 -0.73734 -0.45783
vn -0.67571 -0.3932 -0.62355
vn -0.50059 -0.73734 -0.45358
vn -0.50855 -0.73732 -0.44467
vn -0.49697 -0.73735 -0.45754
vn -0.69355 -0.39321 -0.60363
vn -0.55519 -0.73736 -0.38478
vn -0.78474 -0.3932 -0.47915
vn -0.51178 -0.73733 -0.44094
vn -0.62776 -0.73737 -0.24939
vn -2E-05 -1 -1E-05
vn -0.62768 -0.73739 -0.24954
vn -1E-05 -1 -1E-05
vn -0 -1 2E-05
vn -0.55513 -0.7374 -0.3848
vn 3E-05 -1 1E-05
vn -0.51178 -0.73734 -0.44093
vn -2E-05 -1 1E-05
vn -0.49697 -0.73731 -0.45759
vn 0 -1 1E-05
vn -0.49674 -0.7373 -0.45786
vn 0 -1 -0
vn -0.5006 -0.73731 -0.45363
vn 0 -1 1E-05
vn 1E-05 -1 -0
vn -0.50855 -0.73731 -0.44469
vn -2E-05 -1 -0
vn -0.52082 -0.73734 -0.4302
vn 1E-05 -1 1E-05
vn -0.53808 -0.73736 -0.40837
vn -0.91557 -0.37873 -0.13524
vn 0 -1 0
vn -1E-05 -1 4E-05
vn -0.00192 -0.99942 0.03396
vn -1E-05 -1 2E-05
vn 0 -1 -1E-05
vn -0.00191 -0.99942 0.03389
vn -0.0002 -1 0.00047
vn 0 -1 0
vn 0 -1 -0
vn 0 -1 -0
vn 0 -1 0
vn 0 -1 -0
vn 0 -1 0
vn 0 -1 -0
vn 0 -1 0
vn 0 -1 -0
vn 0 -1 0
vn 3E-05 -1 -0
vn 0 -1 0
vn 0 -1 -0
vn -2E-05 -1 -1E-05
vn 0 -1 -0
vn 0 -1 0
vn 0 -1 -0
vn 0 -1 0
vn 2E-05 -1 -3E-05
vn -1E-05 -1 0
vn -7E-05 -1 5E-05
vn -3E-05 -1 0.00011
vn -0.56024 -0.74887 -0.35402
vn -3E-05 -1 4E-05
vn -1E-05 -1 -3E-05
vn -0.56031 -0.74884 -0.35396
vn 0.00017 -1 -3E-05
vn -0 -1 0.00017
vn -0.56013 -0.74875 -0.35444
vn -0.78282 -0.08694 -0.61615
vn 2E-05 -1 0
vn -0.80224 -0.11333 -0.58615
vn -0.83903 -0.1216 -0.53032
vn -0.77074 -0.07349 -0.63289
vn 1E-05 -1 5E-05
vn -0.7719 -0.07194 -0.63166
vn 4E-05 -1 5E-05
vn -0.57053 -0.73719 -0.36201
vn -0.00013 -1 0.00014
vn -9E-05 -1 -6E-05
vn -0.56966 -0.73722 -0.36332
vn -0.55313 -0.09072 -0.82814
vn 4E-05 -1 -1E-05
vn -0.78068 -0.08702 -0.61884
vn -0.84111 -0.08698 -0.53383
vn -0.18547 -0.09637 -0.97791
vn -1E-05 -1 -2E-05
vn 0.21588 -0.10631 -0.97061
vn 1E-05 -1 -5E-05
vn 0.57335 -0.11755 -0.81083
vn 2E-05 -1 -0
vn -2E-05 -1 3E-05
vn 0.84268 -0.12106 -0.52464
vn -0.0001 -1 -0
vn 0.98285 -0.11291 -0.14578
vn 0.00015 -1 3E-05
vn 0.96262 -0.09802 0.25251
vn 0.00013 -1 0.0001
vn 0.83707 -0.08794 0.53999
vn -8E-05 -1 2E-05
vn 0.53953 -0.70259 0.46397
vn -2E-05 -1 -3E-05
vn 1E-05 -1 3E-05
vn 0.54026 -0.7026 0.46311
vn 0.52275 -0.70257 0.48283
vn -1E-05 -1 2E-05
vn -0.83895 -0.12146 -0.53048
vn 0.53294 -0.70262 0.47149
vn -7E-05 -1 -0.00011
vn 4E-05 -1 4E-05
vn 0.56819 -0.7026 0.42838
vn 2E-05 -1 0
vn -3E-05 -1 -4E-05
vn -0.00076 -0.99953 0.0308
vn 0.53361 -0.8023 0.26751
vn -0.00052 -1 0.00135
vn -0.00086 -0.99952 0.03099
vn 0.65849 -0.70264 0.26959
vn 0.65906 -0.70261 0.2683
vn 0.6868 -0.62286 0.37463
vn 0.82285 -0.33967 0.45557
vn 0.64616 -0.66845 0.3683
vn 0.66635 -0.6449 0.37429
vn 0.07529 -0.99493 0.06668
vn 0.66615 -0.64503 0.37441
vn 0.64632 -0.66844 0.36805
vn 0.36961 -0.90486 0.21124
vn 0.64615 -0.66844 0.36835
vn 0.64573 -0.66893 0.36818
vn 0.37022 -0.90443 0.212
vn 0.37048 -0.90429 0.21217
vn 0.71354 -0.60133 0.35954
vn 0.70724 -0.60355 0.36814
vn 0.19206 -0.96484 0.17944
vn 0.7134 -0.60185 0.35895
vn 0.70728 -0.60353 0.36811
vn 0.73563 -0.58621 0.33944
vn 0.73553 -0.58632 0.33945
vn 0.12861 -0.98464 0.11809
vn 0.68682 -0.62286 0.3746
vn 0.74046 -0.59468 0.31315
vn 0.25412 -0.93471 0.24848
vn 0.74074 -0.59433 0.31317
vn 0.72983 -0.62359 0.28016
vn 0.3283 -0.86648 0.37607
vn 0.7036 -0.66604 0.24766
vn 0.73002 -0.62339 0.28011
vn 0.34375 -0.82909 0.44096
vn 0.6867 -0.68752 0.23611
vn 0.30093 -0.8993 0.31733
vn 0.53975 -0.82307 0.17671
vn -0.45814 -0.8543 0.2455
vn -0.51101 -0.83473 0.20516
vn -0.17499 -0.95271 0.24843
vn -0.70411 -0.66427 0.25096
vn -0.53293 -0.82651 0.18129
vn -0.76374 -0.59213 0.25705
vn -0.22432 -0.94057 0.25496
vn -0.36766 -0.89233 0.26184
vn -0.50337 -0.83698 0.21468
vn 0.19251 -0.84206 0.50385
vn -0.18248 -0.95215 0.24517
vn -0.0538 -0.97427 0.21885
vn 0.15801 -0.84321 0.51384
vn -0.22444 -0.94058 0.25483
vn 0.22762 -0.84048 0.49171
vn 0.06534 -0.97915 0.19235
vn 0.28602 -0.83057 0.47786
vn 0.32788 -0.93126 0.15893
vn 0.32453 -0.82451 0.46353
vn -0.3677 -0.89235 0.26175
vn -0.63758 -0.7683 0.05668
vn -0.6839 -0.72438 -0.08696
vn -0.91558 -0.37872 -0.13523
vn 0.07798 -0.88567 0.45773
vn -0.54116 -0.82072 0.18322
vn -0.50298 -0.8372 0.21471
vn 0.02353 -0.94202 0.33473
vn -0.63787 -0.76807 0.0565
vn 0.12201 -0.85346 0.50668
vn -0.37381 -0.92704 0.02927
vn -0.68376 -0.72441 -0.08777
vn -0.00771 -0.98975 0.14259
vn -0.68396 -0.72428 -0.08728
vn -0.00681 -0.99009 0.14027
vn -0.0058 -0.99048 0.1375
vn -0.00578 -0.9905 0.13739
vn -0.00783 -0.98968 0.14307
vn -0.00689 -0.9901 0.14019
vn -0.00793 -0.98964 0.14336
vn -0.00587 -0.99001 0.1409
vn -0.00585 -0.99 0.14096
vn -0.00581 -0.99046 0.13768
vn -0.0069 -0.9901 0.14022
vn 0.32511 -0.91748 0.22921
vn -0.00586 -0.99047 0.13763
vn -0.0059 -0.99001 0.14089
vn 0.53236 -0.8016 0.27209
vn 0.53363 -0.80234 0.26739
vn -0.00778 -0.98968 0.14305
vn 0.02357 -0.94203 0.3347
vn -0.00586 -0.99 0.14093
vn -0.00794 -0.98964 0.14337
vn 4E-05 -1 -0.0001
vn 0.02005 -0.99953 -0.02304
vn 0 -1 5E-05
vn -0.00567 -0.99994 0.00893
vn 0.02006 -0.99955 -0.02231
vn 0.03513 -0.99909 0.02436
vn 0.03589 -0.99911 0.02224
vn 0.03242 -0.99907 0.02827
vn 0.03436 -0.99906 0.02653
vn 0.01973 -0.99959 -0.02066
vn 0.0364 -0.99908 0.02259
vn 0.03597 -0.99912 0.02178
vn 0.03516 -0.99909 0.02418
vn 0.03587 -0.99912 0.02195
vn 0.03622 -0.99909 0.0225
vn 0.0364 -0.99908 0.02259
vn 0.03517 -0.99909 0.02413
vn 0.0344 -0.99906 0.0264
vn -0.56433 -0.7488 -0.34761
vn 0.03101 -0.999 0.03237
vn 0.01975 -0.9996 -0.02011
vn 0.03639 -0.99908 0.02257
vn 0.03431 -0.99906 0.02631
vn 0.03526 -0.999 0.02766
vn -0.56936 -0.75702 -0.32053
vn 0.03508 -0.99901 0.02748
vn 0.03443 -0.99906 0.02641
vn -0.57133 -0.75648 -0.31831
vn -0.56896 -0.75655 -0.32236
vn -0.0051 -0.99995 0.00814
vn -0.0053 -0.98954 0.14416
vn -0.0059 -0.98956 0.14399
vn 0.00958 -0.96365 0.26701
vn -0.00552 -0.98971 0.14297
vn 0.01177 -0.96351 0.26742
vn 0.04289 -0.92646 0.37395
vn 0.04162 -0.92661 0.37371
vn 0.07795 -0.88568 0.45771
vn 0.07788 -0.89152 0.44624
vn 0.24358 -0.86676 0.43519
vn 0.07781 -0.89152 0.44625
vn 0.12198 -0.85345 0.50669
vn 0.12252 -0.85833 0.49826
vn 0.18628 -0.84997 0.4928
vn 0.12268 -0.85834 0.4982
vn 0.1304 -0.85478 0.50234
vn 0.13035 -0.85457 0.50271
vn 0.15803 -0.8432 0.51384
vn 0.16039 -0.84596 0.50856
vn 0.68983 -0.3445 0.63675
vn 0.16038 -0.84595 0.50857
vn 0.75839 -0.32606 0.56439
vn 0.19709 -0.84293 0.50063
vn 0.60786 -0.37341 0.70077
vn 0.19714 -0.84291 0.50064
vn 0.19248 -0.84207 0.50386
vn 0.23323 -0.8405 0.48905
vn 0.51333 -0.41119 0.75327
vn 0.23329 -0.84047 0.48906
vn 0.22764 -0.84049 0.49169
vn 0.26509 -0.83614 0.48021
vn 0.41017 -0.45518 0.7903
vn 0.26508 -0.83613 0.48023
vn 0.28603 -0.83062 0.47777
vn 0.29011 -0.83147 0.47381
vn 0.30298 -0.50213 0.80998
vn 0.2901 -0.83145 0.47385
vn 0.32494 -0.82634 0.45997
vn 0.07707 -0.59602 0.79927
vn 0.32491 -0.82634 0.45999
vn 0.34373 -0.82909 0.44098
vn 0.33812 -0.83447 0.43513
vn 0.33809 -0.8345 0.43509
vn 0.3245 -0.82452 0.46355
vn 0.32833 -0.86648 0.37606
vn 0.3344 -0.84501 0.41729
vn -0.26681 -0.68257 0.68038
vn 0.3402 -0.84397 0.4147
vn 0.33256 -0.85018 0.40817
vn -0.10174 -0.93153 0.34914
vn 0.33255 -0.85017 0.40818
vn -0.52139 -0.68338 0.51102
vn 0.31651 -0.87519 0.36588
vn 0.31664 -0.87512 0.36592
vn 0.30096 -0.89928 0.31736
vn 0.28673 -0.90644 0.3101
vn 0.28672 -0.90644 0.31011
vn 0.25414 -0.93471 0.24847
vn 0.2414 -0.93846 0.24703
vn -0.41506 -0.90387 0.10369
vn 0.24139 -0.93845 0.24705
vn 0.19209 -0.96483 0.17943
vn 0.18482 -0.96542 0.18387
vn -0.52943 -0.84416 -0.08423
vn 0.18482 -0.96541 0.18391
vn 0.12856 -0.98464 0.11814
vn 0.12644 -0.98397 0.12578
vn -0.55434 -0.81088 -0.18755
vn 0.12646 -0.98397 0.12576
vn 0.07534 -0.99493 0.06666
vn 0.09072 -0.99174 0.09064
vn -0.54985 -0.79951 -0.24177
vn 0.09059 -0.99175 0.09065
vn 0.05972 -0.99651 0.05825
vn -0.53488 -0.80009 -0.27159
vn 0.06105 -0.9964 0.0588
vn 0.03587 -0.99895 0.02865
vn 0.03559 -0.99894 0.02908
vn 0.03567 -0.99895 0.02873
vn -0.56982 -0.75703 -0.31969
vn 0.03618 -0.99908 0.02297
vn -0.58861 0.72348 -0.3607
vn -1E-05 1 -1E-05
vn 1E-05 1 4E-05
vn 0 1 -0
vn -0.61129 0.73433 -0.2951
vn -1E-05 1 1E-05
vn 0 1 1E-05
vn -0.59543 0.73434 -0.3259
vn -0.59552 0.73434 -0.32574
vn -0.00186 0.99999 0.00295
vn -0.58853 0.72349 -0.36083
vn -3E-05 1 1E-05
vn 0.00083 1 0.00054
vn -0.52803 0.74629 -0.40526
vn 0.00015 1 0.00013
vn -0.49238 0.76992 -0.40595
vn -5E-05 1 -2E-05
vn 0 1 0
vn 0 1 -0
vn -0.55444 0.7539 -0.35247
vn 0 1 1E-05
vn -1E-05 1 -2E-05
vn 0 1 0
vn -0.55447 0.7539 -0.35241
vn 0 1 -0
vn -0.52567 0.73609 -0.42642
vn -1E-05 1 2E-05
vn 0 1 0
vn -0.77779 -0.09768 -0.62089
vn -0.80311 -0.05741 -0.59305
vn -0.78286 -0.08693 -0.61609
vn 0 1 -0
vn -0.27069 0.73608 -0.62041
vn -1E-05 1 -1E-05
vn 0.19485 0.7361 -0.64823
vn -2E-05 1 3E-05
vn 0.52781 0.73607 -0.4238
vn 3E-05 1 -1E-05
vn -5E-05 1 1E-05
vn 0.67685 0.7361 0.00625
vn 0 1 -3E-05
vn 0.58092 0.73609 0.34743
vn 0 1 3E-05
vn -1E-05 1 -2E-05
vn 0.5049 0.74697 0.43257
vn -2E-05 1 3E-05
vn -0.00013 1 -0.00018
vn 0.50528 0.74697 0.43212
vn 0.49401 0.73983 0.45674
vn 0 1 1E-05
vn 0.51295 0.72893 0.45337
vn 0.00021 1 0.00018
vn 0.48403 0.79619 0.36305
vn -0 1 -1E-05
vn 0.61235 0.74733 0.25791
vn -2E-05 1 3E-05
vn -3E-05 1 4E-05
vn -5E-05 1 -1E-05
vn 0.00122 1 0.00055
vn 0.61379 0.74732 0.25452
vn -2E-05 1 -0
vn -8E-05 1 0.0001
vn 0.5597 0.78302 0.27132
vn -1E-05 1 -3E-05
vn 4E-05 1 2E-05
vn 0 1 -0
vn 0.55946 0.78303 0.27179
vn 0.59271 0.73432 0.33086
vn -2E-05 1 -1E-05
vn 0 1 0
vn -0.76825 -0.10807 -0.63096
vn -0.7719 -0.07191 -0.63166
vn 0.5322 0.73433 0.42133
vn 2E-05 1 -0
vn 0 1 -0
vn 0.38957 0.73465 0.55545
vn -2E-05 1 -2E-05
vn 0.09542 0.73563 0.67063
vn -1E-05 1 -0
vn -0.28635 0.73547 0.61407
vn -1E-05 1 3E-05
vn 2E-05 1 0
vn -0.59344 0.73634 0.32499
vn -1E-05 1 2E-05
vn -0.67654 0.73637 -0.00695
vn -3E-05 1 -2E-05
vn -0.64633 0.73453 -0.20672
vn -1E-05 1 1E-05
vn -0.77345 0.08526 -0.62809
vn -0.78055 0.08701 -0.61901
vn -0.84065 0.08692 -0.53455
vn -0.84113 0.08691 -0.5338
vn -0.84095 0.08661 -0.53413
vn -0.77072 0.07343 -0.63292
vn -0.84094 0.08693 -0.53411
vn -0.84065 0.08692 -0.53456
vn -0.5529 0.09073 -0.82829
vn -0.53417 0.08427 -0.84117
vn -0.18559 0.09639 -0.97789
vn -0.17188 0.09275 -0.98074
vn 0.2158 0.10631 -0.97063
vn 0.56647 0.11714 -0.81571
vn 0.57343 0.11755 -0.81078
vn 0.22005 0.10612 -0.9697
vn 0.82961 0.1201 -0.54527
vn 0.8428 0.12103 -0.52445
vn 0.97639 0.11163 -0.18494
vn 0.9829 0.11291 -0.14549
vn 0.9741 0.0974 0.20407
vn 0.96266 0.09803 0.25233
vn 0.85017 0.08784 0.51913
vn 0.83716 0.08792 0.53985
vn 0.75685 0.08728 0.64773
vn 0.75672 0.08727 0.64789
vn 0.73196 0.07838 0.67682
vn 0.75671 0.08728 0.64789
vn 0.75684 0.08727 0.64775
vn 0.7315 0.09168 0.67565
vn 0.75524 0.08728 0.64961
vn 0.73151 0.09221 0.67556
vn 0.75707 0.08724 0.64749
vn 0.85017 0.08786 0.51913
vn 0.73194 0.07842 0.67684
vn 0.75652 0.08728 0.64812
vn 0.9741 0.09737 0.2041
vn 0.97639 0.11162 -0.18497
vn 0.82962 0.1201 -0.54526
vn 0.56648 0.11713 -0.81571
vn 0.22004 0.10613 -0.9697
vn -0.17183 0.09266 -0.98076
vn -0.53419 0.08428 -0.84115
vn -0.77347 0.08526 -0.62808
vn -0.84073 0.0869 -0.53444
vn -0.76824 0.1081 -0.63097
vn -0.84076 0.08694 -0.53439
vn -0.76823 0.10811 -0.63098
vn 0.85866 0.24938 0.4478
vn 0.87666 0.33483 0.34548
vn 0.88853 0.33958 0.30855
vn 0.53269 0.80167 0.27122
vn 0.88867 0.33968 0.30803
vn 0.87693 0.33507 0.34455
vn 0.87892 0.22629 0.41988
vn 0.88898 0.33911 0.30775
vn 0.87891 0.22627 0.41991
vn 0.88849 0.33972 0.3085
vn 0.889 0.3392 0.30762
vn 0.88857 0.33958 0.30842
vn 0.53251 0.8015 0.27209
vn 0.82462 0.24853 0.50817
vn 0.86132 0.3256 0.39002
vn 0.86133 0.32563 0.38998
vn 0.84093 0.3202 0.43625
vn 0.84033 0.32011 0.43747
vn 0.69531 0.27045 0.66588
vn 0.81544 0.31895 0.48305
vn 0.81546 0.31896 0.483
vn 0.75736 0.32637 0.56559
vn 0.46285 0.36918 0.8059
vn 0.6885 0.34495 0.63794
vn 0.60634 0.37397 0.70178
vn 0.17254 0.48647 0.85649
vn 0.51179 0.4118 0.75398
vn 0.40861 0.45582 0.79073
vn -0.11292 0.58682 0.80181
vn 0.30151 0.50279 0.81012
vn 0.07556 0.5966 0.79897
vn -0.35455 0.65577 0.66653
vn -0.26926 0.68291 0.67907
vn -0.55807 0.67248 0.48614
vn -0.52377 0.68307 0.509
vn -0.74551 0.60684 0.27558
vn -0.7686 0.59242 0.24142
vn -0.90744 0.41781 -0.04461
vn -0.90746 0.41778 -0.04444
vn -0.89613 0.44333 0.02038
vn -0.93604 0.25002 -0.24761
vn -0.93608 0.24991 -0.24757
vn -0.94409 0.22295 -0.24289
vn -0.91926 0.14608 -0.36553
vn -0.91926 0.14607 -0.36555
vn -0.90701 0.09472 -0.41031
vn -0.89633 0.10036 -0.43187
vn -0.89634 0.10048 -0.43184
vn -0.88339 0.09123 -0.45968
vn -0.88332 0.09122 -0.45982
vn -0.88633 0.08218 -0.4557
vn -0.87212 0.09319 -0.48033
vn -0.87206 0.09321 -0.48044
vn -0.86591 0.09589 -0.49092
vn -0.86273 0.10129 -0.49542
vn -0.86309 0.10124 -0.4948
vn -0.87377 0.08211 -0.47936
vn -0.86071 0.05994 -0.50556
vn -0.86279 0.10121 -0.49532
vn -0.86674 0.09446 -0.48973
vn -0.86243 0.10162 -0.49587
vn -0.86275 0.10121 -0.4954
vn -0.86235 0.10171 -0.49599
vn -0.87387 0.08196 -0.4792
vn -0.87408 0.0821 -0.47879
vn -0.88643 0.08094 -0.45573
vn -0.86074 0.0599 -0.50551
vn -0.87385 0.08194 -0.47924
vn -0.85165 0.04187 -0.52244
vn -0.90699 0.09497 -0.4103
vn -0.94407 0.22287 -0.24303
vn -0.89612 0.44335 0.02037
vn -0.7457 0.60652 0.27579
vn -0.55814 0.67236 0.48622
vn -0.35449 0.65578 0.66655
vn -0.11282 0.58684 0.80181
vn 0.1727 0.48654 0.85642
vn 0.46282 0.36921 0.8059
vn 0.69514 0.27083 0.6659
vn 0.8247 0.24839 0.5081
vn 0.85902 0.24797 0.44788
vn 0.87885 0.22626 0.42003
vn 0.8895 0.33847 0.30697
vn 0.9123 0.06221 0.40477
vn 0.8786 0.22625 0.42057
vn 0.9122 0.0623 0.40498
vn 0.88933 0.33848 0.30743
vn 0.92202 0.0874 0.37715
vn 0.92592 0.21258 0.31224
vn 0.92618 0.21157 0.31214
vn 0.9219 0.08719 0.37749
vn 0.91609 0.08782 0.39124
vn 0.80407 0.01157 0.59442
vn 0.9161 0.08782 0.3912
vn 0.9219 0.08718 0.37748
vn 0.80405 0.01239 0.59443
vn 0.92208 0.0874 0.37699
vn 0.88949 0.33862 0.30683
vn 0.91877 0.08776 0.38491
vn 0.79841 0.18835 0.5719
vn 0.91661 0.0878 0.39002
vn 0.79841 0.18833 0.5719
vn 0.73849 0.10813 0.66554
vn 0.73849 0.10817 0.66554
vn 0.74374 0.05865 0.66589
vn 0.76364 0.08398 0.64016
vn 0.76367 0.08396 0.64012
vn 0.76941 0.10065 0.63078
vn 0.76942 0.10066 0.63076
vn -0.58851 -0.72349 -0.36086
vn -0.85154 -0.04189 -0.52261
vn -0.80312 -0.05737 -0.59304
vn 0.74371 0.05863 0.66592
vn -0.86202 0.10204 -0.4965
vn -0.86197 0.10225 -0.49654
vn -0.84952 0.11505 -0.51486
vn -0.8619 0.10219 -0.49668
vn -0.84957 0.11463 -0.51487
vn -0.84396 0.10004 -0.52699
vn -0.83932 0.1214 -0.52991
vn -0.84009 0.12141 -0.52868
vn -0.85087 0.04188 -0.5237
vn -0.80312 0.05742 -0.59305
vn -0.83934 0.12139 -0.52988
vn -0.84397 0.10005 -0.52697
vn -0.83904 0.12168 -0.53029
vn -0.83934 0.12139 -0.52988
vn -0.83902 0.1215 -0.53037
vn -0.85088 0.04188 -0.52369
vn -0.80311 0.05737 -0.59307
vn -0.85154 0.0419 -0.52261
vn -0.80216 0.11327 -0.58627
vn -0.83907 0.12161 -0.53026
vn -0.78282 0.08687 -0.61616
vn -0.77779 0.09769 -0.62089
vn -0.77189 0.07187 -0.63168
vn -0.77779 0.09767 -0.62089
vn -0.80229 -0.11338 -0.58607
vn -0.83895 -0.12157 -0.53046
vn -0.85087 -0.04187 -0.5237
vn -0.77071 -0.07342 -0.63294
vn -0.5955 -0.73434 -0.32577
vn 3E-05 -1 -2E-05
vn 1E-05 -1 -1E-05
vn -0.59544 -0.73434 -0.32587
vn -1E-05 -1 -3E-05
vn -1E-05 -1 -1E-05
vn -0.61127 -0.73434 -0.29513
vn -0 -1 1E-05
vn -0.64635 -0.7345 -0.20675
vn -3E-05 -1 -2E-05
vn -0.67653 -0.73638 -0.00695
vn 0 -1 1E-05
vn 0 -1 -0
vn -0.59347 -0.73635 0.32492
vn -2E-05 -1 -2E-05
vn -2E-05 -1 2E-05
vn -0.28635 -0.73547 0.61407
vn -1E-05 -1 -0
vn 0 -1 -0
vn 0.09543 -0.73563 0.67063
vn -2E-05 -1 -2E-05
vn 0.38958 -0.73466 0.55542
vn 1E-05 -1 -1E-05
vn 0.5322 -0.73434 0.42132
vn -3E-05 -1 -3E-05
vn 0.5927 -0.73433 0.33086
vn 1E-05 -1 0
vn -0 -1 1E-05
vn -5E-05 -1 1E-05
vn -3E-05 -1 4E-05
vn 0.00122 -1 0.00057
vn 0.61378 -0.74733 0.25452
vn -8E-05 -1 0.0001
vn -3E-05 -1 1E-05
vn -0.5886 -0.72351 -0.36067
vn -0.86074 -0.05972 -0.50553
vn -0.85166 -0.04191 -0.52242
vn 0.55943 -0.78304 0.2718
vn 0.55969 -0.78303 0.27131
vn 0.61236 -0.74733 0.25792
vn -2E-05 -1 3E-05
vn 1E-05 -1 -2E-05
vn 0.48402 -0.79619 0.36306
vn 0.00021 -1 0.00018
vn 0.51295 -0.72893 0.45338
vn 0 -1 0
vn 0.49402 -0.73983 0.45673
vn -0.00014 -1 -0.00013
vn -1E-05 -1 4E-05
vn 0.50527 -0.74698 0.43211
vn -2E-05 -1 -3E-05
vn 0 -1 -2E-05
vn 0.50491 -0.74697 0.43255
vn 0.58092 -0.73609 0.34744
vn -2E-05 -1 -3E-05
vn -0.84396 -0.10005 -0.52699
vn -0.85087 -0.04186 -0.52371
vn -0.86071 -0.05996 -0.50556
vn 0.67686 -0.73609 0.00625
vn 2E-05 -1 -6E-05
vn 0 -1 0
vn -2E-05 -1 -0
vn 0.52782 -0.73607 -0.4238
vn 1E-05 -1 -0
vn 0.19484 -0.73609 -0.64823
vn -1E-05 -1 -1E-05
vn -0.27069 -0.73608 -0.62041
vn -1E-05 -1 1E-05
vn -0.52568 -0.73609 -0.42642
vn -0 -1 0
vn 1E-05 -1 -2E-05
vn -0.55447 -0.75392 -0.35238
vn -0 -1 4E-05
vn -4E-05 -1 -6E-05
vn -0.55443 -0.75391 -0.35246
vn 0.00016 -1 0.00013
vn 0.00079 -1 0.00052
vn -1E-05 -1 -1E-05
vn 0 -1 1E-05
vn 0.85016 -0.08784 0.51914
vn 0.83717 -0.08792 0.53983
vn 0.75673 -0.08728 0.64788
vn 0.75634 -0.08727 0.64833
vn 0.75685 -0.08728 0.64774
vn 0.7315 -0.09168 0.67565
vn 0.75684 -0.08727 0.64775
vn 0.75671 -0.08728 0.64789
vn 0.73148 -0.09229 0.67558
vn 0.7553 -0.08728 0.64954
vn 0.96268 -0.09804 0.25227
vn 0.9741 -0.09739 0.20407
vn 0.98288 -0.11288 -0.14559
vn 0.97639 -0.11162 -0.18494
vn 0.84275 -0.12104 -0.52452
vn 0.82961 -0.12009 -0.54528
vn 0.57336 -0.11757 -0.81082
vn 0.21995 -0.10612 -0.96972
vn 0.21575 -0.10629 -0.97065
vn 0.56645 -0.11714 -0.81573
vn -0.17189 -0.09276 -0.98074
vn -0.18566 -0.09638 -0.97788
vn -0.53419 -0.08424 -0.84116
vn -0.55295 -0.09072 -0.82826
vn -0.77345 -0.08526 -0.62809
vn -0.78056 -0.08701 -0.619
vn -0.84095 -0.08692 -0.53408
vn -0.84067 -0.08664 -0.53457
vn -0.84065 -0.08692 -0.53455
vn -0.84094 -0.08693 -0.5341
vn -0.83994 -0.08692 -0.53567
vn -0.84072 -0.08693 -0.53445
vn -0.77349 -0.08526 -0.62805
vn -0.84078 -0.08694 -0.53435
vn -0.53417 -0.08423 -0.84117
vn -0.17188 -0.09269 -0.98075
vn 0.22003 -0.10613 -0.9697
vn 0.56648 -0.11713 -0.81571
vn 0.82962 -0.12008 -0.54527
vn 0.97639 -0.1116 -0.18495
vn 0.97411 -0.09737 0.20405
vn 0.85017 -0.08782 0.51913
vn 0.75707 -0.08729 0.64747
vn 0.73195 -0.07837 0.67683
vn 0.75652 -0.08729 0.64812
vn 0.73194 -0.07847 0.67684
vn -0.88633 -0.08218 -0.45571
vn -0.87215 -0.09314 -0.4803
vn -0.86275 -0.10127 -0.49539
vn -0.86313 -0.10125 -0.49473
vn -0.87208 -0.09323 -0.4804
vn -0.86594 -0.09589 -0.49087
vn -0.86217 -0.10221 -0.4962
vn -0.86673 -0.09449 -0.48974
vn -0.86254 -0.10163 -0.49567
vn -0.86244 -0.10168 -0.49584
vn -0.86271 -0.10135 -0.49544
vn -0.88345 -0.09121 -0.45957
vn -0.88334 -0.0913 -0.45976
vn -0.90701 -0.09472 -0.41032
vn -0.89638 -0.10043 -0.43175
vn -0.89641 -0.10042 -0.43171
vn -0.94409 -0.22294 -0.24288
vn -0.91938 -0.1464 -0.36512
vn -0.91935 -0.1465 -0.36515
vn -0.93606 -0.25086 -0.24668
vn -0.93608 -0.25086 -0.24662
vn -0.89614 -0.44331 0.02036
vn -0.90689 -0.41919 -0.04276
vn -0.90692 -0.41915 -0.04262
vn -0.74551 -0.60685 0.2756
vn -0.76692 -0.59359 0.2439
vn -0.76686 -0.5937 0.24382
vn -0.55806 -0.67247 0.48615
vn -0.52135 -0.68342 0.51101
vn -0.26693 -0.68263 0.68027
vn -0.35452 -0.65578 0.66654
vn 0.07712 -0.59604 0.79924
vn -0.11293 -0.58681 0.80181
vn 0.303 -0.50215 0.80996
vn 0.17254 -0.48646 0.8565
vn 0.41017 -0.45515 0.79031
vn 0.51335 -0.41115 0.75328
vn 0.46285 -0.36917 0.80591
vn 0.60779 -0.37342 0.70083
vn 0.68984 -0.34452 0.63673
vn 0.6953 -0.27045 0.66589
vn 0.75833 -0.32617 0.5644
vn 0.81595 -0.31894 0.48218
vn 0.81599 -0.31897 0.48209
vn 0.82462 -0.24852 0.50817
vn 0.84126 -0.32025 0.43557
vn 0.84067 -0.32019 0.43675
vn 0.8615 -0.32568 0.38955
vn 0.8615 -0.32573 0.38952
vn 0.85865 -0.24939 0.44779
vn 0.87673 -0.3349 0.34525
vn 0.87701 -0.33509 0.34434
vn 0.8789 -0.22629 0.41991
vn 0.88853 -0.33958 0.30854
vn 0.88868 -0.33967 0.30801
vn 0.91229 -0.06222 0.40478
vn 0.88854 -0.33959 0.30851
vn 0.87891 -0.22627 0.4199
vn 0.88899 -0.33913 0.30771
vn 0.88849 -0.33965 0.30858
vn 0.88901 -0.33903 0.30778
vn 0.87885 -0.22627 0.42003
vn 0.85902 -0.24799 0.44786
vn 0.9122 -0.06231 0.40498
vn 0.8786 -0.22628 0.42054
vn 0.82469 -0.2484 0.50813
vn 0.69514 -0.27082 0.66591
vn 0.46279 -0.36919 0.80593
vn 0.17273 -0.48651 0.85643
vn -0.11282 -0.58684 0.80181
vn -0.35452 -0.65573 0.66658
vn -0.55814 -0.67233 0.48625
vn -0.74573 -0.60649 0.27579
vn -0.89611 -0.44336 0.02035
vn -0.94407 -0.22285 -0.24303
vn -0.90699 -0.09496 -0.4103
vn -0.88642 -0.08097 -0.45574
vn -0.87379 -0.08208 -0.47932
vn -0.87407 -0.08211 -0.4788
vn -0.87387 -0.08196 -0.4792
vn -0.86203 -0.10207 -0.49648
vn -0.87386 -0.08194 -0.47923
vn 0.88946 -0.33859 0.30695
vn 0.88954 -0.33842 0.30692
vn 0.92621 -0.21136 0.31219
vn 0.88933 -0.33848 0.30745
vn 0.92591 -0.21255 0.31226
vn 0.91611 -0.08782 0.3912
vn 0.92191 -0.08719 0.37748
vn 0.92202 -0.08756 0.37711
vn 0.79842 -0.18831 0.57189
vn 0.9219 -0.08718 0.37749
vn 0.9161 -0.08782 0.39122
vn 0.804 -0.01171 0.59451
vn 0.92208 -0.08745 0.37699
vn 0.80399 -0.01251 0.59451
vn 0.91877 -0.08775 0.38493
vn 0.79841 -0.18833 0.5719
vn 0.91659 -0.08778 0.39007
vn -0.84393 -0.1 -0.52704
vn 0.76941 -0.10065 0.63077
vn 0.7635 -0.08422 0.64029
vn 0.76359 -0.08403 0.64021
vn 0.74374 -0.05864 0.6659
vn 0.7385 -0.10813 0.66552
vn 0.73848 -0.10814 0.66554
vn 0.7437 -0.05863 0.66594
vn -0.86207 -0.10199 -0.49642
vn 0.76943 -0.10066 0.63075
vn -0.84955 -0.115 -0.51482
vn -0.83932 -0.12138 -0.52991
vn -0.84012 -0.12143 -0.52863
vn -0.84962 -0.11456 -0.5148
vn -0.83938 -0.12138 -0.52982
vn -0.83936 -0.12124 -0.52989
vn -0.86188 -0.10202 -0.49674
vn 0.30838 0.95116 -0.01405
vn -0.31022 0.95067 0
vn 0.21573 0.97645 2E-05
vn -0.07422 0.99502 0.06655
vn 0.21567 0.97647 1E-05
vn -0.31025 0.95065 0
vn 0.19645 3E-05 0.98051
vn 0.30602 0.95179 -0.021
vn 0.21578 0.97644 0.00017
vn 0.02525 0.93051 0.36539
vn 0.3545 0.66895 0.65333
vn 0.21572 0.97646 0.00024
vn -0.11033 0.83794 0.5345
vn 0.5248 -0.0002 0.85123
vn -0.30948 0.94839 -0.06915
vn -0.36967 0.92916 1E-05
vn -0.24275 0.96328 0.1147
vn -0.36966 0.92917 -1E-05
vn 0.30722 0.94757 -0.08788
vn -0.30707 0.94064 -0.1446
vn -0.80817 0.58487 -0.0692
vn -0.81011 0.58628 -1E-05
vn 0.30414 0.93765 -0.16826
vn -0.30226 0.92617 -0.22549
vn -0.80147 0.58028 -0.14461
vn 0.2983 0.91999 -0.25422
vn -0.29492 0.90378 -0.31017
vn -0.78924 0.57116 -0.22555
vn 0.28968 0.89339 -0.34343
vn -0.28479 0.87275 -0.39649
vn -0.77017 0.55736 -0.31014
vn 0.27793 0.85718 -0.43359
vn -0.27177 0.83286 -0.48216
vn -0.74371 0.53819 -0.39654
vn 0.26309 0.81147 -0.52182
vn -0.25603 0.78462 -0.56464
vn -0.70973 0.51361 -0.48217
vn 0.24547 0.75712 -0.6054
vn -0.23791 0.72906 -0.64177
vn -0.66862 0.48387 -0.56464
vn 0.22554 0.69562 -0.68209
vn -0.21786 0.66766 -0.71187
vn -0.62127 0.4496 -0.64178
vn 0.20386 0.62876 -0.7504
vn -0.19648 0.60215 -0.77383
vn -0.569 0.41177 -0.71182
vn 0.18109 0.55854 -0.80947
vn -0.17431 0.5342 -0.82719
vn -0.51315 0.37135 -0.77381
vn 0.15778 0.48662 -0.85925
vn -0.15176 0.46509 -0.87216
vn -0.45522 0.32943 -0.82719
vn 0.13437 0.41441 -0.90012
vn -0.12921 0.39598 -0.90912
vn -0.39634 0.28682 -0.87216
vn 0.11109 0.34264 -0.93287
vn -0.10689 0.32758 -0.93876
vn -0.33747 0.24422 -0.9091
vn 0.08822 0.27207 -0.95823
vn -0.08491 0.26019 -0.96182
vn -0.27918 0.20204 -0.93874
vn 0.06572 0.20268 -0.97704
vn -0.06329 0.19393 -0.97897
vn -0.22174 0.16047 -0.96181
vn 0.04357 0.1344 -0.98997
vn -0.04197 0.12863 -0.9908
vn -0.16527 0.11959 -0.97897
vn 0.0217 0.06698 -0.99752
vn -0.02093 0.0641 -0.99772
vn -0.10963 0.07933 -0.9908
vn -1E-05 -2E-05 -1
vn -0.05466 0.03956 -0.99772
vn 0.05697 0.04139 -0.99752
vn 0.06569 4E-05 -0.99784
vn 0.05699 -0.04125 -0.99752
vn -0 -1E-05 -1
vn 0.06567 -2E-05 -0.99784
vn -0.07128 -2E-05 -0.99746
vn -0.05458 -0.03967 -0.99772
vn -0.07128 3E-05 -0.99746
vn 0.02183 -0.06694 -0.99752
vn -0.02083 -0.06419 -0.99772
vn 0.11438 0.08312 -0.98995
vn 0.17243 0.12529 -0.97702
vn 0.23144 0.16816 -0.9582
vn 0.29148 0.21177 -0.93284
vn 0.35247 0.25609 -0.9001
vn 0.41395 0.30075 -0.85918
vn 0.47515 0.34521 -0.80936
vn 0.53488 0.38861 -0.75025
vn 0.59173 0.42991 -0.68193
vn 0.64403 0.4679 -0.60523
vn 0.69026 0.5015 -0.52158
vn 0.72909 0.52971 -0.43339
vn 0.75987 0.55209 -0.34322
vn 0.78248 0.56859 -0.25384
vn 0.7975 0.57942 -0.16811
vn 0.59774 0.7991 -0.06436
vn 0.80591 0.58551 -0.08761
vn 0.59771 0.79912 -0.06437
vn 0.16389 2E-05 0.98648
vn 0.80533 0.5859 -0.09036
vn 0.13085 1E-05 -0.9914
vn 0.19604 -1E-05 -0.9806
vn 0.26094 3E-05 -0.96536
vn 0.32526 1E-05 -0.94563
vn 0.38882 1E-05 -0.92131
vn 0.4513 -3E-05 -0.89237
vn 0.52242 1E-05 -0.85269
vn 0.59086 -1E-05 -0.80677
vn 0.71704 2E-05 -0.69704
vn 0.65597 -0 -0.75478
vn 0.77324 1E-05 -0.63412
vn 0.82406 2E-05 -0.5665
vn 0.86879 2E-05 -0.49518
vn 0.90712 0 -0.42086
vn 0.96358 2E-05 -0.26743
vn 0.93877 -1E-05 -0.34455
vn 0.9818 -3E-05 -0.1899
vn 0.90915 0.40318 -0.10433
vn 0.99351 -1E-05 -0.11376
vn 0.14747 2E-05 0.98907
vn 0.90916 0.40319 -0.10425
vn 0.79064 1E-05 0.61229
vn 0.99351 0 -0.11373
vn 0.13888 4E-05 0.99031
vn 0.13086 -2E-05 -0.9914
vn 0.11435 -0.08276 -0.98999
vn 0.19606 2E-05 -0.98059
vn 0.17243 -0.1248 -0.97708
vn 0.26093 -0 -0.96536
vn 0.23147 -0.16752 -0.95831
vn 0.32525 -1E-05 -0.94563
vn 0.29151 -0.21096 -0.93302
vn 0.38884 0 -0.92131
vn 0.3525 -0.25509 -0.90037
vn 0.45132 2E-05 -0.89236
vn 0.414 -0.2996 -0.85956
vn 0.52241 1E-05 -0.85269
vn 0.47517 -0.34387 -0.80992
vn 0.59086 -0 -0.80677
vn 0.65598 1E-05 -0.75478
vn 0.53493 -0.38711 -0.751
vn 0.71706 -2E-05 -0.69701
vn 0.59183 -0.42828 -0.68287
vn 0.77323 1E-05 -0.63412
vn 0.64422 -0.46619 -0.60635
vn 0.82406 2E-05 -0.5665
vn 0.69055 -0.49975 -0.52287
vn 0.86879 -0 -0.49519
vn 0.7295 -0.52792 -0.43489
vn 0.90711 -1E-05 -0.42089
vn 0.76043 -0.55033 -0.3448
vn 0.93877 2E-05 -0.34454
vn 0.96357 -0 -0.26744
vn 0.78318 -0.56684 -0.25557
vn 0.9818 -1E-05 -0.18991
vn 0.79834 -0.57777 -0.16983
vn 0.99351 -1E-05 -0.11378
vn 0.97963 -0.16647 -0.11228
vn 0.13961 -5E-05 0.99021
vn 0.97966 -0.16649 -0.11202
vn 0.9935 1E-05 -0.11384
vn 0.79065 -2E-05 0.61226
vn -0.43636 0.88214 0.17727
vn -0.81014 0.58623 -3E-05
vn -0.82756 0.56138 -0
vn -0.58302 0.78119 0.22324
vn -0.82755 0.56139 -1E-05
vn -0.99687 -1E-05 -0.07907
vn -1 3E-05 0
vn -0.99924 -2E-05 -0.03896
vn -0.98687 0 -0.16152
vn -0.96954 1E-05 -0.24493
vn -0.94433 1E-05 -0.32899
vn -0.91117 2E-05 -0.41202
vn -0.87014 0 -0.4928
vn -0.8214 1E-05 -0.57035
vn -0.76574 3E-05 -0.64315
vn -0.63605 -2E-05 -0.77165
vn -0.70362 1E-05 -0.71057
vn -0.56402 -1E-05 -0.82576
vn -0.4883 1E-05 -0.87268
vn -0.35267 -0 -0.93575
vn -0.42127 -2E-05 -0.90693
vn -0.28307 2E-05 -0.9591
vn -0.21276 1E-05 -0.9771
vn -0.14204 -1E-05 -0.98986
vn -0.86948 0.42394 0.25352
vn -1 1E-05 3E-05
vn -0.82751 -0.56146 -6E-05
vn -1 -2E-05 0
vn -0.99924 -0 -0.03894
vn -0.96709 -0.0001 0.25443
vn -1 1E-05 1E-05
vn -0.82753 -0.56143 -2E-05
vn -0.96709 0.0001 0.25444
vn -0.80708 -0.58638 -0.06917
vn -0.99687 -2E-05 -0.07907
vn -0.80902 -0.58778 -3E-05
vn -0.80052 -0.58157 -0.14473
vn -0.98687 -2E-05 -0.16152
vn -0.78814 -0.57274 -0.22539
vn -0.96954 -2E-05 -0.24493
vn -0.76911 -0.55879 -0.31019
vn -0.94433 1E-05 -0.32899
vn -0.74271 -0.53961 -0.39649
vn -0.91116 -2E-05 -0.41205
vn -0.70877 -0.51496 -0.48214
vn -0.87014 2E-05 -0.49281
vn -0.66774 -0.48515 -0.56458
vn -0.82141 1E-05 -0.57034
vn -0.62042 -0.45077 -0.64179
vn -0.76574 -1E-05 -0.64315
vn -0.70364 3E-05 -0.71056
vn -0.56817 -0.4128 -0.71189
vn -0.63607 0 -0.77163
vn -0.51243 -0.37231 -0.77382
vn -0.56403 -0 -0.82575
vn -0.45458 -0.33029 -0.82721
vn -0.4883 -0 -0.87268
vn -0.39579 -0.28756 -0.87216
vn -0.42127 -2E-05 -0.90694
vn -0.33695 -0.24482 -0.90914
vn -0.35266 1E-05 -0.93575
vn -0.27878 -0.20255 -0.93875
vn -0.28308 1E-05 -0.9591
vn -0.22147 -0.1609 -0.9618
vn -0.21276 -0 -0.9771
vn -0.16503 -0.1199 -0.97897
vn -0.14204 -1E-05 -0.98986
vn -0.10947 -0.07954 -0.9908
vn 0.04383 -0.13435 -0.98996
vn 0.06612 -0.20265 -0.97702
vn 0.08878 -0.27206 -0.95818
vn 0.11181 -0.34264 -0.93279
vn 0.1352 -0.41432 -0.90003
vn 0.15878 -0.48657 -0.85909
vn 0.18225 -0.55849 -0.80925
vn 0.20512 -0.62864 -0.75016
vn 0.22693 -0.69548 -0.68176
vn 0.24699 -0.75695 -0.605
vn 0.26474 -0.81128 -0.52129
vn 0.27962 -0.85689 -0.43308
vn 0.29143 -0.89304 -0.34284
vn 0.30012 -0.91959 -0.25356
vn 0.90541 -0.41164 -0.10385
vn 0.80689 -0.58392 -0.08926
vn 0.3059 -0.93717 -0.16772
vn 0.18299 2E-05 0.98311
vn 0.80653 -0.58416 -0.09092
vn 0.9054 -0.41165 -0.10388
vn 0.30901 -0.94705 -0.08729
vn 0.66787 -0.74057 -0.07416
vn 0.66786 -0.74059 -0.0741
vn 0.14803 -0 0.98898
vn 0.31019 -0.95058 -0.01348
vn 0.22906 4E-05 0.97341
vn 0.30742 -0.95132 -0.02178
vn -0.04176 -0.12876 -0.9908
vn -0.06291 -0.19403 -0.97898
vn -0.0844 -0.26031 -0.96183
vn -0.10627 -0.32775 -0.93877
vn -0.12847 -0.39623 -0.90912
vn -0.1509 -0.46538 -0.87215
vn -0.17332 -0.53453 -0.82719
vn -0.19536 -0.60252 -0.77383
vn -0.21661 -0.66807 -0.71187
vn -0.23653 -0.72952 -0.64176
vn -0.25456 -0.78511 -0.56463
vn -0.27022 -0.83339 -0.48211
vn -0.28317 -0.8733 -0.39645
vn -0.29324 -0.90434 -0.31012
vn -0.30051 -0.92674 -0.22549
vn -0.30542 -0.94119 -0.14451
vn -0.30768 -0.94897 -0.06917
vn 0.21571 -0.97646 2E-05
vn 0.64482 1E-05 0.76434
vn 0.30183 -0.00012 0.95336
vn 0.35451 -0.66903 0.65324
vn 0.21576 -0.97645 0.00021
vn -0.30841 -0.95125 1E-05
vn -0.07702 -0.99476 0.06728
vn -0.30845 -0.95124 2E-05
vn 0.2157 -0.97646 -2E-05
vn 0.02568 -0.93066 0.36499
vn -0.07699 -0.99476 0.06731
vn 0.21567 -0.97647 3E-05
vn 0.42964 -0.00028 0.903
vn -0.36965 -0.92917 -1E-05
vn -0.48862 -0.8506 0.19424
vn -0.36966 -0.92917 -1E-05
vn -0.27217 -0.95424 0.12388
vn -0.58499 -0.77969 0.22331
vn -0.80902 -0.58778 -0
vn -0.86998 -0.42289 0.25359
vn -0.96242 -0 0.27158
vn -0.97054 0.08908 0.22388
vn -0.96241 3E-05 0.2716
vn -0.97507 2E-05 0.22191
vn -0.97507 -2E-05 0.22191
vn -0.11305 0.46047 0.88045
vn -0.97052 0.08908 0.22394
vn -0.97507 2E-05 0.2219
vn -0.96979 -0.09615 0.22421
vn -0.11865 -1E-05 0.99294
vn -0.97506 -8E-05 0.22194
vn -0.96984 -0.09615 0.22398
vn -0.11855 3E-05 0.99295
vn -0.889 0.38338 0.25039
vn -0.94993 0.20874 0.23252
vn -0.74481 0.61644 0.25545
vn -0.1281 0.68663 0.71563
vn -0.58986 0.77937 0.21131
vn -0.7448 0.61642 0.25553
vn -0.43614 0.88224 0.17729
vn -0.88899 0.38338 0.25043
vn -0.94998 0.20869 0.23237
vn -0.2427 0.96329 0.11473
vn -0.07422 0.99502 0.06648
vn -0.7624 -0.59385 0.25708
vn -0.89207 -0.37661 0.24977
vn -0.94904 -0.21233 0.23288
vn -0.12797 -0.6867 0.71559
vn -0.58907 -0.77883 0.21545
vn -0.48869 -0.85056 0.19423
vn -0.76246 -0.59379 0.25702
vn -0.11021 -0.8379 0.53458
vn -0.27223 -0.95424 0.1238
vn -0.11304 -0.46053 0.88042
vn -0.89203 -0.3767 0.24977
vn -0.94904 -0.21232 0.23289
vn 0.22895 0 0.97344
vn 0.19643 -0 0.98052
vn 0.3017 0 0.9534
vn 0.35458 0.66897 0.65326
vn 0.3019 0.0001 0.95334
vn 0.30172 0 0.9534
vn 0.42952 0 0.90306
vn 0.30173 -2E-05 0.95339
vn 0.18309 0 0.9831
vn 0.16395 -0 0.98647
vn 0.14799 0 0.98899
vn 0.14758 -0 0.98905
vn 0.13975 0 0.99019
vn 0.13841 -1E-05 0.99037
vn 0.13889 -3E-05 0.99031
vn 0.431 0 0.90235
vn 0.35449 -0.66905 0.65323
vn 0.30169 -9E-05 0.95341
vn 0.43084 -0.00023 0.90243
vn 0.52472 -0 0.85128
vn 0.5425 -4E-05 0.84005
vn 0.54258 -0.00016 0.84
vn 0.64467 -0 0.76446
vn 0.67672 0 0.73624
vn 0.67695 -0.00026 0.73603
vn 0.75005 0 0.66138
vn 0.76654 0 0.6422
vn 0.76618 -0.00022 0.64262
vn 0.81097 0 0.58509
vn 0.81862 0 0.57433
vn 0.81859 5E-05 0.57438
vn 0.86761 0 0.49724
vn 0.86867 0 0.49539
vn 0.86877 0.00013 0.49522
vn 0.88773 0 0.46037
vn 0.88748 0 0.46085
vn 0.88748 2E-05 0.46085
vn 0.89386 0 0.44835
vn 0.89386 -2E-05 0.44836
vn 0.89417 -0 0.44773
vn 0.89535 0 0.44537
vn 0.89391 1E-05 0.44824
vn 0.89532 -9E-05 0.44542
vn 0.8941 -0 0.44787
vn 0.8954 5E-05 0.44526
vn 0.89404 9E-05 0.44798
vn 0.88771 2E-05 0.4604
vn 0.8675 5E-05 0.49744
vn 0.81113 -0.00033 0.58487
vn 0.74997 0.00019 0.66147
vt 0.05673 0.06137
vt 0.06955 0.06942
vt 0.03611 0.06158
vt 0.04014 0.08068
vt 0.03658 0.05547
vt 0.01975 0.04751
vt 0.01127 0.04743
vt 0.02 0.07072
vt 0.09975 0.06624
vt 0.10618 0.07001
vt 0.09552 0.09055
vt 0.06679 0.08855
vt 0.1405 0.06328
vt 0.11354 0.08201
vt 0.09728 0.08935
vt 0.00595 0.00916
vt 0.02763 0
vt 0.1497 0.07285
vt 0.16456 0.05758
vt 0.13225 0.0765
vt 0.00115 0.02836
vt 0 0.02892
vt 0.00547 0.02569
vt 0.02454 0.01739
vt 0.0168 0.01808
vt 0.00779 0.05456
vt 0.00299 0.03859
vt 0.00898 0.05697
vt 0.12911 0.1388
vt 0.11358 0.13942
vt 0.12901 0.13873
vt 0.11941 0.13186
vt 0.13005 0.13834
vt 0.11088 0.12426
vt 0.18632 0.17359
vt 0.18756 0.18401
vt 0.17435 0.18141
vt 0.15712 0.15681
vt 0.10132 0.13745
vt 0.11129 0.13921
vt 0.10969 0.12448
vt 0.10981 0.12457
vt 0.27292 0.22089
vt 0.2782 0.23414
vt 0.26483 0.231
vt 0.24445 0.20521
vt 0.21546 0.18952
vt 0.35028 0.26863
vt 0.35949 0.28977
vt 0.34605 0.28612
vt 0.30033 0.23663
vt 0.41725 0.34105
vt 0.40404 0.35508
vt 0.39014 0.35046
vt 0.39075 0.30265
vt 0.43444 0.45607
vt 0.41568 0.4536
vt 0.42928 0.39013
vt 0.43816 0.47993
vt 0.41225 0.45274
vt 0.42276 0.49123
vt 0.43597 0.45598
vt 0.44102 0.47888
vt 0.42531 0.35417
vt 0.43301 0.39937
vt 0.43741 0.45567
vt 0.38008 0.28895
vt 0.34437 0.26168
vt 0.30445 0.23653
vt 0.26204 0.21249
vt 0.2182 0.18879
vt 0.18868 0.17272
vt 0.15944 0.15588
vt 0.13015 0.13841
vt 0.09 0.12432
vt 0.12977 0.15888
vt 0.08878 0.13336
vt 0.07959 0.12232
vt 0.17361 0.18275
vt 0.25459 0.22655
vt 0.36344 0.31148
vt 0.31817 0.26709
vt 0.40236 0.4495
vt 0.38351 0.36566
vt 0.39005 0.4435
vt 0.40906 0.48802
vt 0.07775 0.12757
vt 0.07907 0.12621
vt 0.15252 0.17089
vt 0.24325 0.21875
vt 0.3253 0.27262
vt 0.37009 0.33688
vt 0.39529 0.47441
vt 0.38063 0.43623
vt 0.45586 0.51363
vt 0.44187 0.51906
vt 0.4452 0.49957
vt 0.46943 0.52202
vt 0.47279 0.53061
vt 0.42939 0.5176
vt 0.50287 0.52312
vt 0.508 0.52355
vt 0.46281 0.52999
vt 0.48559 0.52524
vt 0.53072 0.5062
vt 0.53583 0.50063
vt 0.50112 0.52213
vt 0.51842 0.51637
vt 0.54675 0.47462
vt 0.55116 0.46602
vt 0.53187 0.49671
vt 0.54019 0.49231
vt 0.55414 0.43206
vt 0.55827 0.42448
vt 0.54844 0.45951
vt 0.55095 0.45438
vt 0.55786 0.38121
vt 0.55816 0.42277
vt 0.5588 0.34053
vt 0.55322 0.43247
vt 0.54915 0.34086
vt 0.54493 0.47345
vt 0.54886 0.45395
vt 0.55188 0.43268
vt 0.53887 0.49062
vt 0.53004 0.50427
vt 0.51845 0.51421
vt 0.50363 0.52084
vt 0.48697 0.52303
vt 0.47128 0.52001
vt 0.4581 0.51184
vt 0.44779 0.49806
vt 0.40488 0.49733
vt 0.43452 0.52211
vt 0.47506 0.52395
vt 0.51252 0.50456
vt 0.53735 0.46766
vt 0.55621 0.41728
vt 0.54463 0.44064
vt 0.5495 0.40898
vt 0.55629 0.3308
vt 0.38936 0.47657
vt 0.41009 0.50653
vt 0.44423 0.51877
vt 0.48349 0.51024
vt 0.51507 0.48378
vt 0.53212 0.44548
vt 0.55334 0.34732
vt 0.53857 0.40077
vt 0.53491 0.30798
vt 0.52142 0.27581
vt 0.55189 0.34123
vt 0.4661 0.24951
vt 0.44566 0.22346
vt 0.51751 0.26468
vt 0.50558 0.27738
vt 0.36692 0.19936
vt 0.35386 0.18116
vt 0.43998 0.21249
vt 0.41906 0.22367
vt 0.31231 0.17632
vt 0.26958 0.14794
vt 0.34685 0.17107
vt 0.21961 0.13695
vt 0.20526 0.12054
vt 0.2618 0.13887
vt 0.26051 0.15509
vt 0.17009 0.10276
vt 0.16617 0.09282
vt 0.19724 0.11236
vt 0.1898 0.12019
vt 0.15582 0.07393
vt 0.16505 0.09142
vt 0.16989 0.10356
vt 0.1642 0.09394
vt 0.1609 0.08613
vt 0.16068 0.08689
vt 0.18984 0.12241
vt 0.16928 0.10428
vt 0.2212 0.13986
vt 0.26427 0.15884
vt 0.31494 0.17973
vt 0.41454 0.22413
vt 0.36555 0.20126
vt 0.4603 0.249
vt 0.5003 0.27651
vt 0.54421 0.30325
vt 0.47764 0.22992
vt 0.52039 0.26563
vt 0.41688 0.1964
vt 0.26255 0.13558
vt 0.34145 0.16454
vt 0.20583 0.1142
vt 0.15893 0.08573
vt 0.16936 0.09649
vt 0.14812 0.07926
vt 0.14225 0.07047
vt 0.14879 0.06736
vt 0.13902 0.06166
vt 0.54021 0.31416
vt 0.50031 0.2478
vt 0.4209 0.19658
vt 0.32612 0.15682
vt 0.2402 0.12636
vt 0.17541 0.10124
vt 0.13504 0.0745
vt 0.12719 0.05741
vt 0.1674 0.10586
vt 0.16141 0.09698
vt 0.16336 0.0954
vt 0.18735 0.12357
vt 0.16621 0.10636
vt 0.21724 0.14059
vt 0.21487 0.14053
vt 0.0875 0.05818
vt 0.0876 0.05787
vt 0.08112 0.05048
vt 0.25711 0.15856
vt 0.30794 0.17967
vt 0.28168 0.16998
vt 0.3719 0.20708
vt 0.36096 0.2035
vt 0.45088 0.24701
vt 0.46328 0.25551
vt 0.44958 0.24766
vt 0.47044 0.26545
vt 0.46739 0.26506
vt 0.46035 0.25559
vt 0.44838 0.24748
vt 0.15688 0.14966
vt 0.18466 0.16449
vt 0.24904 0.19513
vt 0.47119 0.27627
vt 0.46827 0.27543
vt 0.46616 0.28768
vt 0.46357 0.28631
vt 0.45568 0.29888
vt 0.44182 0.30742
vt 0.45353 0.2971
vt 0.42777 0.31147
vt 0.4402 0.30529
vt 0.4146 0.31078
vt 0.42677 0.3091
vt 0.40248 0.30497
vt 0.41413 0.30832
vt 0.39166 0.29527
vt 0.40251 0.30262
vt 0.33197 0.24989
vt 0.39213 0.29324
vt 0.39239 0.2942
vt 0.26518 0.21119
vt 0.30696 0.23272
vt 0.19736 0.17479
vt 0.25855 0.20569
vt 0.13098 0.13779
vt 0.13274 0.13618
vt 0.17259 0.15925
vt 0.21386 0.18182
vt 0.13088 0.13772
vt 0.13243 0.13597
vt 0.13277 0.13512
vt 0.13308 0.13534
vt 0.15841 0.05832
vt 0.16018 0.07992
vt 0.15914 0.0824
vt 0.13863 0.04353
vt 0.13804 0.04875
vt 0.10695 0.03494
vt 0.14096 0.03345
vt 0.11806 0.02267
vt 0.1613 0.07579
vt 0.17132 0.04709
vt 0.15893 0.04137
vt 0.15944 0.07884
vt 0.17324 0.04834
vt 0.16186 0.07467
vt 0.16024 0.07646
vt 0.16992 0.06097
vt 0.16254 0.07269
vt 0.161 0.07432
vt 0.09033 0.01061
vt 0.17484 0.05184
vt 0.0826 0.00775
vt 0.16088 0.07189
vt 0.15975 0.07182
vt 0.15752 0.07287
vt 0.15554 0.07206
vt 0.16026 0.07322
vt 0.15278 0.07317
vt 0.05971 0.00138
vt 0.04385 0.08833
vt 0.03695 0.09276
vt 0.09141 0.09458
vt 0.08968 0.09907
vt 0.0514 0.09961
vt 0.07141 0.1062
vt 0.09026 0.10341
vt 0.09534 0.09227
vt 0.10737 0.0851
vt 0.12308 0.07958
vt 0.13901 0.07552
vt 0.09231 0.09659
vt 0.07056 0.11929
vt 0.06241 0.11538
vt 0.09267 0.10799
vt 0.09408 0.10637
vt 0.0949 0.11086
vt 0.09829 0.11172
vt 0.09195 0.10132
vt 0.09892 0.11515
vt 0.10384 0.11966
vt 0.11076 0.12416
vt 0.10419 0.11741
vt 0.11162 0.12359
vt 0.15897 0.0883
vt 0.16002 0.08756
vt 0.15792 0.08905
vt 0.15787 0.08888
vt 0.15782 0.08872
vt 0.15682 0.08946
vt 0.12115 0.13078
vt 0.12265 0.12905
vt 0.11391 0.12145
vt 0.11174 0.12369
vt 0.11264 0.12298
vt 0.11355 0.12227
vt 0.11334 0.12211
vt 0.1135 0.12113
vt 0.26585 0.20529
vt 0.15688 0.08367
vt 0.15758 0.07775
vt 0.157 0.08013
vt 0.15805 0.07559
vt 0.15711 0.0745
vt 0.158 0.07531
vt 0.15424 0.07417
vt 0.14942 0.0745
vt 0.13565 0.0769
vt 0.143 0.07544
vt 0.12049 0.08089
vt 0.101 0.08927
vt 0.10254 0.0883
vt 0.10673 0.08608
vt 0.09677 0.0929
vt 0.09454 0.09692
vt 0.09454 0.10131
vt 0.09668 0.10598
vt 0.10417 0.1144
vt 0.10064 0.11092
vt 0.11314 0.12194
vt 0.10833 0.11805
vt 0.1081 0.11677
vt 0.10323 0.11232
vt 0.09909 0.10782
vt 0.0961 0.1032
vt 0.09494 0.09841
vt 0.09666 0.0935
vt 0.10743 0.08566
vt 0.10183 0.08861
vt 0.0976 0.09194
vt 0.12056 0.08082
vt 0.1349 0.07705
vt 0.14191 0.07564
vt 0.14792 0.07475
vt 0.15236 0.07445
vt 0.15495 0.07479
vt 0.15756 0.07714
vt 0.15574 0.07586
vt 0.15666 0.0799
vt 0.15631 0.08383
vt 0.15721 0.08901
vt 0.37005 0.3491
vt 0.37538 0.4287
vt 0.37555 0.41866
vt 0.38344 0.46808
vt 0.37262 0.35636
vt 0.37949 0.44382
vt 0.37624 0.41793
vt 0.36402 0.32769
vt 0.3763 0.43061
vt 0.32906 0.2603
vt 0.31804 0.26256
vt 0.35716 0.29845
vt 0.23491 0.19831
vt 0.23504 0.20946
vt 0.28662 0.22782
vt 0.14868 0.15604
vt 0.14386 0.16282
vt 0.17788 0.17001
vt 0.20682 0.18408
vt 0.06426 0.11119
vt 0.06972 0.12096
vt 0.06435 0.11125
vt 0.09131 0.12719
vt 0.1198 0.14197
vt 0.05555 0.10517
vt 0.07101 0.12228
vt 0.05516 0.1102
vt 0.047 0.09877
vt 0.04711 0.09885
vt 0.0644 0.1104
vt 0.04706 0.09805
vt 0.0643 0.11034
vt 0.12008 0.13998
vt 0.092 0.12541
vt 0.06487 0.10958
vt 0.14872 0.15384
vt 0.19197 0.17441
vt 0.23496 0.19573
vt 0.27664 0.21879
vt 0.31464 0.24453
vt 0.34504 0.27425
vt 0.36402 0.30938
vt 0.50069 0.41144
vt 0.52511 0.39391
vt 0.50416 0.38753
vt 0.52626 0.3074
vt 0.49733 0.41019
vt 0.50734 0.31855
vt 0.50236 0.38732
vt 0.51816 0.43804
vt 0.52871 0.39549
vt 0.489 0.4525
vt 0.50195 0.47473
vt 0.49612 0.43325
vt 0.47874 0.46781
vt 0.47259 0.49954
vt 0.43009 0.49014
vt 0.43563 0.50788
vt 0.44866 0.48715
vt 0.41279 0.48738
vt 0.40332 0.49662
vt 0.38697 0.46442
vt 0.39831 0.47897
vt 0.38849 0.46197
vt 0.38129 0.44182
vt 0.37745 0.41733
vt 0.39948 0.47624
vt 0.41356 0.48442
vt 0.43038 0.48698
vt 0.44831 0.48393
vt 0.47688 0.46497
vt 0.48647 0.44991
vt 0.49306 0.43122
vt 0.13287 0.09361
vt 0.12175 0.07205
vt 0.1047 0.07257
vt 0.09847 0.06399
vt 0.13163 0.09518
vt 0.10351 0.07295
vt 0.0911 0.05556
vt 0.16155 0.0984
vt 0.12429 0.07234
vt 0.09229 0.0552
vt 0.1796 0.11342
vt 0.2263 0.12302
vt 0.15377 0.10339
vt 0.28649 0.1502
vt 0.31226 0.15278
vt 0.2478 0.13685
vt 0.21088 0.12438
vt 0.32434 0.16409
vt 0.40728 0.19176
vt 0.45204 0.22844
vt 0.48674 0.24222
vt 0.39406 0.19395
vt 0.49114 0.26934
vt 0.50366 0.3182
vt 0.50063 0.38737
vt 0.48689 0.2688
vt 0.44674 0.22795
vt 0.38929 0.1942
vt 0.32151 0.16527
vt 0.24697 0.13859
vt 0.28468 0.1517
vt 0.21063 0.12626
vt 0.17933 0.11532
vt 0.15311 0.10519
vt 0.11437 0.05494
vt 0.1207 0.09176
vt 0.10255 0.07357
vt 0.1007 0.07526
vt 0.09629 0.06493
vt 0.15093 0.10693
vt 0.1917 0.12246
vt 0.24423 0.14053
vt 0.31025 0.16403
vt 0.39177 0.19908
vt 0.405 0.20704
vt 0.38214 0.26174
vt 0.39689 0.25211
vt 0.40807 0.23993
vt 0.41346 0.2279
vt 0.41265 0.21682
vt 0.36724 0.26677
vt 0.32917 0.25223
vt 0.34054 0.26157
vt 0.35331 0.26684
vt 0.26536 0.20863
vt 0.19633 0.17344
vt 0.12907 0.14159
vt 0.06659 0.10786
vt 0.06629 0.10767
vt 0.06477 0.10952
vt 0.06762 0.10727
vt 0.06731 0.10707
vt 0.14929 0.14944
vt 0.10811 0.12934
vt 0.06887 0.10727
vt 0.2437 0.195
vt 0.19437 0.17069
vt 0.33063 0.25154
vt 0.35517 0.26594
vt 0.34296 0.26073
vt 0.33206 0.25169
vt 0.3685 0.26601
vt 0.3827 0.2613
vt 0.39684 0.25209
vt 0.40753 0.24041
vt 0.41255 0.22895
vt 0.41163 0.21837
vt 0.40414 0.20908
vt 0.39104 0.20042
vt 0.29788 0.16095
vt 0.21624 0.13229
vt 0.14871 0.10713
vt 0.09443 0.06666
vt 0.08781 0.0586
vt 0.10033 0.07618
vt 0.03574 0.08981
vt 0.04114 0.09424
vt 0.03965 0.09129
vt 0.04694 0.09796
vt 0.02758 0.08229
vt 0.03077 0.08537
vt 0.02645 0.07964
vt 0.02257 0.07687
vt 0.0327 0.08551
vt 0.01792 0.07108
vt 0.0208 0.07343
vt 0.01314 0.06418
vt 0.01106 0.05947
vt 0.00489 0.04502
vt 0.01564 0.06669
vt 0.05621 0.01142
vt 0.03394 0.01861
vt 0.07164 0.03626
vt 0.03829 0.01972
vt 0.05205 0.02495
vt 0.06685 0.03303
vt 0.0318 0.01988
vt 0.04278 0.02303
vt 0.02242 0.01899
vt 0.00949 0.02307
vt 0.00409 0.03238
vt 0.08343 0.04565
vt 0.06765 0.03591
vt 0.07989 0.04529
vt 0.05494 0.02842
vt 0.09015 0.05614
vt 0.08921 0.057
vt 0.08828 0.05785
vt 0.08812 0.05765
vt 0.05593 0.10348
vt 0.04825 0.09645
vt 0.04746 0.09726
vt 0.04904 0.09565
vt 0.05738 0.10165
vt 0.04734 0.09717
vt 0.04883 0.0955
vt 0.04962 0.09476
vt 0.05003 0.09506
vt 0.08796 0.05744
vt 0.08165 0.05029
vt 0.0742 0.04371
vt 0.0662 0.03786
vt 0.07275 0.043
vt 0.0539 0.03067
vt 0.06272 0.03586
vt 0.05139 0.02944
vt 0.04212 0.02554
vt 0.04308 0.02721
vt 0.05442 0.03224
vt 0.0315 0.02261
vt 0.0328 0.02424
vt 0.02248 0.0219
vt 0.02399 0.02338
vt 0.01536 0.02324
vt 0.01696 0.02451
vt 0.01027 0.02625
vt 0.01189 0.02729
vt 0.00563 0.03537
vt 0.00732 0.03585
vt 0.00701 0.04701
vt 0.00881 0.0517
vt 0.00877 0.04691
vt 0.00969 0.0536
vt 0.01481 0.06151
vt 0.01157 0.05324
vt 0.01343 0.06033
vt 0.01789 0.0669
vt 0.02287 0.07308
vt 0.02093 0.06933
vt 0.02837 0.07886
vt 0.02676 0.07575
vt 0.03445 0.08436
vt 0.03244 0.08119
vt 0.03887 0.08799
vt 0.03811 0.08604
vt 0.04359 0.09163
vt 0.04379 0.09053
vt 0.04863 0.09535
vt 0.12986 0.0869
vt 0.09909 0.11059
vt 0.0896 0.10329
vt 0.10915 0.11988
vt 0.086 0.10015
vt 0.0852 0.1016
vt 0.08899 0.10492
vt 0.14156 0.10003
vt 0.10976 0.11816
vt 0.18501 0.13083
vt 0.15551 0.14576
vt 0.22204 0.1477
vt 0.2051 0.17152
vt 0.18056 0.16126
vt 0.33828 0.19486
vt 0.29958 0.2211
vt 0.27229 0.20865
vt 0.27185 0.16783
vt 0.44374 0.25318
vt 0.37873 0.276
vt 0.43781 0.24493
vt 0.4265 0.23743
vt 0.44412 0.26168
vt 0.38856 0.28466
vt 0.37727 0.27814
vt 0.43099 0.28021
vt 0.3987 0.28961
vt 0.38805 0.28762
vt 0.43986 0.27087
vt 0.13468 0.13958
vt 0.41973 0.28713
vt 0.4034 0.29311
vt 0.42368 0.28822
vt 0.44089 0.27445
vt 0.44794 0.25758
vt 0.4416 0.24452
vt 0.4291 0.23609
vt 0.33914 0.19293
vt 0.25922 0.16063
vt 0.19212 0.13224
vt 0.14377 0.09906
vt 0.11842 0.07597
vt 0.08335 0.09698
vt 0.08189 0.09361
vt 0.11447 0.07278
vt 0.1205 0.07495
vt 0.08204 0.08832
vt 0.11044 0.07065
vt 0.1168 0.07165
vt 0.08444 0.08298
vt 0.10622 0.06979
vt 0.11197 0.06924
vt 0.08863 0.07783
vt 0.09992 0.07068
vt 0.10573 0.06854
vt 0.094 0.07352
vt 0.09774 0.07086
vt 0.08913 0.07692
vt 0.08265 0.08527
vt 0.08068 0.09249
vt 0.08211 0.09769
vt 0.38872 0.28967
vt 0.37784 0.28018
vt 0.39998 0.29471
vt 0.41134 0.29501
vt 0.43566 0.28362
vt 0.42335 0.29132
vt 0.44533 0.2734
vt 0.45015 0.26323
vt 0.44999 0.25379
vt 0.4439 0.24471
vt 0.43166 0.23645
vt 0.34732 0.19564
vt 0.36463 0.20546
vt 0.29255 0.22133
vt 0.12013 0.07257
vt 0.15461 0.08509
vt 0.15548 0.0891
vt 0.15672 0.08913
vt 0.12294 0.07494
vt 0.15552 0.08927
vt 0.11736 0.07069
vt 0.15449 0.08207
vt 0.15477 0.07979
vt 0.11151 0.06862
vt 0.15523 0.07802
vt 0.1054 0.06866
vt 0.09946 0.07041
vt 0.09377 0.07351
vt 0.08861 0.07768
vt 0.08452 0.08248
vt 0.08194 0.08747
vt 0.09519 0.09569
vt 0.08108 0.09245
vt 0.0949 0.09984
vt 0.08219 0.09736
vt 0.09671 0.10434
vt 0.08529 0.10189
vt 0.10041 0.10919
vt 0.10384 0.11266
vt 0.08749 0.10406
vt 0.10802 0.11638
vt 0.10159 0.1133
vt 0.113 0.12043
vt 0.09009 0.10627
vt 0.09956 0.11359
vt 0.11321 0.12059
vt 0.11032 0.12127
vt 0.15558 0.08943
vt 0.13409 0.08569
vt 0.1651 0.10626
vt 0.15935 0.09789
vt 0.1463 0.09924
vt 0.20988 0.13844
vt 0.18646 0.12803
vt 0.29892 0.17744
vt 0.2737 0.16566
vt 0.24776 0.15604
vt 0.22141 0.14438
vt 0.08566 0.10987
vt 0.08322 0.10974
vt 0.11341 0.12075
vt 0.12225 0.12734
vt 0.12103 0.12747
vt 0.13228 0.1344
vt 0.16204 0.15246
vt 0.1326 0.13461
vt 0.21193 0.17861
vt 0.09633 0.06639
vt 0.06416 0.09126
vt 0.06773 0.09432
vt 0.0657 0.0954
vt 0.10771 0.07706
vt 0.07714 0.10141
vt 0.06153 0.08815
vt 0.06195 0.09216
vt 0.06009 0.08481
vt 0.05882 0.0883
vt 0.09241 0.0633
vt 0.06024 0.07952
vt 0.05714 0.08303
vt 0.0884 0.06126
vt 0.06262 0.07414
vt 0.05858 0.07557
vt 0.08422 0.06049
vt 0.06677 0.0689
vt 0.07796 0.06151
vt 0.07209 0.06448
vt 0.06498 0.06707
vt 0.07387 0.06096
vt 0.08205 0.05856
vt 0.08833 0.05915
vt 0.09313 0.06144
vt 0.11935 0.08992
vt 0.12018 0.08828
vt 0.07262 0.10237
vt 0.09712 0.06478
vt 0.08774 0.10875
vt 0.1627 0.11976
vt 0.13326 0.13536
vt 0.19979 0.13582
vt 0.16864 0.12043
vt 0.18281 0.16007
vt 0.24986 0.15488
vt 0.23568 0.14713
vt 0.27784 0.20779
vt 0.31698 0.18058
vt 0.31649 0.17773
vt 0.40671 0.22161
vt 0.35804 0.26146
vt 0.41826 0.22895
vt 0.40812 0.21922
vt 0.42432 0.23716
vt 0.42084 0.22743
vt 0.07631 0.10837
vt 0.42472 0.24574
vt 0.42733 0.24047
vt 0.36804 0.27001
vt 0.42035 0.25509
vt 0.37837 0.27482
vt 0.41129 0.2647
vt 0.4201 0.25766
vt 0.3998 0.2719
vt 0.40251 0.27194
vt 0.38182 0.27731
vt 0.36618 0.27207
vt 0.35529 0.26278
vt 0.42006 0.22502
vt 0.39142 0.20146
vt 0.40748 0.21697
vt 0.30328 0.16373
vt 0.42633 0.23408
vt 0.42653 0.24365
vt 0.4216 0.25406
vt 0.39902 0.27271
vt 0.41167 0.26464
vt 0.38668 0.2767
vt 0.37504 0.27665
vt 0.36353 0.27182
vt 0.35243 0.26248
vt 0.32131 0.17795
vt 0.06072 0.09318
vt 0.04559 0.09085
vt 0.05086 0.09476
vt 0.05714 0.09504
vt 0.05106 0.09491
vt 0.04074 0.0871
vt 0.05859 0.09109
vt 0.0363 0.08343
vt 0.05588 0.08678
vt 0.03026 0.07791
vt 0.02484 0.07217
vt 0.05547 0.08218
vt 0.0199 0.06611
vt 0.05693 0.07742
vt 0.0154 0.05973
vt 0.05976 0.07248
vt 0.06374 0.06755
vt 0.06856 0.06315
vt 0.07381 0.05976
vt 0.0793 0.0577
vt 0.08505 0.05737
vt 0.06635 0.0393
vt 0.09078 0.05926
vt 0.07246 0.04371
vt 0.078 0.04834
vt 0.09354 0.06106
vt 0.08312 0.05337
vt 0.09626 0.06332
vt 0.08778 0.05887
vt 0.10687 0.07356
vt 0.08794 0.05907
vt 0.0633 0.09533
vt 0.05127 0.09506
vt 0.0881 0.05928
vt 0.09478 0.06871
vt 0.11908 0.08679
vt 0.10092 0.07688
vt 0.15943 0.11463
vt 0.1456 0.10625
vt 0.19417 0.12992
vt 0.1836 0.12141
vt 0.24667 0.14976
vt 0.23544 0.13957
vt 0.05938 0.10088
vt 0.06856 0.10707
vt 0.13578 0.09661
vt 0.17128 0.0787
vt 0.1415 0.0957
vt 0.15958 0.09161
vt 0.10866 0.09893
vt 0.16239 0.09082
vt 0.14128 0.09586
vt 0.17313 0.08579
vt 0.1666 0.0891
vt 0.17101 0.07472
vt 0.17362 0.0762
vt 0.16744 0.08891
vt 0.13439 0.09275
vt 0.1702 0.07086
vt 0.17955 0.04766
vt 0.17987 0.05151
vt 0.13386 0.08851
vt 0.16885 0.0671
vt 0.17861 0.04409
vt 0.13302 0.08425
vt 0.16698 0.06344
vt 0.17704 0.04082
vt 0.13187 0.07999
vt 0.16459 0.05989
vt 0.17486 0.03782
vt 0.13043 0.07572
vt 0.1617 0.05644
vt 0.17209 0.03511
vt 0.1287 0.07144
vt 0.15833 0.05311
vt 0.16875 0.03266
vt 0.12669 0.06716
vt 0.15449 0.04989
vt 0.16488 0.03048
vt 0.1244 0.0629
vt 0.15021 0.04679
vt 0.16049 0.02856
vt 0.12186 0.05866
vt 0.14552 0.04381
vt 0.15562 0.02691
vt 0.11907 0.05446
vt 0.14044 0.04097
vt 0.15031 0.02552
vt 0.11604 0.05031
vt 0.135 0.03827
vt 0.1446 0.02438
vt 0.1128 0.04622
vt 0.12924 0.03572
vt 0.13854 0.02349
vt 0.10937 0.04221
vt 0.12319 0.03332
vt 0.13216 0.02285
vt 0.10575 0.0383
vt 0.11688 0.0311
vt 0.12551 0.02246
vt 0.10198 0.03451
vt 0.11036 0.02904
vt 0.11864 0.02231
vt 0.09807 0.03085
vt 0.10367 0.02718
vt 0.1116 0.0224
vt 0.09405 0.02736
vt 0.09685 0.02551
vt 0.10444 0.02272
vt 0.08995 0.02404
vt 0.09721 0.02327
vt 0.0894 0.02792
vt 0.0853 0.02684
vt 0.08241 0.02508
vt 0.09506 0.02121
vt 0.09048 0.02051
vt 0.0827 0.02274
vt 0.08597 0.02106
vt 0.08887 0.03195
vt 0.08835 0.03613
vt 0.08785 0.04042
vt 0.08737 0.0448
vt 0.08692 0.04925
vt 0.08649 0.05376
vt 0.08609 0.05829
vt 0.08572 0.06285
vt 0.08539 0.0674
vt 0.08509 0.07195
vt 0.08483 0.07647
vt 0.0846 0.08096
vt 0.08441 0.08541
vt 0.08426 0.08981
vt 0.08415 0.09417
vt 0.10889 0.09888
vt 0.08319 0.09817
vt 0.08688 0.09849
vt 0.08078 0.02976
vt 0.07642 0.0328
vt 0.07226 0.0359
vt 0.06834 0.03904
vt 0.06466 0.04218
vt 0.06124 0.04531
vt 0.05757 0.04894
vt 0.05423 0.05251
vt 0.04849 0.05953
vt 0.05121 0.05604
vt 0.04604 0.06299
vt 0.04384 0.06643
vt 0.04189 0.06988
vt 0.04018 0.07336
vt 0.03747 0.0805
vt 0.0387 0.07689
vt 0.03648 0.08425
vt 0.06688 0.09617
vt 0.03577 0.08814
vt 0.06698 0.09622
vt 0.03585 0.0883
vt 0.03611 0.08824
vt 0.07496 0.02635
vt 0.06764 0.02784
vt 0.06052 0.02954
vt 0.05363 0.03145
vt 0.04703 0.03356
vt 0.04076 0.03586
vt 0.03487 0.03835
vt 0.02939 0.04102
vt 0.02437 0.04385
vt 0.01984 0.04685
vt 0.01582 0.05001
vt 0.01235 0.05333
vt 0.00946 0.0568
vt 0.00715 0.06042
vt 0.00545 0.06419
vt 0.0251 0.08354
vt 0.02553 0.08367
vt 0.17323 0.08568
vt 0.17939 0.05014
vt 0.1744 0.08282
vt 0.15243 0.02194
vt 0.15273 0.02612
vt 0.15266 0.02393
vt 0.1516 0.01854
vt 0.15032 0.01582
vt 0.14865 0.01363
vt 0.14663 0.01191
vt 0.14428 0.01061
vt 0.14159 0.00968
vt 0.13858 0.0091
vt 0.13152 0.009
vt 0.13522 0.00888
vt 0.12745 0.00948
vt 0.12301 0.01034
vt 0.11453 0.01274
vt 0.1189 0.01138
vt 0.10992 0.0144
vt 0.1051 0.01638
vt 0.10012 0.01866
vt 0.17065 0.06313
vt 0.10023 0.0142
vt 0.14896 0.04242
vt 0.097 0.0104
vt 0.09702 0.01405
vt 0.09692 0.00733
vt 0.09678 0.00481
vt 0.0966 0.00284
vt 0.09637 0.00139
vt 0.09609 0.00045
vt 0.09577 0
vt 0.0954 2E-05
vt 0.09501 0.00047
vt 0.09458 0.00135
vt 0.09412 0.00262
vt 0.09364 0.00427
vt 0.09314 0.00626
vt 0.09262 0.00857
vt 0.09209 0.01117
vt 0.09156 0.01405
vt 0.09102 0.01717
vt 0.07546 0.02168
vt 0.06829 0.02087
vt 0.06123 0.02033
vt 0.05436 0.02005
vt 0.04771 0.02006
vt 0.04134 0.02035
vt 0.03531 0.02094
vt 0.02967 0.02183
vt 0.02445 0.02303
vt 0.01972 0.02454
vt 0.01551 0.02638
vt 0.01185 0.02854
vt 0.00879 0.03104
vt 0.00634 0.03388
vt 0.01172 0.07521
vt 0.00519 0.06896
vt 0.00454 0.03708
vt 0.00064 0.06023
vt 0.0034 0.04062
vt 0 0.0599
vt 0.01226 0.07541
vt 0.00281 0.04445
vt 0.00054 0.05029
vt 0.08197 0.01827
vt 0.07797 0.01572
vt 0.074 0.01341
vt 0.07009 0.01137
vt 0.06628 0.00962
vt 0.06258 0.00818
vt 0.05904 0.00706
vt 0.05568 0.0063
vt 0.05253 0.0059
vt 0.04962 0.0059
vt 0.04698 0.0063
vt 0.04463 0.00712
vt 0.04261 0.00839
vt 0.04092 0.01012
vt 0.03958 0.01231
vt 0.03862 0.015
vt 0.03804 0.01818
vt 0.00606 0.04108
vt 0.17226 0.08592
vt 0.00662 0.0416
vt 0.00619 0.04138
vt 0.03784 0.02187
vt 0.02109 0.03382
vt 0.02474 0.03314
vt 0.15886 0.09175
vt 0.04322 0.02018
vt 0.05643 0.03338
vt 0.0357 0.03182
vt 0.06878 0.03607
vt 0.11007 0.03537
vt 0.14791 0.04522
vt 0.14618 0.06799
vt 0.14048 0.0654
vt 0.16156 0.0754
vt 0.13385 0.06232
vt 0.14004 0.06588
vt 0.1626 0.07528
vt 0.15344 0.07123
vt 0.17161 0.07989
vt 0.17262 0.08114
vt 0.08944 0.04275
vt 0.11086 0.05167
vt 0.12489 0.05812
vt 0.08096 0.04014
vt 0.05132 0.03285
vt 0.1111 0.05238
vt 0.14098 0.09579
vt 0.02147 0.03444
vt 0.03592 0.0325
vt 0.05638 0.03409
vt 0.17322 0.08279
vt 0.07451 0.03848
vt 0.1705 0.08023
vt 0.089 0.04346
vt 0.1615 0.07572
vt 0.11018 0.05235
vt 0.15238 0.07174
vt 0.12407 0.05877
vt 0.13295 0.06294
vt 0.14517 0.06855
vt 0.13951 0.06598
usemtl mat0
f 1/1/1 2/2/2 3/3/3
f 4/4/4 3/3/5 2/2/6
f 5/5/7 1/1/1 3/3/3
f 6/6/8 5/5/7 3/3/3
f 7/7/9 6/6/8 3/3/3
f 8/8/10 7/7/11 3/3/12
f 8/8/10 3/3/12 4/4/13
f 9/9/14 10/10/15 2/2/2
f 11/11/16 2/2/6 10/10/17
f 1/1/1 9/9/14 2/2/2
f 12/12/18 4/4/4 2/2/6
f 11/11/16 12/12/18 2/2/6
f 9/9/14 13/13/19 10/10/15
f 14/14/20 10/10/17 13/13/21
f 15/15/22 11/11/16 10/10/17
f 14/14/20 15/15/22 10/10/17
f 16/16/23 13/13/24 9/9/25
f 17/17/26 13/13/24 16/16/23
f 18/18/27 13/13/21 19/19/28
f 17/17/26 19/19/29 13/13/24
f 20/20/30 14/14/20 13/13/21
f 18/18/27 20/20/30 13/13/21
f 21/21/31 9/9/25 1/1/32
f 16/16/23 9/9/25 21/21/31
f 6/6/33 1/1/34 5/5/35
f 21/21/31 1/1/32 6/6/36
f 7/7/9 21/21/37 6/6/8
f 22/22/38 16/16/39 21/21/37
f 7/7/9 22/22/38 21/21/37
f 23/23/40 16/16/41 22/22/42
f 24/24/43 17/17/44 16/16/41
f 25/25/45 24/24/43 16/16/41
f 23/23/40 25/25/45 16/16/41
f 26/26/46 22/22/42 7/7/11
f 27/27/47 22/22/42 26/26/46
f 27/27/47 23/23/40 22/22/42
f 28/28/48 7/7/11 8/8/10
f 26/26/46 7/7/11 28/28/48
f 29/29/49 30/30/50 31/31/51
f 32/32/52 31/31/53 30/30/54
f 33/33/55 29/29/56 31/31/57
f 34/34/58 31/31/59 32/32/60
f 33/33/61 31/31/59 34/34/58
f 35/35/62 36/36/63 30/30/50
f 37/37/64 30/30/50 36/36/63
f 38/38/65 35/35/62 30/30/50
f 29/29/49 38/38/65 30/30/50
f 39/39/66 40/40/67 30/30/50
f 41/41/68 30/30/54 40/40/69
f 37/37/64 39/39/66 30/30/50
f 42/42/70 30/30/54 41/41/68
f 42/42/70 32/32/52 30/30/54
f 43/43/71 44/44/72 36/36/63
f 45/45/73 36/36/63 44/44/72
f 46/46/74 43/43/71 36/36/63
f 47/47/75 46/46/74 36/36/63
f 35/35/62 47/47/75 36/36/63
f 45/45/73 37/37/64 36/36/63
f 48/48/76 49/49/77 44/44/72
f 50/50/78 44/44/72 49/49/77
f 51/51/79 48/48/76 44/44/72
f 43/43/71 51/51/79 44/44/72
f 50/50/78 45/45/73 44/44/72
f 52/52/80 53/53/81 49/49/77
f 54/54/82 49/49/77 53/53/81
f 55/55/83 52/52/80 49/49/77
f 48/48/76 55/55/83 49/49/77
f 54/54/82 50/50/78 49/49/77
f 56/56/84 57/57/85 53/53/81
f 54/54/82 53/53/81 57/57/85
f 58/58/86 56/56/84 53/53/81
f 52/52/80 58/58/86 53/53/81
f 59/59/87 57/57/88 56/56/89
f 60/60/90 54/54/82 57/57/85
f 61/61/91 60/60/92 57/57/88
f 59/59/87 61/61/91 57/57/88
f 62/62/93 56/56/94 58/58/95
f 63/63/96 59/59/97 56/56/98
f 62/62/99 63/63/96 56/56/98
f 64/64/100 58/58/95 52/52/101
f 65/65/102 58/58/95 64/64/100
f 66/66/103 58/58/95 65/65/102
f 62/62/93 58/58/95 66/66/103
f 64/64/100 52/52/101 55/55/104
f 67/67/105 55/55/104 48/48/106
f 64/64/100 55/55/104 67/67/105
f 68/68/107 48/48/106 51/51/108
f 67/67/105 48/48/106 68/68/107
f 69/69/109 51/51/108 43/43/110
f 68/68/107 51/51/108 69/69/109
f 70/70/111 43/43/110 46/46/112
f 69/69/109 43/43/110 70/70/111
f 71/71/113 46/46/112 47/47/114
f 70/70/111 46/46/112 71/71/113
f 72/72/115 47/47/114 35/35/116
f 71/71/113 47/47/114 72/72/115
f 73/73/117 35/35/116 38/38/118
f 72/72/115 35/35/116 73/73/117
f 73/73/117 38/38/118 29/29/119
f 74/74/120 73/73/117 29/29/119
f 74/74/121 29/29/56 33/33/55
f 75/75/122 40/40/69 39/39/123
f 41/41/68 40/40/69 75/75/122
f 76/76/124 39/39/66 37/37/64
f 76/76/124 77/77/125 39/39/66
f 78/78/126 39/39/123 77/77/127
f 75/75/122 39/39/123 78/78/126
f 79/79/128 37/37/64 45/45/73
f 79/79/128 76/76/124 37/37/64
f 80/80/129 45/45/73 50/50/78
f 80/80/129 79/79/128 45/45/73
f 81/81/130 50/50/78 54/54/82
f 82/82/131 80/80/129 50/50/78
f 81/81/130 82/82/131 50/50/78
f 60/60/90 83/83/132 54/54/82
f 84/84/133 54/54/82 83/83/132
f 84/84/133 81/81/130 54/54/82
f 61/61/91 83/83/134 60/60/92
f 85/85/135 84/84/133 83/83/132
f 86/86/136 85/85/137 83/83/134
f 86/86/136 83/83/134 61/61/91
f 87/87/138 77/77/139 76/76/140
f 88/88/141 78/78/126 77/77/127
f 87/87/142 88/88/143 77/77/144
f 89/89/145 76/76/140 79/79/146
f 87/87/138 76/76/140 89/89/145
f 90/90/147 79/79/146 80/80/148
f 89/89/145 79/79/146 90/90/147
f 90/90/147 80/80/148 82/82/149
f 91/91/150 82/82/149 81/81/151
f 90/90/147 82/82/149 91/91/150
f 92/92/152 81/81/151 84/84/153
f 91/91/150 81/81/151 92/92/152
f 92/92/152 84/84/153 85/85/154
f 93/93/155 85/85/137 86/86/136
f 94/94/156 85/85/157 93/93/158
f 92/92/152 85/85/154 94/94/159
f 95/95/160 96/96/161 61/61/91
f 86/86/136 61/61/91 96/96/161
f 97/97/162 95/95/160 61/61/91
f 59/59/87 97/97/162 61/61/91
f 98/98/163 99/99/164 96/96/161
f 100/100/165 96/96/161 99/99/164
f 95/95/160 98/98/163 96/96/161
f 100/100/165 86/86/136 96/96/161
f 101/101/166 102/102/167 99/99/164
f 103/103/168 99/99/164 102/102/167
f 104/104/169 101/101/166 99/99/164
f 98/98/163 104/104/169 99/99/164
f 103/103/168 100/100/165 99/99/164
f 105/105/170 106/106/171 102/102/167
f 107/107/172 102/102/167 106/106/171
f 108/108/173 105/105/170 102/102/167
f 101/101/166 108/108/173 102/102/167
f 107/107/172 103/103/168 102/102/167
f 109/109/174 110/110/175 106/106/171
f 111/111/176 106/106/171 110/110/175
f 112/112/177 109/109/174 106/106/171
f 105/105/170 112/112/177 106/106/171
f 111/111/176 107/107/172 106/106/171
f 113/113/178 114/114/179 110/110/175
f 115/115/180 110/110/175 114/114/179
f 116/116/181 113/113/178 110/110/175
f 109/109/174 116/116/181 110/110/175
f 115/115/180 111/111/176 110/110/175
f 117/117/182 114/114/183 113/113/184
f 118/118/185 115/115/180 114/114/179
f 119/119/186 118/118/187 114/114/183
f 117/117/182 119/119/186 114/114/183
f 120/120/188 113/113/189 116/116/190
f 121/121/191 117/117/192 113/113/193
f 120/120/194 121/121/191 113/113/193
f 122/122/195 116/116/190 109/109/196
f 123/123/197 116/116/190 122/122/195
f 124/124/198 116/116/190 123/123/197
f 120/120/188 116/116/190 124/124/198
f 125/125/199 109/109/196 112/112/200
f 122/122/195 109/109/196 125/125/199
f 126/126/201 112/112/200 105/105/202
f 125/125/199 112/112/200 126/126/201
f 127/127/203 105/105/202 108/108/204
f 126/126/201 105/105/202 127/127/203
f 128/128/205 108/108/204 101/101/206
f 127/127/203 108/108/204 128/128/205
f 129/129/207 101/101/206 104/104/208
f 128/128/205 101/101/206 129/129/207
f 130/130/209 104/104/208 98/98/210
f 129/129/207 104/104/208 130/130/209
f 130/130/209 98/98/210 95/95/211
f 131/131/212 95/95/211 97/97/213
f 130/130/209 95/95/211 131/131/212
f 132/132/214 97/97/213 59/59/97
f 131/131/212 97/97/213 132/132/214
f 132/132/214 59/59/97 63/63/96
f 133/133/215 86/86/136 100/100/165
f 133/133/215 93/93/155 86/86/136
f 134/134/216 100/100/165 103/103/168
f 134/134/216 133/133/215 100/100/165
f 135/135/217 103/103/168 107/107/172
f 135/135/217 134/134/216 103/103/168
f 136/136/218 107/107/172 111/111/176
f 136/136/218 135/135/217 107/107/172
f 137/137/219 111/111/176 115/115/180
f 137/137/219 136/136/218 111/111/176
f 118/118/185 138/138/220 115/115/180
f 139/139/221 115/115/180 138/138/220
f 139/139/221 137/137/219 115/115/180
f 119/119/186 138/138/222 118/118/187
f 140/140/223 139/139/221 138/138/220
f 141/141/224 140/140/225 138/138/222
f 141/141/224 138/138/222 119/119/186
f 142/142/226 93/93/158 133/133/227
f 142/142/226 94/94/156 93/93/158
f 143/143/228 133/133/227 134/134/229
f 142/142/226 133/133/227 143/143/228
f 144/144/230 134/134/229 135/135/231
f 143/143/228 134/134/229 144/144/230
f 145/145/232 135/135/231 136/136/233
f 144/144/230 135/135/231 145/145/232
f 146/146/234 136/136/233 137/137/235
f 145/145/232 136/136/233 146/146/234
f 147/147/236 137/137/235 139/139/237
f 146/146/234 137/137/235 147/147/236
f 147/147/236 139/139/237 140/140/238
f 148/148/239 140/140/225 141/141/224
f 149/149/240 140/140/241 148/148/242
f 147/147/236 140/140/238 149/149/243
f 150/150/244 151/151/245 119/119/186
f 141/141/224 119/119/186 151/151/245
f 152/152/246 150/150/244 119/119/186
f 117/117/182 152/152/246 119/119/186
f 153/153/247 154/154/248 151/151/245
f 155/155/249 151/151/245 154/154/248
f 156/156/250 153/153/247 151/151/245
f 150/150/244 156/156/250 151/151/245
f 155/155/249 141/141/224 151/151/245
f 157/157/251 158/158/252 154/154/248
f 159/159/253 154/154/248 158/158/252
f 160/160/254 157/157/251 154/154/248
f 153/153/247 160/160/254 154/154/248
f 159/159/253 155/155/249 154/154/248
f 161/161/255 162/162/256 158/158/252
f 163/163/257 158/158/252 162/162/256
f 157/157/251 161/161/255 158/158/252
f 163/163/257 159/159/253 158/158/252
f 164/164/258 165/165/259 162/162/256
f 166/166/260 162/162/256 165/165/259
f 167/167/261 164/164/258 162/162/256
f 161/161/255 167/167/261 162/162/256
f 166/166/260 163/163/257 162/162/256
f 168/168/262 169/169/263 165/165/259
f 170/170/264 165/165/259 169/169/263
f 171/171/265 168/168/262 165/165/259
f 164/164/258 171/171/265 165/165/259
f 170/170/264 166/166/260 165/165/259
f 172/172/266 169/169/267 168/168/268
f 173/173/269 170/170/264 169/169/263
f 172/172/266 173/173/270 169/169/267
f 174/174/271 168/168/272 171/171/273
f 175/175/274 168/168/275 176/176/276
f 177/177/277 176/176/276 168/168/275
f 175/175/278 172/172/266 168/168/268
f 174/174/279 177/177/277 168/168/275
f 178/178/280 171/171/273 164/164/281
f 178/178/280 179/179/282 171/171/273
f 174/174/271 171/171/273 179/179/282
f 180/180/283 164/164/281 167/167/284
f 178/178/280 164/164/281 180/180/283
f 181/181/285 167/167/284 161/161/286
f 180/180/283 167/167/284 181/181/285
f 182/182/287 161/161/286 157/157/288
f 181/181/285 161/161/286 182/182/287
f 183/183/289 157/157/288 160/160/290
f 184/184/291 157/157/288 183/183/289
f 182/182/287 157/157/288 184/184/291
f 185/185/292 160/160/290 153/153/293
f 183/183/289 160/160/290 185/185/292
f 186/186/294 153/153/293 156/156/295
f 185/185/292 153/153/293 186/186/294
f 186/186/294 156/156/295 150/150/296
f 121/121/191 150/150/296 152/152/297
f 186/186/294 150/150/296 121/121/191
f 121/121/191 152/152/297 117/117/192
f 187/187/298 141/141/224 155/155/249
f 187/187/298 148/148/239 141/141/224
f 188/188/299 155/155/249 159/159/253
f 189/189/300 187/187/298 155/155/249
f 188/188/299 189/189/300 155/155/249
f 190/190/301 159/159/253 163/163/257
f 190/190/301 188/188/299 159/159/253
f 191/191/302 163/163/257 166/166/260
f 192/192/303 190/190/301 163/163/257
f 191/191/302 192/192/303 163/163/257
f 193/193/304 166/166/260 170/170/264
f 193/193/304 191/191/302 166/166/260
f 173/173/269 194/194/305 170/170/264
f 195/195/306 170/170/264 194/194/305
f 195/195/306 193/193/304 170/170/264
f 172/172/266 194/194/307 173/173/270
f 196/196/308 195/195/306 194/194/305
f 197/197/309 196/196/310 194/194/307
f 198/198/311 194/194/307 172/172/266
f 199/199/312 194/194/307 198/198/311
f 197/197/309 194/194/307 199/199/312
f 200/200/313 148/148/242 187/187/314
f 200/200/313 149/149/240 148/148/242
f 200/200/313 187/187/314 189/189/315
f 201/201/316 189/189/315 188/188/317
f 200/200/313 189/189/315 201/201/316
f 202/202/318 188/188/317 190/190/319
f 201/201/316 188/188/317 202/202/318
f 202/202/318 190/190/319 192/192/320
f 203/203/321 192/192/320 191/191/322
f 202/202/318 192/192/320 203/203/321
f 204/204/323 191/191/322 193/193/324
f 203/203/321 191/191/322 204/204/323
f 205/205/325 193/193/324 195/195/326
f 204/204/323 193/193/324 205/205/325
f 206/206/327 195/195/326 196/196/328
f 205/205/325 195/195/326 206/206/327
f 207/207/329 196/196/330 197/197/331
f 207/207/329 206/206/332 196/196/330
f 178/178/333 208/208/333 179/179/333
f 209/209/334 179/179/335 208/208/336
f 209/209/334 210/210/337 179/179/335
f 177/177/277 179/179/338 210/210/339
f 174/174/279 179/179/338 177/177/277
f 178/178/340 211/211/340 208/208/340
f 212/212/341 208/208/342 211/211/343
f 212/212/344 209/209/345 208/208/346
f 178/178/347 213/213/347 211/211/347
f 214/214/348 211/211/343 213/213/349
f 215/215/350 216/216/351 217/217/352
f 214/214/348 212/212/341 211/211/343
f 180/180/353 218/218/353 213/213/353
f 214/214/348 213/213/349 218/218/354
f 178/178/355 180/180/355 213/213/355
f 181/181/353 219/219/353 218/218/353
f 220/220/356 218/218/354 219/219/357
f 180/180/358 181/181/358 218/218/358
f 220/220/356 214/214/348 218/218/354
f 184/184/359 221/221/359 219/219/359
f 222/222/360 219/219/357 221/221/361
f 182/182/353 184/184/353 219/219/353
f 181/181/362 182/182/362 219/219/362
f 222/222/360 220/220/356 219/219/357
f 183/183/353 223/223/353 221/221/353
f 222/222/360 221/221/361 223/223/363
f 184/184/364 183/183/364 221/221/364
f 185/185/353 224/224/353 223/223/353
f 225/225/365 223/223/366 224/224/367
f 183/183/368 185/185/368 223/223/368
f 225/225/369 222/222/360 223/223/363
f 186/186/370 226/226/370 224/224/370
f 227/227/371 224/224/367 226/226/372
f 185/185/373 186/186/373 224/224/373
f 228/228/374 224/224/367 227/227/371
f 229/229/375 224/224/367 228/228/374
f 225/225/365 224/224/367 229/229/375
f 230/230/376 231/231/377 232/232/378
f 186/186/379 233/233/379 226/226/379
f 234/234/380 226/226/372 233/233/381
f 227/227/371 226/226/372 234/234/380
f 186/186/382 235/235/382 233/233/382
f 236/236/383 233/233/381 235/235/384
f 234/234/380 233/233/381 236/236/383
f 121/121/385 237/237/385 235/235/385
f 236/236/383 235/235/384 237/237/386
f 186/186/387 121/121/387 235/235/387
f 121/121/388 238/238/388 237/237/388
f 239/239/389 237/237/386 238/238/390
f 236/236/383 237/237/386 239/239/389
f 121/121/391 240/240/391 238/238/391
f 241/241/392 238/238/390 240/240/393
f 239/239/389 238/238/390 241/241/392
f 64/64/394 242/242/394 240/240/394
f 243/243/395 240/240/393 242/242/396
f 121/121/353 64/64/353 240/240/353
f 241/241/392 240/240/393 243/243/395
f 64/64/397 244/244/397 242/242/397
f 245/245/398 242/242/396 244/244/399
f 243/243/395 242/242/396 245/245/398
f 67/67/400 246/246/400 244/244/400
f 247/247/401 244/244/399 246/246/402
f 64/64/403 67/67/403 244/244/403
f 245/245/398 244/244/399 247/247/401
f 68/68/404 248/248/404 246/246/404
f 249/249/405 246/246/406 248/248/407
f 67/67/353 68/68/353 246/246/353
f 250/250/408 246/246/406 249/249/405
f 250/250/409 247/247/401 246/246/402
f 70/70/410 251/251/410 248/248/410
f 252/252/411 248/248/407 251/251/412
f 69/69/353 70/70/353 248/248/353
f 68/68/413 69/69/413 248/248/413
f 252/252/411 249/249/405 248/248/407
f 71/71/353 253/253/353 251/251/353
f 254/254/414 251/251/412 253/253/415
f 70/70/416 71/71/416 251/251/416
f 252/252/411 251/251/412 254/254/414
f 255/255/353 256/256/353 253/253/353
f 257/257/417 253/253/415 256/256/418
f 73/73/419 255/255/419 253/253/419
f 72/72/353 73/73/353 253/253/353
f 71/71/420 72/72/420 253/253/420
f 258/258/421 253/253/415 257/257/417
f 254/254/414 253/253/415 258/258/421
f 259/259/353 256/256/353 255/255/422
f 259/259/423 260/260/424 256/256/424
f 261/261/425 256/256/426 260/260/427
f 262/262/428 257/257/417 256/256/418
f 262/262/429 256/256/426 261/261/425
f 74/74/120 255/255/430 73/73/117
f 74/74/121 259/259/431 255/255/432
f 121/121/353 65/65/353 64/64/353
f 124/124/353 66/66/353 65/65/353
f 121/121/353 124/124/353 65/65/353
f 123/123/433 63/63/433 66/66/433
f 62/62/99 66/66/434 63/63/96
f 124/124/353 123/123/353 66/66/353
f 122/122/435 132/132/435 63/63/435
f 123/123/353 122/122/353 63/63/353
f 125/125/436 131/131/436 132/132/436
f 122/122/353 125/125/353 132/132/353
f 126/126/437 130/130/437 131/131/437
f 125/125/353 126/126/353 131/131/353
f 127/127/438 129/129/438 130/130/438
f 126/126/353 127/127/353 130/130/353
f 127/127/439 128/128/439 129/129/439
f 120/120/194 124/124/440 121/121/191
f 263/263/441 172/172/442 176/176/443
f 175/175/278 176/176/444 172/172/266
f 264/264/445 263/263/441 176/176/443
f 265/265/446 264/264/447 176/176/448
f 177/177/449 265/265/446 176/176/448
f 266/266/450 198/198/451 172/172/442
f 263/263/441 266/266/450 172/172/442
f 267/267/452 199/199/453 198/198/451
f 266/266/450 267/267/452 198/198/451
f 268/268/454 199/199/455 267/267/456
f 207/207/329 197/197/331 199/199/457
f 207/207/458 199/199/455 268/268/454
f 268/268/454 267/267/456 266/266/459
f 269/269/460 266/266/450 263/263/441
f 270/270/461 266/266/459 269/269/462
f 268/268/454 266/266/459 270/270/461
f 264/264/445 271/271/463 263/263/441
f 272/272/464 263/263/441 271/271/463
f 273/273/465 269/269/460 263/263/441
f 272/272/464 273/273/465 263/263/441
f 274/274/466 271/271/467 264/264/447
f 275/275/468 271/271/463 276/276/469
f 277/277/470 276/276/471 271/271/467
f 275/275/468 272/272/464 271/271/463
f 277/277/470 271/271/467 274/274/466
f 274/274/466 264/264/447 265/265/446
f 278/278/472 275/275/468 276/276/469
f 279/279/473 278/278/472 276/276/469
f 280/280/474 279/279/475 276/276/471
f 280/280/474 276/276/471 277/277/470
f 270/270/476 269/269/477 273/273/478
f 281/281/479 273/273/478 272/272/480
f 270/270/476 273/273/478 281/281/479
f 281/281/479 272/272/480 275/275/481
f 282/282/482 275/275/468 278/278/472
f 283/283/483 275/275/481 282/282/484
f 281/281/479 275/275/481 283/283/483
f 284/284/485 285/285/486 278/278/472
f 282/282/482 278/278/472 285/285/486
f 279/279/473 284/284/485 278/278/472
f 286/286/487 285/285/488 284/284/489
f 19/19/28 285/285/486 287/287/490
f 286/286/487 287/287/491 285/285/488
f 19/19/28 282/282/482 285/285/486
f 288/288/492 284/284/489 279/279/475
f 286/286/487 284/284/489 288/288/492
f 288/288/492 279/279/475 280/280/474
f 18/18/27 19/19/28 287/287/490
f 289/289/493 18/18/494 287/287/491
f 289/289/493 287/287/491 286/286/487
f 17/17/26 282/282/484 19/19/29
f 290/290/495 282/282/484 17/17/26
f 283/283/483 282/282/484 290/290/495
f 291/291/496 4/4/4 12/12/18
f 292/292/497 4/4/13 291/291/498
f 8/8/10 4/4/13 292/292/497
f 293/293/499 12/12/18 11/11/16
f 294/294/500 12/12/18 293/293/499
f 295/295/501 291/291/496 12/12/18
f 296/296/502 295/295/501 12/12/18
f 297/297/503 296/296/502 12/12/18
f 294/294/500 297/297/503 12/12/18
f 298/298/504 11/11/505 15/15/506
f 298/298/504 293/293/507 11/11/505
f 299/299/508 15/15/506 14/14/509
f 298/298/504 15/15/506 299/299/508
f 300/300/510 14/14/509 20/20/511
f 299/299/508 14/14/509 300/300/510
f 301/301/512 20/20/511 18/18/494
f 300/300/510 20/20/511 301/301/512
f 301/301/512 18/18/494 289/289/493
f 302/302/513 294/294/514 293/293/507
f 302/302/513 293/293/507 298/298/504
f 292/292/497 291/291/498 295/295/515
f 303/303/516 295/295/501 296/296/502
f 304/304/517 295/295/515 303/303/518
f 292/292/497 295/295/515 304/304/517
f 297/297/503 305/305/519 296/296/502
f 75/75/520 296/296/502 305/305/519
f 78/78/521 303/303/516 296/296/502
f 75/75/520 78/78/521 296/296/502
f 306/306/522 305/305/523 297/297/524
f 75/75/520 305/305/519 307/307/525
f 308/308/526 307/307/527 305/305/523
f 308/308/526 305/305/523 306/306/522
f 309/309/528 297/297/524 294/294/514
f 306/306/522 297/297/524 309/309/528
f 309/309/528 294/294/514 302/302/513
f 310/310/529 75/75/520 307/307/525
f 308/308/526 310/310/530 307/307/527
f 88/88/141 303/303/531 78/78/126
f 87/87/142 303/303/532 88/88/143
f 304/304/533 303/303/532 87/87/142
f 311/311/534 41/41/535 75/75/520
f 310/310/529 311/311/534 75/75/520
f 312/312/536 41/41/537 311/311/538
f 34/34/539 42/42/540 41/41/541
f 34/34/539 41/41/541 312/312/542
f 313/313/543 311/311/538 310/310/530
f 314/314/544 311/311/538 313/313/543
f 312/312/536 311/311/538 314/314/544
f 313/313/543 310/310/530 308/308/526
f 34/34/58 32/32/60 42/42/545
f 315/315/546 316/316/547 210/210/337
f 177/177/277 210/210/339 316/316/548
f 317/317/549 315/315/546 210/210/337
f 209/209/334 317/317/549 210/210/337
f 318/318/550 316/316/551 315/315/552
f 319/319/553 265/265/554 316/316/555
f 177/177/449 316/316/556 265/265/446
f 318/318/557 319/319/558 316/316/559
f 318/318/560 315/315/561 317/317/562
f 212/212/344 317/317/563 209/209/345
f 320/320/564 318/318/565 317/317/566
f 320/320/567 317/317/563 212/212/344
f 321/321/568 322/322/569 260/260/570
f 323/323/571 260/260/572 322/322/573
f 259/259/574 321/321/568 260/260/570
f 261/261/575 260/260/572 323/323/571
f 322/322/569 324/324/576 325/325/577
f 323/323/571 322/322/573 326/326/578
f 321/321/568 324/324/576 322/322/569
f 325/325/577 326/326/579 322/322/569
f 314/314/580 326/326/581 325/325/582
f 327/327/583 326/326/584 314/314/585
f 328/328/586 326/326/587 327/327/588
f 232/232/378 231/231/377 329/329/589
f 323/323/590 326/326/587 328/328/586
f 314/314/591 325/325/592 324/324/593
f 33/33/61 324/324/594 321/321/595
f 34/34/539 314/314/596 324/324/597
f 33/33/61 34/34/58 324/324/594
f 33/33/61 321/321/595 259/259/598
f 74/74/121 33/33/55 259/259/431
f 330/330/599 274/274/600 265/265/554
f 319/319/553 330/330/599 265/265/554
f 331/331/601 277/277/602 274/274/600
f 332/332/603 331/331/601 274/274/600
f 330/330/599 332/332/603 274/274/600
f 333/333/604 280/280/605 277/277/602
f 331/331/601 333/333/604 277/277/602
f 334/334/606 288/288/607 280/280/605
f 335/335/608 334/334/606 280/280/605
f 333/333/604 335/335/608 280/280/605
f 336/336/609 286/286/610 288/288/607
f 334/334/606 336/336/609 288/288/607
f 337/337/611 289/289/612 286/286/610
f 336/336/609 337/337/611 286/286/610
f 338/338/613 301/301/614 289/289/612
f 339/339/615 338/338/613 289/289/612
f 337/337/611 339/339/615 289/289/612
f 340/340/616 300/300/617 301/301/614
f 338/338/613 340/340/616 301/301/614
f 340/340/616 299/299/618 300/300/617
f 341/341/619 298/298/620 299/299/618
f 342/342/621 341/341/619 299/299/618
f 343/343/622 342/342/621 299/299/618
f 340/340/616 343/343/622 299/299/618
f 344/344/623 302/302/624 298/298/620
f 341/341/619 344/344/623 298/298/620
f 345/345/625 309/309/626 302/302/624
f 344/344/623 345/345/625 302/302/624
f 346/346/627 306/306/628 309/309/626
f 345/345/625 346/346/627 309/309/626
f 347/347/629 308/308/630 306/306/628
f 346/346/627 347/347/629 306/306/628
f 348/348/631 313/313/632 308/308/630
f 349/349/633 348/348/631 308/308/630
f 347/347/629 349/349/633 308/308/630
f 327/327/583 314/314/585 313/313/632
f 350/350/634 327/327/583 313/313/632
f 351/351/635 350/350/634 313/313/632
f 348/348/631 351/351/635 313/313/632
f 34/34/539 312/312/542 314/314/596
f 328/328/586 327/327/588 350/350/636
f 328/328/637 350/350/638 351/351/639
f 352/352/640 351/351/639 348/348/641
f 328/328/637 351/351/639 352/352/640
f 353/353/642 348/348/641 349/349/643
f 352/352/640 348/348/641 353/353/642
f 354/354/644 349/349/643 347/347/645
f 353/353/642 349/349/643 354/354/644
f 355/355/646 347/347/645 346/346/647
f 354/354/644 347/347/645 355/355/646
f 356/356/648 346/346/647 345/345/649
f 355/355/646 346/346/647 356/356/648
f 357/357/650 345/345/649 344/344/651
f 356/356/648 345/345/649 357/357/650
f 357/357/650 344/344/651 341/341/652
f 357/357/650 341/341/652 342/342/653
f 358/358/654 342/342/653 343/343/655
f 359/359/656 342/342/653 358/358/654
f 360/360/657 342/342/653 359/359/656
f 357/357/650 342/342/653 360/360/657
f 358/358/654 343/343/655 340/340/658
f 361/361/659 340/340/658 338/338/660
f 358/358/654 340/340/658 361/361/659
f 362/362/661 338/338/660 339/339/662
f 361/361/659 338/338/660 362/362/661
f 363/363/663 339/339/662 337/337/664
f 362/362/661 339/339/662 363/363/663
f 364/364/665 337/337/664 336/336/666
f 363/363/663 337/337/664 364/364/665
f 365/365/667 336/336/666 334/334/668
f 364/364/665 336/336/666 365/365/667
f 366/366/669 334/334/668 335/335/670
f 365/365/667 334/334/668 366/366/669
f 367/367/671 335/335/670 333/333/672
f 366/366/669 335/335/670 368/368/673
f 367/367/671 368/368/673 335/335/670
f 367/367/671 333/333/672 331/331/674
f 369/369/675 331/331/674 332/332/676
f 369/369/675 367/367/671 331/331/674
f 370/370/677 332/332/676 330/330/678
f 370/370/677 369/369/675 332/332/676
f 370/370/677 330/330/678 319/319/679
f 320/320/564 319/319/680 318/318/565
f 371/371/681 319/319/680 320/320/564
f 370/370/677 319/319/679 371/371/682
f 372/372/683 373/373/684 374/374/685
f 375/375/686 374/374/687 373/373/688
f 376/376/689 372/372/690 374/374/691
f 377/377/692 374/374/687 375/375/686
f 378/378/693 374/374/694 377/377/695
f 378/378/696 376/376/689 374/374/691
f 372/372/683 379/379/697 373/373/684
f 380/380/698 373/373/684 379/379/697
f 142/142/226 373/373/688 380/380/699
f 142/142/226 375/375/686 373/373/688
f 381/381/700 382/382/701 379/379/697
f 92/92/152 379/379/697 382/382/701
f 383/383/702 381/381/700 379/379/697
f 372/372/683 383/383/702 379/379/697
f 94/94/159 380/380/698 379/379/697
f 92/92/152 94/94/159 379/379/697
f 384/384/703 385/385/704 382/382/701
f 91/91/150 382/382/701 385/385/704
f 386/386/705 384/384/703 382/382/701
f 381/381/700 386/386/705 382/382/701
f 91/91/150 92/92/152 382/382/701
f 387/387/706 388/388/707 385/385/704
f 90/90/147 385/385/704 388/388/707
f 389/389/708 387/387/706 385/385/704
f 390/390/709 389/389/708 385/385/704
f 384/384/703 390/390/709 385/385/704
f 90/90/147 91/91/150 385/385/704
f 391/391/710 392/392/711 388/388/707
f 89/89/145 388/388/707 392/392/711
f 393/393/712 391/391/710 388/388/707
f 394/394/713 393/393/712 388/388/707
f 395/395/714 394/394/713 388/388/707
f 387/387/706 395/395/714 388/388/707
f 89/89/145 90/90/147 388/388/707
f 396/396/715 392/392/716 391/391/717
f 397/397/718 89/89/145 392/392/711
f 398/398/719 397/397/720 392/392/716
f 398/398/719 392/392/716 399/399/721
f 400/400/722 399/399/721 392/392/716
f 396/396/715 400/400/722 392/392/716
f 401/401/723 391/391/724 393/393/725
f 396/396/726 391/391/727 400/400/728
f 402/402/729 400/400/728 391/391/727
f 403/403/730 391/391/724 401/401/723
f 402/402/729 391/391/727 403/403/731
f 401/401/732 393/393/733 394/394/734
f 404/404/735 394/394/734 395/395/736
f 405/405/737 394/394/734 404/404/735
f 406/406/738 394/394/734 405/405/737
f 401/401/732 394/394/734 406/406/738
f 407/407/739 395/395/736 387/387/740
f 404/404/735 395/395/736 407/407/739
f 407/407/739 387/387/740 389/389/741
f 408/408/742 389/389/741 390/390/743
f 407/407/739 389/389/741 408/408/742
f 409/409/744 390/390/743 384/384/745
f 408/408/742 390/390/743 409/409/744
f 410/410/746 384/384/745 386/386/747
f 409/409/744 384/384/745 410/410/746
f 411/411/748 386/386/747 381/381/749
f 410/410/746 386/386/747 411/411/748
f 412/412/750 381/381/749 383/383/751
f 411/411/748 381/381/749 412/412/750
f 413/413/752 383/383/751 372/372/690
f 412/412/750 383/383/751 413/413/752
f 413/413/752 372/372/690 376/376/689
f 142/142/226 380/380/699 94/94/156
f 397/397/718 87/87/138 89/89/145
f 398/398/719 87/87/142 397/397/720
f 304/304/533 87/87/142 398/398/719
f 414/414/753 415/415/754 416/416/755
f 417/417/756 416/416/757 415/415/758
f 418/418/759 414/414/760 416/416/761
f 419/419/762 416/416/757 417/417/756
f 420/420/763 416/416/764 419/419/765
f 420/420/766 418/418/759 416/416/761
f 414/414/753 421/421/767 415/415/754
f 422/422/768 415/415/754 421/421/767
f 200/200/313 415/415/758 422/422/769
f 200/200/313 417/417/756 415/415/758
f 423/423/770 424/424/771 421/421/767
f 147/147/236 421/421/767 424/424/771
f 425/425/772 423/423/770 421/421/767
f 414/414/753 425/425/772 421/421/767
f 149/149/243 422/422/768 421/421/767
f 147/147/236 149/149/243 421/421/767
f 426/426/773 427/427/774 424/424/771
f 146/146/234 424/424/771 427/427/774
f 423/423/770 426/426/773 424/424/771
f 146/146/234 147/147/236 424/424/771
f 428/428/775 429/429/776 427/427/774
f 145/145/232 427/427/774 429/429/776
f 430/430/777 428/428/775 427/427/774
f 426/426/773 430/430/777 427/427/774
f 145/145/232 146/146/234 427/427/774
f 431/431/778 432/432/779 429/429/776
f 144/144/230 429/429/776 432/432/779
f 428/428/775 431/431/778 429/429/776
f 144/144/230 145/145/232 429/429/776
f 433/433/780 375/375/686 432/432/779
f 143/143/228 432/432/779 375/375/686
f 434/434/781 433/433/780 432/432/779
f 431/431/778 434/434/781 432/432/779
f 143/143/228 144/144/230 432/432/779
f 433/433/780 377/377/692 375/375/686
f 142/142/226 143/143/228 375/375/686
f 435/435/782 377/377/695 433/433/783
f 436/436/784 377/377/695 435/435/782
f 437/437/785 377/377/695 436/436/784
f 378/378/693 377/377/695 437/437/785
f 438/438/786 433/433/783 434/434/787
f 435/435/782 433/433/783 438/438/786
f 438/438/786 434/434/787 431/431/788
f 439/439/789 431/431/788 428/428/790
f 438/438/786 431/431/788 439/439/789
f 440/440/791 428/428/790 430/430/792
f 439/439/789 428/428/790 440/440/791
f 441/441/793 430/430/792 426/426/794
f 440/440/791 430/430/792 441/441/793
f 442/442/795 426/426/794 423/423/796
f 441/441/793 426/426/794 442/442/795
f 443/443/797 423/423/796 425/425/798
f 442/442/795 423/423/796 443/443/797
f 444/444/799 425/425/798 414/414/760
f 443/443/797 425/425/798 444/444/799
f 444/444/799 414/414/760 418/418/759
f 200/200/313 422/422/769 149/149/240
f 445/445/800 446/446/801 447/447/802
f 448/448/803 447/447/804 446/446/805
f 449/449/806 445/445/807 447/447/808
f 450/450/809 449/449/806 447/447/808
f 451/451/810 447/447/811 448/448/812
f 450/450/813 447/447/811 451/451/810
f 445/445/800 452/452/814 446/446/801
f 205/205/325 446/446/801 452/452/814
f 206/206/327 453/453/815 446/446/801
f 454/454/816 446/446/805 453/453/817
f 205/205/325 206/206/327 446/446/801
f 448/448/803 446/446/805 454/454/816
f 455/455/818 456/456/819 452/452/814
f 204/204/323 452/452/814 456/456/819
f 457/457/820 455/455/818 452/452/814
f 445/445/800 457/457/820 452/452/814
f 204/204/323 205/205/325 452/452/814
f 458/458/821 459/459/822 456/456/819
f 203/203/321 456/456/819 459/459/822
f 460/460/823 458/458/821 456/456/819
f 461/461/824 460/460/823 456/456/819
f 455/455/818 461/461/824 456/456/819
f 203/203/321 204/204/323 456/456/819
f 462/462/825 463/463/826 459/459/822
f 202/202/318 459/459/822 463/463/826
f 458/458/821 462/462/825 459/459/822
f 202/202/318 203/203/321 459/459/822
f 464/464/827 465/465/828 463/463/826
f 201/201/316 463/463/826 465/465/828
f 466/466/829 464/464/827 463/463/826
f 462/462/825 466/466/829 463/463/826
f 201/201/316 202/202/318 463/463/826
f 467/467/830 417/417/756 465/465/828
f 200/200/313 465/465/828 417/417/756
f 464/464/827 467/467/830 465/465/828
f 200/200/313 201/201/316 465/465/828
f 467/467/830 419/419/762 417/417/756
f 468/468/831 419/419/765 467/467/832
f 469/469/833 419/419/765 468/468/831
f 420/420/763 419/419/765 469/469/833
f 470/470/834 467/467/832 464/464/835
f 468/468/831 467/467/832 470/470/834
f 471/471/836 464/464/835 466/466/837
f 470/470/834 464/464/835 471/471/836
f 472/472/838 466/466/837 462/462/839
f 471/471/836 466/466/837 472/472/838
f 473/473/840 462/462/839 458/458/841
f 472/472/838 462/462/839 473/473/840
f 474/474/842 458/458/841 460/460/843
f 475/475/844 458/458/841 474/474/842
f 473/473/840 458/458/841 475/475/844
f 476/476/845 460/460/843 461/461/846
f 474/474/842 460/460/843 476/476/845
f 477/477/847 461/461/846 455/455/848
f 476/476/845 461/461/846 477/477/847
f 478/478/849 455/455/848 457/457/850
f 477/477/847 455/455/848 478/478/849
f 449/449/806 457/457/850 445/445/807
f 478/478/849 457/457/850 449/449/806
f 479/479/851 453/453/817 206/206/332
f 454/454/816 453/453/817 479/479/851
f 479/479/851 206/206/332 207/207/329
f 480/480/852 449/449/852 481/481/852
f 450/450/809 481/481/853 449/449/806
f 482/482/852 480/480/852 481/481/852
f 483/483/854 482/482/855 481/481/856
f 450/450/813 483/483/857 481/481/858
f 484/484/859 478/478/859 449/449/859
f 480/480/852 484/484/852 449/449/852
f 484/484/860 477/477/860 478/478/860
f 485/485/852 476/476/852 477/477/852
f 484/484/861 485/485/861 477/477/861
f 486/486/852 474/474/852 476/476/852
f 485/485/852 486/486/852 476/476/852
f 486/486/852 475/475/852 474/474/852
f 487/487/852 473/473/852 475/475/852
f 486/486/862 487/487/862 475/475/862
f 488/488/852 472/472/852 473/473/852
f 487/487/863 488/488/863 473/473/863
f 489/489/864 471/471/864 472/472/864
f 488/488/865 489/489/865 472/472/865
f 490/490/852 470/470/852 471/471/852
f 491/491/866 490/490/866 471/471/866
f 492/492/852 491/491/852 471/471/852
f 493/493/867 492/492/867 471/471/867
f 494/494/852 493/493/852 471/471/852
f 489/489/852 494/494/852 471/471/852
f 413/413/852 468/468/852 470/470/852
f 412/412/852 413/413/852 470/470/852
f 495/495/852 412/412/852 470/470/852
f 490/490/852 495/495/852 470/470/852
f 376/376/852 469/469/852 468/468/852
f 413/413/868 376/376/868 468/468/868
f 437/437/852 418/418/852 469/469/852
f 420/420/766 469/469/869 418/418/759
f 376/376/852 437/437/852 469/469/852
f 436/436/852 444/444/852 418/418/852
f 437/437/852 436/436/852 418/418/852
f 435/435/852 443/443/852 444/444/852
f 436/436/852 435/435/852 444/444/852
f 438/438/870 442/442/870 443/443/870
f 435/435/852 438/438/852 443/443/852
f 440/440/852 441/441/852 442/442/852
f 439/439/852 440/440/852 442/442/852
f 438/438/871 439/439/871 442/442/871
f 378/378/696 437/437/872 376/376/689
f 496/496/873 411/411/873 412/412/873
f 497/497/852 496/496/852 412/412/852
f 498/498/874 497/497/874 412/412/874
f 495/495/852 498/498/852 412/412/852
f 499/499/852 410/410/852 411/411/852
f 496/496/852 499/499/852 411/411/852
f 499/499/852 409/409/852 410/410/852
f 500/500/875 408/408/875 409/409/875
f 499/499/852 500/500/852 409/409/852
f 501/501/852 407/407/852 408/408/852
f 500/500/852 501/501/852 408/408/852
f 501/501/852 404/404/852 407/407/852
f 502/502/876 405/405/876 404/404/876
f 501/501/852 502/502/852 404/404/852
f 502/502/852 406/406/852 405/405/852
f 503/503/877 406/406/877 502/502/877
f 503/503/878 504/504/878 406/406/878
f 403/403/730 406/406/879 504/504/880
f 403/403/730 401/401/723 406/406/879
f 505/505/881 502/502/882 501/501/883
f 506/506/884 503/503/885 502/502/886
f 506/506/884 502/502/886 505/505/887
f 507/507/888 501/501/883 500/500/889
f 508/508/890 501/501/883 507/507/888
f 509/509/891 501/501/883 508/508/890
f 505/505/881 501/501/883 509/509/891
f 510/510/892 500/500/889 499/499/893
f 511/511/894 500/500/889 510/510/892
f 507/507/888 500/500/889 511/511/894
f 510/510/892 499/499/893 496/496/895
f 512/512/896 496/496/897 497/497/898
f 512/512/899 510/510/892 496/496/895
f 513/513/900 497/497/898 498/498/901
f 514/514/902 497/497/898 513/513/900
f 515/515/903 497/497/898 514/514/902
f 512/512/896 497/497/898 515/515/903
f 516/516/904 498/498/901 495/495/905
f 513/513/900 498/498/901 516/516/904
f 517/517/906 495/495/905 490/490/907
f 516/516/904 495/495/905 517/517/906
f 518/518/908 490/490/907 491/491/909
f 517/517/906 490/490/907 518/518/908
f 518/518/908 491/491/909 492/492/910
f 519/519/911 492/492/910 493/493/912
f 518/518/908 492/492/910 519/519/911
f 520/520/913 493/493/912 494/494/914
f 519/519/911 493/493/912 520/520/913
f 521/521/915 494/494/914 489/489/916
f 520/520/913 494/494/914 521/521/915
f 522/522/917 489/489/916 488/488/918
f 521/521/915 489/489/916 522/522/917
f 523/523/919 488/488/920 487/487/921
f 523/523/922 522/522/917 488/488/918
f 524/524/923 487/487/921 486/486/924
f 506/506/884 505/505/887 509/509/925
f 524/524/923 523/523/919 487/487/921
f 525/525/926 486/486/924 485/485/927
f 525/525/926 524/524/923 486/486/924
f 525/525/926 485/485/927 484/484/928
f 526/526/929 484/484/928 480/480/930
f 526/526/929 525/525/926 484/484/928
f 526/526/929 480/480/930 482/482/931
f 483/483/854 527/527/932 482/482/855
f 528/528/933 482/482/934 527/527/935
f 529/529/936 482/482/934 528/528/933
f 526/526/929 482/482/931 529/529/937
f 530/530/938 398/398/939 399/399/940
f 531/531/941 530/530/938 399/399/940
f 532/532/942 531/531/943 399/399/944
f 402/402/945 399/399/946 400/400/947
f 533/533/948 532/532/942 399/399/944
f 533/533/949 399/399/946 402/402/945
f 292/292/497 304/304/517 398/398/939
f 534/534/950 292/292/497 398/398/939
f 535/535/951 534/534/950 398/398/939
f 530/530/938 535/535/951 398/398/939
f 8/8/10 292/292/497 534/534/950
f 536/536/952 534/534/953 535/535/954
f 8/8/10 534/534/950 537/537/955
f 536/536/952 537/537/956 534/534/953
f 538/538/957 535/535/954 530/530/958
f 536/536/952 535/535/954 538/538/957
f 532/532/942 530/530/958 531/531/943
f 538/538/957 530/530/958 532/532/942
f 539/539/959 8/8/10 537/537/955
f 540/540/960 539/539/961 537/537/956
f 540/540/960 537/537/956 536/536/952
f 541/541/962 28/28/48 8/8/10
f 539/539/959 541/541/962 8/8/10
f 542/542/963 28/28/964 541/541/965
f 543/543/966 26/26/967 28/28/964
f 543/543/966 28/28/964 542/542/963
f 544/544/968 541/541/965 539/539/961
f 542/542/963 541/541/965 544/544/968
f 544/544/968 539/539/961 540/540/960
f 543/543/966 27/27/969 26/26/967
f 545/545/970 290/290/971 17/17/44
f 546/546/972 545/545/970 17/17/44
f 24/24/43 546/546/972 17/17/44
f 545/545/970 283/283/973 290/290/971
f 547/547/974 283/283/973 545/545/970
f 268/268/454 281/281/975 283/283/973
f 547/547/974 268/268/454 283/283/973
f 548/548/976 545/545/970 546/546/972
f 549/549/977 545/545/970 548/548/976
f 550/550/978 547/547/974 545/545/970
f 549/549/977 550/550/978 545/545/970
f 551/551/979 546/546/980 24/24/981
f 552/552/982 548/548/983 546/546/980
f 552/552/982 546/546/980 551/551/979
f 553/553/984 24/24/981 25/25/985
f 551/551/979 24/24/981 553/553/984
f 554/554/986 25/25/985 23/23/987
f 553/553/984 25/25/985 554/554/986
f 555/555/988 23/23/987 27/27/969
f 554/554/986 23/23/987 555/555/988
f 555/555/988 27/27/969 543/543/966
f 552/552/982 549/549/989 548/548/983
f 268/268/454 270/270/461 281/281/975
f 556/556/990 268/268/454 547/547/974
f 454/454/991 268/268/454 556/556/990
f 479/479/992 207/207/458 268/268/454
f 454/454/991 479/479/992 268/268/454
f 557/557/993 547/547/994 550/550/995
f 558/558/996 556/556/997 547/547/994
f 558/558/996 547/547/994 557/557/993
f 559/559/998 550/550/995 549/549/989
f 557/557/993 550/550/995 559/559/998
f 559/559/998 549/549/989 552/552/982
f 451/451/999 454/454/1000 556/556/997
f 558/558/996 560/560/1001 556/556/997
f 451/451/999 556/556/997 560/560/1001
f 451/451/810 448/448/812 454/454/1002
f 561/561/1003 562/562/1004 527/527/932
f 528/528/933 527/527/935 562/562/1005
f 560/560/1006 561/561/1003 527/527/932
f 483/483/854 560/560/1006 527/527/932
f 561/561/1007 560/560/1008 563/563/1009
f 563/563/1010 562/562/1011 561/561/1012
f 216/216/1013 562/562/1014 563/563/1015
f 215/215/1016 562/562/1014 216/216/1013
f 528/528/1017 562/562/1014 215/215/1016
f 450/450/813 560/560/1018 483/483/857
f 558/558/1019 563/563/1020 560/560/1021
f 450/450/813 451/451/810 560/560/1018
f 503/503/1022 564/564/1023 504/504/1024
f 402/402/729 504/504/1025 564/564/1026
f 402/402/729 403/403/731 504/504/1025
f 565/565/1027 566/566/1028 564/564/1023
f 402/402/729 564/564/1026 566/566/1029
f 567/567/1030 565/565/1027 564/564/1023
f 568/568/1031 567/567/1030 564/564/1023
f 503/503/1022 568/568/1031 564/564/1023
f 569/569/1032 566/566/1033 565/565/1034
f 533/533/949 566/566/1035 569/569/1036
f 533/533/949 402/402/945 566/566/1035
f 569/569/1037 565/565/1038 567/567/1039
f 506/506/1040 567/567/1041 568/568/1042
f 569/569/1043 567/567/1044 570/570/1045
f 571/571/1046 570/570/1047 567/567/1048
f 572/572/1049 567/567/1041 506/506/1040
f 571/571/1046 567/567/1048 572/572/1050
f 506/506/1040 568/568/1042 503/503/1051
f 558/558/1019 573/573/1052 563/563/1020
f 216/216/1013 563/563/1015 573/573/1053
f 558/558/1019 574/574/1054 573/573/1052
f 216/216/351 573/573/1055 574/574/1056
f 558/558/1019 575/575/1057 574/574/1054
f 217/217/352 574/574/1056 575/575/1058
f 216/216/351 574/574/1056 217/217/352
f 557/557/1059 576/576/1060 575/575/1057
f 577/577/1061 575/575/1058 576/576/1062
f 558/558/1019 557/557/1059 575/575/1057
f 217/217/352 575/575/1058 577/577/1061
f 559/559/1063 578/578/1064 576/576/1060
f 579/579/1065 576/576/1062 578/578/1066
f 557/557/1059 559/559/1063 576/576/1060
f 577/577/1061 576/576/1062 579/579/1065
f 559/559/1063 580/580/1067 578/578/1064
f 579/579/1065 578/578/1066 580/580/1068
f 552/552/1069 581/581/1070 580/580/1067
f 582/582/1071 580/580/1068 581/581/1072
f 559/559/1063 552/552/1069 580/580/1067
f 583/583/1073 580/580/1068 582/582/1071
f 579/579/1065 580/580/1068 583/583/1073
f 552/552/1069 584/584/1074 581/581/1070
f 585/585/1075 581/581/1072 584/584/1076
f 582/582/1071 581/581/1072 585/585/1075
f 551/551/1077 586/586/1078 584/584/1074
f 587/587/1079 584/584/1076 586/586/1080
f 552/552/1069 551/551/1077 584/584/1074
f 585/585/1075 584/584/1076 587/587/1079
f 553/553/1081 588/588/1082 586/586/1078
f 589/589/1083 586/586/1080 588/588/1084
f 551/551/1077 553/553/1081 586/586/1078
f 587/587/1079 586/586/1080 589/589/1083
f 554/554/1085 590/590/1086 588/588/1082
f 591/591/1087 588/588/1084 590/590/1088
f 553/553/1081 554/554/1085 588/588/1082
f 589/589/1083 588/588/1084 591/591/1087
f 554/554/1085 592/592/1089 590/590/1086
f 593/593/1090 590/590/1088 592/592/1091
f 591/591/1087 590/590/1088 593/593/1090
f 543/543/1092 594/594/1093 592/592/1089
f 593/593/1090 592/592/1091 594/594/1094
f 555/555/1095 543/543/1092 592/592/1089
f 554/554/1085 555/555/1095 592/592/1089
f 542/542/1096 595/595/1097 594/594/1093
f 596/596/1098 594/594/1094 595/595/1099
f 543/543/1092 542/542/1096 594/594/1093
f 593/593/1090 594/594/1094 596/596/1098
f 542/542/1096 597/597/1100 595/595/1097
f 598/598/1101 595/595/1099 597/597/1102
f 596/596/1098 595/595/1099 599/599/1103
f 598/598/1101 599/599/1103 595/595/1099
f 542/542/1096 600/600/1104 597/597/1100
f 598/598/1101 597/597/1102 600/600/1105
f 544/544/1106 601/601/1107 600/600/1104
f 598/598/1101 600/600/1105 601/601/1108
f 542/542/1096 544/544/1106 600/600/1104
f 540/540/1109 602/602/1110 601/601/1107
f 603/603/1111 601/601/1108 602/602/1112
f 544/544/1106 540/540/1109 601/601/1107
f 603/603/1111 598/598/1101 601/601/1108
f 536/536/1113 604/604/1114 602/602/1110
f 605/605/1115 602/602/1112 604/604/1116
f 540/540/1109 536/536/1113 602/602/1110
f 605/605/1115 603/603/1111 602/602/1112
f 538/538/1117 606/606/1118 604/604/1114
f 607/607/1119 604/604/1116 606/606/1120
f 536/536/1113 538/538/1117 604/604/1114
f 607/607/1119 605/605/1115 604/604/1116
f 532/532/1121 608/608/1122 606/606/1118
f 609/609/1123 606/606/1120 608/608/1124
f 538/538/1117 532/532/1121 606/606/1118
f 609/609/1123 607/607/1119 606/606/1120
f 532/532/1121 610/610/1125 608/608/1122
f 611/611/1126 608/608/1124 610/610/1127
f 611/611/1126 609/609/1123 608/608/1124
f 569/569/1043 612/612/1128 610/610/1125
f 611/611/1126 610/610/1127 612/612/1129
f 532/532/1121 569/569/1043 610/610/1125
f 569/569/1043 570/570/1045 612/612/1128
f 571/571/1046 612/612/1130 570/570/1047
f 611/611/1126 612/612/1129 571/571/1131
f 533/533/948 569/569/1132 532/532/942
f 613/613/353 614/614/353 615/615/353
f 616/616/1133 615/615/1134 614/614/1135
f 617/617/1136 613/613/1136 615/615/1136
f 618/618/1137 617/617/1138 615/615/1139
f 616/616/1133 619/619/1140 615/615/1134
f 618/618/1137 615/615/1139 619/619/1141
f 620/620/353 621/621/353 614/614/353
f 616/616/1133 614/614/1135 621/621/1142
f 613/613/353 620/620/353 614/614/353
f 622/622/353 623/623/353 621/621/353
f 616/616/1143 621/621/1144 623/623/1145
f 620/620/353 622/622/353 621/621/353
f 624/624/353 625/625/353 623/623/353
f 626/626/1146 623/623/1145 625/625/1147
f 622/622/353 624/624/353 623/623/353
f 626/626/1146 616/616/1143 623/623/1145
f 627/627/353 628/628/353 625/625/353
f 629/629/1148 625/625/1147 628/628/1149
f 630/630/353 627/627/353 625/625/353
f 624/624/353 630/630/353 625/625/353
f 629/629/1148 626/626/1146 625/625/1147
f 631/631/353 632/632/353 628/628/353
f 629/629/1148 628/628/1149 632/632/1150
f 633/633/353 631/631/353 628/628/353
f 634/634/353 633/633/353 628/628/353
f 627/627/353 634/634/353 628/628/353
f 635/635/1151 636/636/1151 632/632/1151
f 637/637/1152 632/632/1153 636/636/1154
f 631/631/1155 635/635/1155 632/632/1155
f 637/637/1156 629/629/1148 632/632/1150
f 638/638/1157 639/639/1157 636/636/1157
f 640/640/1158 636/636/1154 639/639/1159
f 641/641/353 638/638/353 636/636/353
f 635/635/1160 641/641/1160 636/636/1160
f 231/231/1161 642/642/1162 507/507/1163
f 640/640/1158 637/637/1152 636/636/1154
f 638/638/1164 643/643/1164 639/639/1164
f 644/644/1165 639/639/1159 643/643/1166
f 644/644/1165 640/640/1158 639/639/1159
f 645/645/1167 643/643/1166 638/638/1168
f 645/645/1167 644/644/1165 643/643/1166
f 646/646/1169 638/638/1168 641/641/1170
f 646/646/1169 645/645/1167 638/638/1168
f 646/646/1169 641/641/1170 635/635/1171
f 647/647/1172 635/635/1171 631/631/1173
f 647/647/1172 646/646/1169 635/635/1171
f 648/648/1174 631/631/1173 633/633/1175
f 648/648/1174 647/647/1172 631/631/1173
f 648/648/1174 633/633/1175 634/634/1176
f 649/649/1177 634/634/1178 627/627/1179
f 649/649/1180 648/648/1174 634/634/1176
f 650/650/1181 627/627/1179 630/630/1182
f 650/650/1181 649/649/1177 627/627/1179
f 651/651/1183 630/630/1182 624/624/1184
f 651/651/1183 650/650/1181 630/630/1182
f 652/652/1185 624/624/1184 622/622/1186
f 652/652/1185 651/651/1183 624/624/1184
f 653/653/1187 622/622/1186 620/620/1188
f 653/653/1187 652/652/1185 622/622/1186
f 654/654/1189 620/620/1190 613/613/1191
f 653/653/1192 620/620/1193 654/654/1194
f 655/655/353 654/654/353 613/613/353
f 617/617/353 655/655/353 613/613/353
f 656/656/353 657/657/353 654/654/353
f 658/658/1195 654/654/1196 657/657/1197
f 655/655/1198 656/656/1198 654/654/1198
f 658/658/1199 653/653/1192 654/654/1194
f 659/659/353 660/660/353 657/657/353
f 661/661/1200 657/657/1197 660/660/1201
f 656/656/1202 659/659/1202 657/657/1202
f 329/329/1203 231/231/1161 511/511/1204
f 661/661/1200 658/658/1195 657/657/1197
f 662/662/353 663/663/353 660/660/353
f 664/664/1205 660/660/1201 663/663/1206
f 659/659/353 662/662/353 660/660/353
f 664/664/1205 661/661/1200 660/660/1201
f 665/665/1207 666/666/1207 663/663/1207
f 667/667/1208 663/663/1206 666/666/1209
f 662/662/353 665/665/353 663/663/353
f 667/667/1208 664/664/1205 663/663/1206
f 665/665/353 668/668/353 666/666/353
f 669/669/1210 666/666/1209 668/668/1211
f 669/669/1210 667/667/1208 666/666/1209
f 670/670/1212 668/668/1211 665/665/1213
f 670/670/1212 669/669/1210 668/668/1211
f 670/670/1212 665/665/1213 662/662/1214
f 671/671/1215 662/662/1214 659/659/1216
f 671/671/1215 670/670/1212 662/662/1214
f 672/672/1217 659/659/1216 656/656/1218
f 672/672/1217 671/671/1215 659/659/1216
f 673/673/1219 656/656/1218 655/655/1220
f 673/673/1219 672/672/1217 656/656/1218
f 618/618/1137 655/655/1220 617/617/1138
f 618/618/1137 673/673/1219 655/655/1220
f 674/674/1221 247/247/1222 249/249/1223
f 250/250/409 249/249/1224 247/247/401
f 675/675/1225 674/674/1221 249/249/1223
f 252/252/1226 675/675/1227 249/249/1228
f 674/674/1221 245/245/1229 247/247/1222
f 676/676/1230 243/243/1231 245/245/1229
f 674/674/1221 676/676/1230 245/245/1229
f 677/677/1232 241/241/1233 243/243/1231
f 676/676/1230 677/677/1232 243/243/1231
f 678/678/1234 239/239/1235 241/241/1233
f 679/679/1236 678/678/1234 241/241/1233
f 677/677/1232 679/679/1236 241/241/1233
f 680/680/1237 236/236/1238 239/239/1235
f 678/678/1234 680/680/1237 239/239/1235
f 681/681/1239 234/234/1240 236/236/1238
f 680/680/1237 681/681/1239 236/236/1238
f 682/682/1241 227/227/1242 234/234/1240
f 681/681/1239 682/682/1241 234/234/1240
f 683/683/1243 228/228/1244 227/227/1242
f 682/682/1241 683/683/1243 227/227/1242
f 684/684/1245 229/229/1246 228/228/1244
f 683/683/1243 684/684/1245 228/228/1244
f 685/685/1247 229/229/1248 684/684/1249
f 685/685/1247 686/686/1250 229/229/1248
f 225/225/369 229/229/1251 686/686/1252
f 649/649/1180 684/684/1253 683/683/1254
f 650/650/1181 685/685/1255 684/684/1256
f 650/650/1181 684/684/1256 649/649/1177
f 648/648/1174 683/683/1254 682/682/1257
f 649/649/1180 683/683/1254 648/648/1174
f 647/647/1172 682/682/1257 681/681/1258
f 648/648/1174 682/682/1257 647/647/1172
f 647/647/1172 681/681/1258 680/680/1259
f 646/646/1169 680/680/1259 678/678/1260
f 647/647/1172 680/680/1259 646/646/1169
f 645/645/1167 678/678/1260 679/679/1261
f 646/646/1169 678/678/1260 645/645/1167
f 645/645/1167 679/679/1261 677/677/1262
f 644/644/1165 677/677/1262 676/676/1263
f 645/645/1167 677/677/1262 644/644/1165
f 644/644/1165 676/676/1263 674/674/1264
f 640/640/1158 674/674/1264 675/675/1265
f 644/644/1165 674/674/1264 640/640/1158
f 687/687/1266 675/675/1227 252/252/1226
f 637/637/1156 675/675/1267 687/687/1268
f 640/640/1158 675/675/1265 637/637/1152
f 688/688/1269 689/689/1270 690/690/1271
f 691/691/1272 690/690/1273 689/689/1274
f 692/692/1275 688/688/1269 690/690/1271
f 693/693/1276 692/692/1277 690/690/1278
f 320/320/564 693/693/1279 690/690/1280
f 691/691/1281 320/320/564 690/690/1280
f 694/694/1282 695/695/1283 689/689/1270
f 370/370/677 689/689/1274 695/695/1284
f 688/688/1269 694/694/1282 689/689/1270
f 691/691/1272 689/689/1274 371/371/682
f 370/370/677 371/371/682 689/689/1274
f 694/694/1282 696/696/1285 695/695/1283
f 369/369/675 695/695/1284 696/696/1286
f 370/370/677 695/695/1284 369/369/675
f 697/697/1287 698/698/1288 696/696/1285
f 369/369/675 696/696/1286 698/698/1289
f 694/694/1282 697/697/1287 696/696/1285
f 697/697/1287 368/368/1290 698/698/1288
f 367/367/671 698/698/1289 368/368/673
f 369/369/675 698/698/1289 367/367/671
f 699/699/1291 366/366/1292 368/368/1290
f 697/697/1287 699/699/1291 368/368/1290
f 699/699/1291 365/365/1293 366/366/1292
f 700/700/1294 364/364/1295 365/365/1293
f 699/699/1291 700/700/1294 365/365/1293
f 700/700/1294 363/363/1296 364/364/1295
f 701/701/1297 362/362/1298 363/363/1296
f 700/700/1294 701/701/1297 363/363/1296
f 701/701/1297 361/361/1299 362/362/1298
f 702/702/1300 358/358/1301 361/361/1299
f 701/701/1297 702/702/1300 361/361/1299
f 703/703/1302 359/359/1303 358/358/1301
f 702/702/1300 703/703/1302 358/358/1301
f 704/704/1304 360/360/1305 359/359/1303
f 703/703/1302 704/704/1304 359/359/1303
f 704/704/1304 705/705/1306 360/360/1305
f 357/357/650 360/360/657 705/705/1307
f 706/706/1308 707/707/1309 705/705/1306
f 356/356/648 705/705/1307 707/707/1310
f 704/704/1304 706/706/1308 705/705/1306
f 356/356/648 357/357/650 705/705/1307
f 708/708/1311 709/709/1312 707/707/1309
f 355/355/646 707/707/1310 709/709/1313
f 706/706/1308 708/708/1311 707/707/1309
f 355/355/646 356/356/648 707/707/1310
f 710/710/1314 711/711/1315 709/709/1312
f 354/354/644 709/709/1313 711/711/1316
f 708/708/1311 710/710/1314 709/709/1312
f 354/354/644 355/355/646 709/709/1313
f 710/710/1314 712/712/1317 711/711/1315
f 353/353/642 711/711/1316 712/712/1318
f 353/353/642 354/354/644 711/711/1316
f 713/713/1319 714/714/1320 712/712/1317
f 352/352/640 712/712/1318 714/714/1321
f 710/710/1314 713/713/1319 712/712/1317
f 352/352/640 353/353/642 712/712/1318
f 715/715/1322 716/716/1323 714/714/1320
f 328/328/637 714/714/1321 716/716/1324
f 717/717/1325 715/715/1322 714/714/1320
f 713/713/1319 717/717/1325 714/714/1320
f 328/328/637 352/352/640 714/714/1321
f 718/718/1326 716/716/1327 715/715/1328
f 718/718/1326 719/719/1329 716/716/1327
f 323/323/590 716/716/1330 719/719/1331
f 323/323/590 328/328/586 716/716/1330
f 718/718/1326 715/715/1328 717/717/1332
f 619/619/1141 717/717/1333 713/713/1334
f 718/718/1335 717/717/1336 720/720/1337
f 616/616/1133 720/720/1337 717/717/1336
f 616/616/1133 717/717/1336 619/619/1140
f 618/618/1137 713/713/1334 710/710/1338
f 618/618/1137 619/619/1141 713/713/1334
f 673/673/1219 710/710/1338 708/708/1339
f 618/618/1137 710/710/1338 673/673/1219
f 672/672/1217 708/708/1339 706/706/1340
f 673/673/1219 708/708/1339 672/672/1217
f 672/672/1217 706/706/1340 704/704/1341
f 671/671/1215 704/704/1341 703/703/1342
f 672/672/1217 704/704/1341 671/671/1215
f 671/671/1215 703/703/1342 702/702/1343
f 670/670/1212 702/702/1343 701/701/1344
f 671/671/1215 702/702/1343 670/670/1212
f 669/669/1210 701/701/1344 700/700/1345
f 670/670/1212 701/701/1344 669/669/1210
f 669/669/1210 700/700/1345 699/699/1346
f 667/667/1208 699/699/1346 697/697/1347
f 669/669/1210 699/699/1346 667/667/1208
f 664/664/1205 697/697/1347 694/694/1348
f 667/667/1208 697/697/1347 664/664/1205
f 661/661/1200 694/694/1348 688/688/1349
f 664/664/1205 694/694/1348 661/661/1200
f 661/661/1200 688/688/1349 692/692/1350
f 693/693/1276 721/721/1351 692/692/1277
f 722/722/1352 692/692/1277 721/721/1351
f 653/653/1192 692/692/1353 722/722/1354
f 658/658/1199 692/692/1353 653/653/1192
f 661/661/1200 692/692/1350 658/658/1195
f 721/721/1355 723/723/1356 724/724/1357
f 722/722/1352 724/724/1358 723/723/1359
f 212/212/344 723/723/1356 721/721/1355
f 725/725/1360 722/722/1352 723/723/1359
f 726/726/1361 725/725/1362 723/723/1363
f 212/212/341 726/726/1364 723/723/1365
f 722/722/1352 721/721/1351 724/724/1358
f 320/320/564 721/721/1366 693/693/1279
f 320/320/567 212/212/344 721/721/1355
f 653/653/1192 722/722/1354 725/725/1367
f 727/727/1368 725/725/1362 726/726/1361
f 653/653/1187 725/725/1369 727/727/1370
f 685/685/1247 728/728/1371 686/686/1250
f 222/222/360 686/686/1252 728/728/1372
f 225/225/369 686/686/1252 222/222/360
f 729/729/1373 730/730/1374 728/728/1371
f 220/220/356 728/728/1372 730/730/1375
f 685/685/1247 729/729/1373 728/728/1371
f 222/222/360 728/728/1372 220/220/356
f 727/727/1368 726/726/1361 730/730/1374
f 214/214/348 730/730/1375 726/726/1364
f 731/731/1376 727/727/1368 730/730/1374
f 729/729/1373 731/731/1376 730/730/1374
f 220/220/356 730/730/1375 214/214/348
f 214/214/348 726/726/1364 212/212/341
f 652/652/1185 727/727/1370 731/731/1377
f 653/653/1187 727/727/1370 652/652/1185
f 732/732/1378 733/733/1379 642/642/1380
f 651/651/1183 731/731/1377 729/729/1381
f 652/652/1185 731/731/1377 651/651/1183
f 650/650/1181 729/729/1381 685/685/1255
f 651/651/1183 729/729/1381 650/650/1181
f 718/718/1326 734/734/1382 719/719/1329
f 323/323/590 719/719/1331 734/734/1383
f 718/718/1326 735/735/1384 734/734/1382
f 323/323/571 734/734/1385 735/735/1386
f 736/736/1387 737/737/1388 735/735/1384
f 323/323/571 735/735/1386 737/737/1389
f 720/720/1390 736/736/1387 735/735/1384
f 718/718/1326 720/720/1390 735/735/1384
f 738/738/1391 737/737/1392 736/736/1393
f 738/738/1391 739/739/1394 737/737/1392
f 262/262/429 737/737/1395 739/739/1396
f 261/261/575 323/323/571 737/737/1389
f 262/262/429 261/261/425 737/737/1395
f 738/738/1391 736/736/1393 720/720/1397
f 626/626/1146 738/738/1398 720/720/1399
f 626/626/1146 720/720/1399 616/616/1143
f 738/738/1391 257/257/1400 739/739/1394
f 262/262/428 739/739/1401 257/257/417
f 738/738/1391 258/258/1402 257/257/1400
f 740/740/1403 254/254/1404 258/258/1402
f 738/738/1391 740/740/1403 258/258/1402
f 687/687/1266 252/252/1226 254/254/1404
f 740/740/1403 687/687/1266 254/254/1404
f 629/629/1148 687/687/1268 740/740/1405
f 637/637/1156 687/687/1268 629/629/1148
f 642/642/1162 508/508/1406 507/507/1163
f 626/626/1146 740/740/1405 738/738/1398
f 629/629/1148 740/740/1405 626/626/1146
f 509/509/1407 508/508/1406 733/733/1408
f 642/642/1162 733/733/1408 508/508/1406
f 329/329/1203 511/511/1204 510/510/1409
f 231/231/1161 507/507/1163 511/511/1204
f 741/741/852 742/742/852 743/743/852
f 744/744/1410 743/743/1411 742/742/1412
f 745/745/852 741/741/852 743/743/852
f 746/746/852 745/745/852 743/743/852
f 744/744/1413 746/746/1414 743/743/1415
f 741/741/852 747/747/852 742/742/852
f 748/748/1416 742/742/1412 747/747/1417
f 748/748/1416 744/744/1410 742/742/1412
f 741/741/852 749/749/852 747/747/852
f 750/750/1418 747/747/1417 749/749/1419
f 750/750/1418 748/748/1416 747/747/1417
f 751/751/852 752/752/852 749/749/852
f 753/753/1420 749/749/1419 752/752/1421
f 741/741/1422 751/751/1422 749/749/1422
f 753/753/1420 750/750/1418 749/749/1419
f 754/754/852 755/755/852 752/752/852
f 756/756/1423 752/752/1421 755/755/1424
f 751/751/852 754/754/852 752/752/852
f 756/756/1423 753/753/1420 752/752/1421
f 757/757/852 758/758/852 755/755/852
f 756/756/1423 755/755/1424 758/758/1425
f 754/754/852 757/757/852 755/755/852
f 759/759/852 760/760/852 758/758/852
f 761/761/1426 758/758/1425 760/760/1427
f 757/757/1428 759/759/1428 758/758/1428
f 761/761/1426 756/756/1423 758/758/1425
f 762/762/1429 760/760/1427 759/759/1430
f 762/762/1429 761/761/1426 760/760/1427
f 763/763/1431 759/759/1430 757/757/1432
f 763/763/1431 762/762/1429 759/759/1430
f 764/764/1433 757/757/1432 754/754/1434
f 764/764/1433 763/763/1431 757/757/1432
f 765/765/1435 754/754/1434 751/751/1436
f 765/765/1435 764/764/1433 754/754/1434
f 765/765/1435 751/751/1436 741/741/1437
f 766/766/1438 741/741/1439 745/745/1440
f 767/767/1441 741/741/1442 766/766/1443
f 732/732/1444 768/768/1445 733/733/1446
f 769/769/1447 741/741/1442 767/767/1441
f 765/765/1435 741/741/1437 769/769/1448
f 746/746/852 766/766/852 745/745/852
f 770/770/852 771/771/852 766/766/852
f 767/767/1449 766/766/1450 771/771/1451
f 746/746/852 770/770/852 766/766/852
f 772/772/852 773/773/852 771/771/852
f 774/774/1452 771/771/1451 773/773/1453
f 770/770/852 772/772/852 771/771/852
f 774/774/1452 767/767/1449 771/771/1451
f 775/775/852 776/776/852 773/773/852
f 777/777/1454 773/773/1453 776/776/1455
f 772/772/852 775/775/852 773/773/852
f 777/777/1454 774/774/1452 773/773/1453
f 778/778/852 779/779/852 776/776/852
f 780/780/1456 776/776/1455 779/779/1457
f 775/775/852 778/778/852 776/776/852
f 780/780/1456 777/777/1454 776/776/1455
f 778/778/852 781/781/852 779/779/852
f 780/780/1456 779/779/1457 781/781/1458
f 782/782/852 783/783/852 781/781/852
f 784/784/1459 781/781/1460 783/783/1461
f 778/778/852 782/782/852 781/781/852
f 780/780/1456 781/781/1458 784/784/1462
f 782/782/852 785/785/852 783/783/852
f 786/786/1463 783/783/1461 785/785/1464
f 787/787/1465 733/733/1466 768/768/1467
f 786/786/1463 784/784/1459 783/783/1461
f 782/782/852 788/788/852 785/785/852
f 789/789/1468 785/785/1464 788/788/1469
f 789/789/1468 786/786/1463 785/785/1464
f 790/790/1470 791/791/1470 788/788/1470
f 789/789/1468 788/788/1469 791/791/1471
f 782/782/852 790/790/852 788/788/852
f 792/792/852 793/793/852 791/791/852
f 794/794/1472 791/791/1471 793/793/1473
f 790/790/852 792/792/852 791/791/852
f 794/794/1472 789/789/1468 791/791/1471
f 792/792/852 795/795/852 793/793/852
f 796/796/1474 793/793/1473 795/795/1475
f 796/796/1474 794/794/1472 793/793/1473
f 797/797/1476 795/795/1475 792/792/1477
f 797/797/1476 796/796/1474 795/795/1475
f 798/798/1478 792/792/1477 790/790/1479
f 798/798/1478 797/797/1476 792/792/1477
f 798/798/1478 790/790/1479 782/782/1480
f 799/799/1481 782/782/1482 778/778/1483
f 798/798/1478 782/782/1480 799/799/1484
f 232/232/378 778/778/1483 775/775/1485
f 232/232/378 799/799/1481 778/778/1483
f 230/230/376 775/775/1485 772/772/1486
f 230/230/376 232/232/378 775/775/1485
f 230/230/376 772/772/1486 770/770/1487
f 744/744/1413 770/770/1488 746/746/1414
f 744/744/1413 732/732/1444 770/770/1488
f 230/230/376 770/770/1487 732/732/1378
f 800/800/1489 522/522/1490 801/801/1491
f 523/523/922 801/801/1492 522/522/917
f 802/802/1493 800/800/1489 801/801/1491
f 803/803/1494 802/802/1495 801/801/1496
f 523/523/919 803/803/1497 801/801/1498
f 800/800/1489 521/521/1499 522/522/1490
f 230/230/376 642/642/1380 231/231/377
f 804/804/1500 520/520/1501 521/521/1499
f 800/800/1489 804/804/1500 521/521/1499
f 805/805/1502 519/519/1503 520/520/1501
f 804/804/1500 805/805/1502 520/520/1501
f 806/806/1504 518/518/1505 519/519/1503
f 805/805/1502 806/806/1504 519/519/1503
f 807/807/1506 517/517/1507 518/518/1505
f 808/808/1508 807/807/1506 518/518/1505
f 806/806/1504 808/808/1508 518/518/1505
f 809/809/1509 516/516/1510 517/517/1507
f 807/807/1506 809/809/1509 517/517/1507
f 810/810/1511 513/513/1512 516/516/1510
f 809/809/1509 810/810/1511 516/516/1510
f 811/811/1513 514/514/1514 513/513/1512
f 810/810/1511 811/811/1513 513/513/1512
f 812/812/1515 515/515/1516 514/514/1514
f 811/811/1513 812/812/1515 514/514/1514
f 329/329/1203 515/515/1517 812/812/1518
f 329/329/1203 510/510/1409 515/515/1517
f 512/512/899 515/515/1519 510/510/892
f 799/799/1484 812/812/1520 811/811/1521
f 232/232/378 329/329/589 812/812/1522
f 799/799/1481 232/232/378 812/812/1522
f 798/798/1478 811/811/1521 810/810/1523
f 798/798/1478 799/799/1484 811/811/1521
f 797/797/1476 810/810/1523 809/809/1524
f 798/798/1478 810/810/1523 797/797/1476
f 797/797/1476 809/809/1524 807/807/1525
f 796/796/1474 807/807/1525 808/808/1526
f 797/797/1476 807/807/1525 796/796/1474
f 794/794/1472 808/808/1526 806/806/1527
f 796/796/1474 808/808/1526 794/794/1472
f 794/794/1472 806/806/1527 805/805/1528
f 789/789/1468 805/805/1528 804/804/1529
f 794/794/1472 805/805/1528 789/789/1468
f 786/786/1463 804/804/1529 800/800/1530
f 789/789/1468 804/804/1529 786/786/1463
f 786/786/1463 800/800/1530 802/802/1531
f 813/813/1532 802/802/1495 803/803/1494
f 784/784/1462 802/802/1533 813/813/1534
f 786/786/1463 802/802/1531 784/784/1459
f 814/814/1535 815/815/1536 816/816/1537
f 571/571/1131 816/816/1538 815/815/1539
f 817/817/1540 814/814/1535 816/816/1537
f 818/818/1541 817/817/1542 816/816/1543
f 571/571/1046 818/818/1544 816/816/1545
f 814/814/1535 819/819/1546 815/815/1536
f 611/611/1126 815/815/1539 819/819/1547
f 691/691/1281 371/371/681 320/320/564
f 611/611/1126 571/571/1131 815/815/1539
f 820/820/1548 821/821/1549 819/819/1546
f 609/609/1123 819/819/1547 821/821/1550
f 814/814/1535 820/820/1548 819/819/1546
f 611/611/1126 819/819/1547 609/609/1123
f 822/822/1551 823/823/1552 821/821/1549
f 607/607/1119 821/821/1550 823/823/1553
f 820/820/1548 822/822/1551 821/821/1549
f 609/609/1123 821/821/1550 607/607/1119
f 822/822/1551 824/824/1554 823/823/1552
f 605/605/1115 823/823/1553 824/824/1555
f 607/607/1119 823/823/1553 605/605/1115
f 825/825/1556 826/826/1557 824/824/1554
f 603/603/1111 824/824/1555 826/826/1558
f 822/822/1551 825/825/1556 824/824/1554
f 605/605/1115 824/824/1555 603/603/1111
f 827/827/1559 828/828/1560 826/826/1557
f 598/598/1101 826/826/1558 828/828/1561
f 825/825/1556 827/827/1559 826/826/1557
f 603/603/1111 826/826/1558 598/598/1101
f 829/829/1562 599/599/1563 828/828/1560
f 598/598/1101 828/828/1561 599/599/1103
f 827/827/1559 829/829/1562 828/828/1560
f 829/829/1562 596/596/1564 599/599/1563
f 830/830/1565 593/593/1566 596/596/1564
f 829/829/1562 830/830/1565 596/596/1564
f 831/831/1567 591/591/1568 593/593/1566
f 830/830/1565 831/831/1567 593/593/1566
f 832/832/1569 589/589/1570 591/591/1568
f 831/831/1567 832/832/1569 591/591/1568
f 832/832/1569 587/587/1571 589/589/1570
f 833/833/1572 585/585/1573 587/587/1571
f 832/832/1569 833/833/1572 587/587/1571
f 833/833/1572 582/582/1574 585/585/1573
f 834/834/1575 583/583/1576 582/582/1574
f 833/833/1572 834/834/1575 582/582/1574
f 834/834/1575 835/835/1577 583/583/1576
f 579/579/1065 583/583/1073 835/835/1578
f 836/836/1579 837/837/1580 835/835/1577
f 579/579/1065 835/835/1578 837/837/1581
f 834/834/1575 836/836/1579 835/835/1577
f 836/836/1579 838/838/1582 837/837/1580
f 577/577/1061 837/837/1581 838/838/1583
f 577/577/1061 579/579/1065 837/837/1581
f 839/839/1584 840/840/1585 838/838/1582
f 217/217/352 838/838/1583 840/840/1586
f 836/836/1579 839/839/1584 838/838/1582
f 217/217/352 577/577/1061 838/838/1583
f 841/841/1587 842/842/1588 840/840/1585
f 217/217/352 840/840/1586 842/842/1589
f 839/839/1584 841/841/1587 840/840/1585
f 843/843/1590 842/842/1591 841/841/1592
f 843/843/1590 844/844/1593 842/842/1591
f 528/528/1017 842/842/1594 844/844/1595
f 215/215/350 217/217/352 842/842/1589
f 528/528/1017 215/215/1016 842/842/1594
f 769/769/1448 841/841/1596 839/839/1597
f 769/769/1447 843/843/1598 841/841/1599
f 765/765/1435 839/839/1597 836/836/1600
f 765/765/1435 769/769/1448 839/839/1597
f 764/764/1433 836/836/1600 834/834/1601
f 765/765/1435 836/836/1600 764/764/1433
f 763/763/1431 834/834/1601 833/833/1602
f 764/764/1433 834/834/1601 763/763/1431
f 763/763/1431 833/833/1602 832/832/1603
f 762/762/1429 832/832/1603 831/831/1604
f 763/763/1431 832/832/1603 762/762/1429
f 761/761/1426 831/831/1604 830/830/1605
f 762/762/1429 831/831/1604 761/761/1426
f 761/761/1426 830/830/1605 829/829/1606
f 756/756/1423 829/829/1606 827/827/1607
f 761/761/1426 829/829/1606 756/756/1423
f 756/756/1423 827/827/1607 825/825/1608
f 753/753/1420 825/825/1608 822/822/1609
f 756/756/1423 825/825/1608 753/753/1420
f 750/750/1418 822/822/1609 820/820/1610
f 753/753/1420 822/822/1609 750/750/1418
f 748/748/1416 820/820/1610 814/814/1611
f 750/750/1418 820/820/1610 748/748/1416
f 817/817/1540 845/845/1612 814/814/1535
f 748/748/1416 814/814/1611 845/845/1613
f 818/818/1541 845/845/1614 817/817/1542
f 818/818/1541 846/846/1615 845/845/1614
f 768/768/1467 845/845/1614 846/846/1615
f 732/732/1444 845/845/1616 768/768/1445
f 744/744/1413 845/845/1616 732/732/1444
f 748/748/1416 845/845/1613 744/744/1410
f 843/843/1590 847/847/1617 844/844/1593
f 528/528/1017 844/844/1595 847/847/1618
f 843/843/1590 848/848/1619 847/847/1617
f 529/529/936 847/847/1620 848/848/1621
f 529/529/936 528/528/933 847/847/1620
f 230/230/376 732/732/1378 642/642/1380
f 849/849/1622 850/850/1623 848/848/1619
f 529/529/936 848/848/1621 850/850/1624
f 843/843/1590 849/849/1622 848/848/1619
f 851/851/1625 850/850/1626 849/849/1627
f 851/851/1625 852/852/1628 850/850/1626
f 529/529/937 850/850/1629 852/852/1630
f 769/769/1447 849/849/1631 843/843/1598
f 767/767/1449 851/851/1632 849/849/1633
f 769/769/1447 767/767/1441 849/849/1631
f 509/509/1407 733/733/1408 787/787/1634
f 853/853/1635 854/854/1636 852/852/1628
f 526/526/929 852/852/1630 854/854/1637
f 851/851/1625 853/853/1635 852/852/1628
f 526/526/929 529/529/937 852/852/1630
f 855/855/1638 856/856/1639 854/854/1636
f 525/525/926 854/854/1637 856/856/1640
f 853/853/1635 855/855/1638 854/854/1636
f 526/526/929 854/854/1637 525/525/926
f 813/813/1532 803/803/1494 856/856/1639
f 524/524/923 856/856/1640 803/803/1497
f 855/855/1638 813/813/1532 856/856/1639
f 525/525/926 856/856/1640 524/524/923
f 524/524/923 803/803/1497 523/523/919
f 780/780/1456 813/813/1534 855/855/1641
f 571/571/1046 572/572/1050 846/846/1642
f 780/780/1456 784/784/1462 813/813/1534
f 777/777/1454 855/855/1641 853/853/1643
f 780/780/1456 855/855/1641 777/777/1454
f 774/774/1452 853/853/1643 851/851/1632
f 777/777/1454 853/853/1643 774/774/1452
f 767/767/1449 774/774/1452 851/851/1632
f 768/768/1467 857/857/1644 858/858/1645
f 572/572/1049 858/858/1646 857/857/1647
f 787/787/1465 768/768/1467 858/858/1645
f 509/509/1407 787/787/1634 858/858/1648
f 506/506/884 509/509/925 858/858/1649
f 572/572/1049 506/506/1040 858/858/1646
f 768/768/1467 846/846/1615 857/857/1644
f 572/572/1049 857/857/1647 846/846/1650
f 571/571/1046 846/846/1642 818/818/1544
usemtl mat1
f 859/859/1651 860/860/1652 861/861/1653
f 862/862/1654 861/861/1655 860/860/1656
f 863/863/1657 859/859/1658 861/861/1659
f 864/864/1660 865/865/1661 861/861/1662
f 866/866/1663 867/867/1664 864/864/1660
f 859/859/1651 868/868/1665 860/860/1652
f 869/869/1666 860/860/1652 868/868/1665
f 870/870/1667 860/860/1656 869/869/1668
f 870/870/1667 862/862/1654 860/860/1656
f 871/871/1669 872/872/1670 868/868/1665
f 873/873/1671 868/868/1665 872/872/1670
f 859/859/1651 871/871/1669 868/868/1665
f 874/874/1672 869/869/1666 868/868/1665
f 873/873/1671 874/874/1672 868/868/1665
f 875/875/1673 876/876/1674 872/872/1670
f 877/877/1675 872/872/1670 876/876/1674
f 871/871/1669 875/875/1673 872/872/1670
f 877/877/1675 873/873/1671 872/872/1670
f 878/878/1676 879/879/1677 876/876/1674
f 880/880/1678 876/876/1674 879/879/1677
f 875/875/1673 878/878/1676 876/876/1674
f 880/880/1678 877/877/1675 876/876/1674
f 881/881/1679 882/882/1680 879/879/1677
f 883/883/1681 879/879/1677 882/882/1680
f 878/878/1676 881/881/1679 879/879/1677
f 883/883/1681 880/880/1678 879/879/1677
f 884/884/1682 885/885/1683 882/882/1680
f 886/886/1684 882/882/1680 885/885/1683
f 881/881/1679 884/884/1682 882/882/1680
f 886/886/1684 883/883/1681 882/882/1680
f 887/887/1685 888/888/1686 885/885/1683
f 889/889/1687 885/885/1683 888/888/1686
f 884/884/1682 887/887/1685 885/885/1683
f 889/889/1687 886/886/1684 885/885/1683
f 890/890/1688 891/891/1689 888/888/1686
f 892/892/1690 888/888/1686 891/891/1689
f 887/887/1685 890/890/1688 888/888/1686
f 892/892/1690 889/889/1687 888/888/1686
f 893/893/1691 894/894/1692 891/891/1689
f 895/895/1693 891/891/1689 894/894/1692
f 890/890/1688 893/893/1691 891/891/1689
f 895/895/1693 892/892/1690 891/891/1689
f 896/896/1694 897/897/1695 894/894/1692
f 898/898/1696 894/894/1692 897/897/1695
f 893/893/1691 896/896/1694 894/894/1692
f 898/898/1696 895/895/1693 894/894/1692
f 899/899/1697 900/900/1698 897/897/1695
f 901/901/1699 897/897/1695 900/900/1698
f 896/896/1694 899/899/1697 897/897/1695
f 901/901/1699 898/898/1696 897/897/1695
f 902/902/1700 903/903/1701 900/900/1698
f 904/904/1702 900/900/1698 903/903/1701
f 899/899/1697 902/902/1700 900/900/1698
f 904/904/1702 901/901/1699 900/900/1698
f 905/905/1703 906/906/1704 903/903/1701
f 907/907/1705 903/903/1701 906/906/1704
f 902/902/1700 905/905/1703 903/903/1701
f 907/907/1705 904/904/1702 903/903/1701
f 908/908/1706 909/909/1707 906/906/1704
f 910/910/1708 906/906/1704 909/909/1707
f 905/905/1703 908/908/1706 906/906/1704
f 910/910/1708 907/907/1705 906/906/1704
f 911/911/1709 912/912/1710 909/909/1707
f 913/913/1711 909/909/1707 912/912/1710
f 908/908/1706 911/911/1709 909/909/1707
f 913/913/1711 910/910/1708 909/909/1707
f 914/914/1712 915/915/1713 912/912/1710
f 916/916/1714 912/912/1710 915/915/1713
f 911/911/1709 914/914/1712 912/912/1710
f 916/916/1714 913/913/1711 912/912/1710
f 917/917/1715 918/918/1716 915/915/1713
f 919/919/1717 915/915/1713 918/918/1716
f 914/914/1712 917/917/1715 915/915/1713
f 919/919/1717 916/916/1714 915/915/1713
f 920/920/1718 921/921/1719 918/918/1716
f 922/922/1720 918/918/1716 921/921/1719
f 917/917/1715 920/920/1718 918/918/1716
f 922/922/1720 919/919/1717 918/918/1716
f 920/920/1718 923/923/1721 921/921/1719
f 924/924/1722 921/921/1719 923/923/1721
f 924/924/1722 922/922/1720 921/921/1719
f 925/925/1723 923/923/1721 920/920/1718
f 926/926/1724 923/923/1721 925/925/1723
f 927/927/1725 923/923/1726 926/926/1727
f 928/928/1728 924/924/1722 923/923/1721
f 929/929/1729 928/928/1730 923/923/1726
f 930/930/1731 923/923/1726 927/927/1725
f 931/931/1732 923/923/1726 930/930/1731
f 929/929/1729 923/923/1726 931/931/1732
f 925/925/1723 920/920/1718 917/917/1715
f 932/932/1733 917/917/1715 914/914/1712
f 932/932/1733 925/925/1723 917/917/1715
f 933/933/1734 914/914/1712 911/911/1709
f 933/933/1734 932/932/1733 914/914/1712
f 934/934/1735 911/911/1709 908/908/1706
f 934/934/1735 933/933/1734 911/911/1709
f 935/935/1736 908/908/1706 905/905/1703
f 935/935/1736 934/934/1735 908/908/1706
f 936/936/1737 905/905/1703 902/902/1700
f 936/936/1737 935/935/1736 905/905/1703
f 937/937/1738 902/902/1700 899/899/1697
f 937/937/1738 936/936/1737 902/902/1700
f 938/938/1739 899/899/1697 896/896/1694
f 938/938/1739 937/937/1738 899/899/1697
f 939/939/1740 896/896/1694 893/893/1691
f 939/939/1740 938/938/1739 896/896/1694
f 940/940/1741 893/893/1691 890/890/1688
f 940/940/1741 939/939/1740 893/893/1691
f 941/941/1742 890/890/1688 887/887/1685
f 941/941/1742 940/940/1741 890/890/1688
f 942/942/1743 887/887/1685 884/884/1682
f 942/942/1743 941/941/1742 887/887/1685
f 943/943/1744 884/884/1682 881/881/1679
f 943/943/1744 942/942/1743 884/884/1682
f 944/944/1745 881/881/1679 878/878/1676
f 944/944/1745 943/943/1744 881/881/1679
f 945/945/1746 878/878/1676 875/875/1673
f 945/945/1746 944/944/1745 878/878/1676
f 946/946/1747 875/875/1673 871/871/1669
f 946/946/1747 945/945/1746 875/875/1673
f 947/947/1748 871/871/1669 859/859/1651
f 948/948/1749 871/871/1669 947/947/1748
f 948/948/1749 946/946/1747 871/871/1669
f 863/863/1657 947/947/1750 859/859/1658
f 949/949/1751 948/948/1752 947/947/1750
f 949/949/1751 947/947/1750 863/863/1657
f 950/950/1753 925/925/1723 932/932/1733
f 950/950/1753 926/926/1724 925/925/1723
f 951/951/1754 932/932/1733 933/933/1734
f 951/951/1754 950/950/1753 932/932/1733
f 952/952/1755 933/933/1734 934/934/1735
f 952/952/1755 951/951/1754 933/933/1734
f 953/953/1756 934/934/1735 935/935/1736
f 953/953/1756 952/952/1755 934/934/1735
f 954/954/1757 935/935/1736 936/936/1737
f 954/954/1757 953/953/1756 935/935/1736
f 955/955/1758 936/936/1737 937/937/1738
f 955/955/1758 954/954/1757 936/936/1737
f 956/956/1759 937/937/1738 938/938/1739
f 956/956/1759 955/955/1758 937/937/1738
f 957/957/1760 938/938/1739 939/939/1740
f 957/957/1760 956/956/1759 938/938/1739
f 958/958/1761 939/939/1740 940/940/1741
f 959/959/1762 957/957/1760 939/939/1740
f 958/958/1761 959/959/1762 939/939/1740
f 960/960/1763 940/940/1741 941/941/1742
f 960/960/1763 958/958/1761 940/940/1741
f 961/961/1764 941/941/1742 942/942/1743
f 961/961/1764 960/960/1763 941/941/1742
f 962/962/1765 942/942/1743 943/943/1744
f 962/962/1765 961/961/1764 942/942/1743
f 963/963/1766 943/943/1744 944/944/1745
f 963/963/1766 962/962/1765 943/943/1744
f 964/964/1767 944/944/1745 945/945/1746
f 965/965/1768 963/963/1766 944/944/1745
f 964/964/1767 965/965/1768 944/944/1745
f 966/966/1769 945/945/1746 946/946/1747
f 966/966/1769 964/964/1767 945/945/1746
f 967/967/1770 946/946/1747 948/948/1749
f 968/968/1771 946/946/1747 967/967/1770
f 968/968/1771 966/966/1769 946/946/1747
f 969/969/1772 967/967/1773 948/948/1752
f 969/969/1772 948/948/1752 949/949/1751
f 970/970/1774 968/968/1775 967/967/1773
f 971/971/1776 967/967/1773 969/969/1772
f 970/970/1774 967/967/1773 971/971/1776
f 927/927/1725 926/926/1727 950/950/1777
f 972/972/1778 950/950/1777 951/951/1779
f 972/972/1778 927/927/1725 950/950/1777
f 973/973/1780 951/951/1779 952/952/1781
f 973/973/1780 972/972/1778 951/951/1779
f 974/974/1782 952/952/1781 953/953/1783
f 974/974/1782 973/973/1780 952/952/1781
f 975/975/1784 953/953/1783 954/954/1785
f 975/975/1784 974/974/1782 953/953/1783
f 976/976/1786 954/954/1785 955/955/1787
f 976/976/1786 975/975/1784 954/954/1785
f 977/977/1788 955/955/1787 956/956/1789
f 977/977/1788 976/976/1786 955/955/1787
f 978/978/1790 956/956/1789 957/957/1791
f 978/978/1790 977/977/1788 956/956/1789
f 978/978/1790 957/957/1791 959/959/1792
f 979/979/1793 959/959/1792 958/958/1794
f 979/979/1793 978/978/1790 959/959/1792
f 980/980/1795 958/958/1794 960/960/1796
f 980/980/1795 979/979/1793 958/958/1794
f 981/981/1797 960/960/1796 961/961/1798
f 981/981/1797 980/980/1795 960/960/1796
f 982/982/1799 961/961/1798 962/962/1800
f 982/982/1799 981/981/1797 961/961/1798
f 983/983/1801 962/962/1800 963/963/1802
f 983/983/1801 982/982/1799 962/962/1800
f 984/984/1803 963/963/1802 965/965/1804
f 984/984/1803 983/983/1801 963/963/1802
f 984/984/1803 965/965/1804 964/964/1805
f 985/985/1806 964/964/1805 966/966/1807
f 985/985/1806 984/984/1803 964/964/1805
f 986/986/1808 966/966/1807 968/968/1809
f 986/986/1808 985/985/1806 966/966/1807
f 987/987/1810 986/986/1808 968/968/1809
f 988/988/1811 987/987/1812 968/968/1813
f 970/970/1814 988/988/1811 968/968/1813
f 989/989/1815 869/869/1668 874/874/1816
f 870/870/1667 869/869/1668 989/989/1815
f 990/990/1817 874/874/1672 873/873/1671
f 991/991/1818 874/874/1816 990/990/1819
f 989/989/1815 874/874/1816 991/991/1818
f 992/992/1820 873/873/1671 877/877/1675
f 993/993/1821 990/990/1817 873/873/1671
f 994/994/1822 993/993/1821 873/873/1671
f 992/992/1820 994/994/1822 873/873/1671
f 995/995/1823 877/877/1675 880/880/1678
f 995/995/1823 992/992/1820 877/877/1675
f 996/996/1824 880/880/1678 883/883/1681
f 996/996/1824 995/995/1823 880/880/1678
f 997/997/1825 883/883/1681 886/886/1684
f 997/997/1825 996/996/1824 883/883/1681
f 998/998/1826 886/886/1684 889/889/1687
f 998/998/1826 997/997/1825 886/886/1684
f 999/999/1827 889/889/1687 892/892/1690
f 999/999/1827 998/998/1826 889/889/1687
f 1000/1000/1828 892/892/1690 895/895/1693
f 1000/1000/1828 999/999/1827 892/892/1690
f 1001/1001/1829 895/895/1693 898/898/1696
f 1001/1001/1829 1000/1000/1828 895/895/1693
f 1002/1002/1830 898/898/1696 901/901/1699
f 1003/1003/1831 1001/1001/1829 898/898/1696
f 1002/1002/1830 1003/1003/1831 898/898/1696
f 1004/1004/1832 901/901/1699 904/904/1702
f 1004/1004/1832 1002/1002/1830 901/901/1699
f 1004/1004/1832 904/904/1702 907/907/1705
f 1005/1005/1833 907/907/1705 910/910/1708
f 1005/1005/1833 1004/1004/1832 907/907/1705
f 1006/1006/1834 910/910/1708 913/913/1711
f 1007/1007/1835 1005/1005/1833 910/910/1708
f 1006/1006/1834 1007/1007/1835 910/910/1708
f 1008/1008/1836 913/913/1711 916/916/1714
f 1008/1008/1836 1006/1006/1834 913/913/1711
f 1009/1009/1837 916/916/1714 919/919/1717
f 1009/1009/1837 1008/1008/1836 916/916/1714
f 1010/1010/1838 919/919/1717 922/922/1720
f 1010/1010/1838 1009/1009/1837 919/919/1717
f 928/928/1728 922/922/1720 924/924/1722
f 928/928/1728 1010/1010/1838 922/922/1720
f 1011/1011/1839 990/990/1819 993/993/1840
f 991/991/1818 990/990/1819 1011/1011/1839
f 1012/1012/1841 993/993/1842 994/994/1843
f 1013/1013/1844 993/993/1845 1012/1012/1846
f 1013/1013/1847 1011/1011/1839 993/993/1840
f 1014/1014/1848 994/994/1843 992/992/1849
f 1015/1015/1850 994/994/1843 1014/1014/1848
f 1012/1012/1841 994/994/1843 1015/1015/1850
f 1016/1016/1851 992/992/1849 995/995/1852
f 1014/1014/1848 992/992/1849 1016/1016/1851
f 1017/1017/1853 995/995/1852 996/996/1854
f 1016/1016/1851 995/995/1852 1017/1017/1853
f 1018/1018/1855 996/996/1854 997/997/1856
f 1017/1017/1853 996/996/1854 1018/1018/1855
f 1019/1019/1857 997/997/1856 998/998/1858
f 1018/1018/1855 997/997/1856 1019/1019/1857
f 1020/1020/1859 998/998/1858 999/999/1860
f 1019/1019/1857 998/998/1858 1020/1020/1859
f 1021/1021/1861 999/999/1860 1000/1000/1862
f 1020/1020/1859 999/999/1860 1021/1021/1861
f 1022/1022/1863 1000/1000/1862 1001/1001/1864
f 1021/1021/1861 1000/1000/1862 1022/1022/1863
f 1022/1022/1863 1001/1001/1864 1003/1003/1865
f 1023/1023/1866 1003/1003/1865 1002/1002/1867
f 1022/1022/1863 1003/1003/1865 1023/1023/1866
f 1024/1024/1868 1002/1002/1867 1004/1004/1869
f 1023/1023/1866 1002/1002/1867 1024/1024/1868
f 1025/1025/1870 1004/1004/1869 1005/1005/1871
f 1024/1024/1868 1004/1004/1869 1025/1025/1870
f 1026/1026/1872 1005/1005/1871 1007/1007/1873
f 1025/1025/1870 1005/1005/1871 1026/1026/1872
f 1027/1027/1874 1007/1007/1873 1006/1006/1875
f 1026/1026/1872 1007/1007/1873 1027/1027/1874
f 1028/1028/1876 1006/1006/1875 1008/1008/1877
f 1027/1027/1874 1006/1006/1875 1028/1028/1876
f 1029/1029/1878 1008/1008/1877 1009/1009/1879
f 1028/1028/1876 1008/1008/1877 1029/1029/1878
f 1030/1030/1880 1009/1009/1879 1010/1010/1881
f 1029/1029/1878 1009/1009/1879 1030/1030/1880
f 1031/1031/1882 1010/1010/1881 928/928/1730
f 1030/1030/1880 1010/1010/1881 1031/1031/1882
f 1031/1031/1882 928/928/1730 929/929/1729
f 930/930/1731 927/927/1725 972/972/1778
f 1032/1032/1883 972/972/1778 973/973/1780
f 1032/1032/1883 930/930/1731 972/972/1778
f 1033/1033/1884 973/973/1780 974/974/1782
f 1033/1033/1884 1032/1032/1883 973/973/1780
f 1034/1034/1885 974/974/1782 975/975/1784
f 1034/1034/1885 1033/1033/1884 974/974/1782
f 1035/1035/1886 975/975/1784 976/976/1786
f 1035/1035/1886 1034/1034/1885 975/975/1784
f 1036/1036/1887 976/976/1786 977/977/1788
f 1036/1036/1887 1035/1035/1886 976/976/1786
f 1037/1037/1888 977/977/1788 978/978/1790
f 1037/1037/1888 1036/1036/1887 977/977/1788
f 1038/1038/1889 978/978/1790 979/979/1793
f 1038/1038/1889 1037/1037/1888 978/978/1790
f 1039/1039/1890 979/979/1793 980/980/1795
f 1039/1039/1890 1038/1038/1889 979/979/1793
f 1040/1040/1891 980/980/1795 981/981/1797
f 1040/1040/1891 1039/1039/1890 980/980/1795
f 1041/1041/1892 981/981/1797 982/982/1799
f 1041/1041/1892 1040/1040/1891 981/981/1797
f 1042/1042/1893 982/982/1799 983/983/1801
f 1042/1042/1893 1041/1041/1892 982/982/1799
f 1043/1043/1894 983/983/1801 984/984/1803
f 1043/1043/1894 1042/1042/1893 983/983/1801
f 1044/1044/1895 984/984/1803 985/985/1806
f 1044/1044/1895 1043/1043/1894 984/984/1803
f 1045/1045/1896 985/985/1806 986/986/1808
f 1045/1045/1896 1044/1044/1895 985/985/1806
f 1046/1046/1897 1047/1047/1898 986/986/1808
f 1048/1048/1899 986/986/1808 1047/1047/1898
f 987/987/1810 1046/1046/1897 986/986/1808
f 1048/1048/1899 1045/1045/1896 986/986/1808
f 1049/1049/1900 1047/1047/1901 1046/1046/1902
f 1050/1050/1903 1047/1047/1898 1051/1051/1904
f 1049/1049/1900 1051/1051/1905 1047/1047/1901
f 1050/1050/1903 1048/1048/1899 1047/1047/1898
f 1052/1052/1906 1046/1046/1902 987/987/1812
f 1049/1049/1900 1046/1046/1902 1052/1052/1906
f 1052/1052/1906 987/987/1812 988/988/1811
f 1053/1053/1907 1050/1050/1903 1051/1051/1904
f 1054/1054/1908 1053/1053/1909 1051/1051/1905
f 1054/1054/1908 1051/1051/1905 1049/1049/1900
f 1055/1055/1910 930/930/1731 1032/1032/1883
f 1055/1055/1910 931/931/1732 930/930/1731
f 1056/1056/1911 1032/1032/1883 1033/1033/1884
f 1056/1056/1911 1055/1055/1910 1032/1032/1883
f 1057/1057/1912 1033/1033/1884 1034/1034/1885
f 1057/1057/1912 1056/1056/1911 1033/1033/1884
f 1058/1058/1913 1034/1034/1885 1035/1035/1886
f 1058/1058/1913 1057/1057/1912 1034/1034/1885
f 1059/1059/1914 1035/1035/1886 1036/1036/1887
f 1059/1059/1914 1058/1058/1913 1035/1035/1886
f 1060/1060/1915 1036/1036/1887 1037/1037/1888
f 1060/1060/1915 1059/1059/1914 1036/1036/1887
f 1061/1061/1916 1037/1037/1888 1038/1038/1889
f 1061/1061/1916 1060/1060/1915 1037/1037/1888
f 1062/1062/1917 1038/1038/1889 1039/1039/1890
f 1062/1062/1917 1061/1061/1916 1038/1038/1889
f 1063/1063/1918 1039/1039/1890 1040/1040/1891
f 1063/1063/1918 1062/1062/1917 1039/1039/1890
f 1064/1064/1919 1040/1040/1891 1041/1041/1892
f 1064/1064/1919 1063/1063/1918 1040/1040/1891
f 1065/1065/1920 1041/1041/1892 1042/1042/1893
f 1065/1065/1920 1064/1064/1919 1041/1041/1892
f 1066/1066/1921 1042/1042/1893 1043/1043/1894
f 1066/1066/1921 1065/1065/1920 1042/1042/1893
f 1067/1067/1922 1043/1043/1894 1044/1044/1895
f 1067/1067/1922 1066/1066/1921 1043/1043/1894
f 1068/1068/1923 1044/1044/1895 1045/1045/1896
f 1068/1068/1923 1067/1067/1922 1044/1044/1895
f 1069/1069/1924 1045/1045/1896 1048/1048/1899
f 1069/1069/1924 1068/1068/1923 1045/1045/1896
f 1070/1070/1925 1048/1048/1899 1050/1050/1903
f 1070/1070/1925 1069/1069/1924 1048/1048/1899
f 1071/1071/1926 1050/1050/1903 1053/1053/1907
f 1071/1071/1926 1070/1070/1925 1050/1050/1903
f 1071/1071/1926 1053/1053/1907 1072/1072/1927
f 866/866/1663 1073/1073/1928 867/867/1664
f 1074/1074/1929 1053/1053/1909 1054/1054/1908
f 1075/1075/1930 1053/1053/1909 1074/1074/1929
f 1075/1075/1930 1072/1072/1931 1053/1053/1909
f 1076/1076/1932 1071/1071/1926 1072/1072/1927
f 1077/1077/1933 1076/1076/1934 1072/1072/1935
f 1078/1078/1936 1077/1077/1937 1072/1072/1938
f 864/864/1660 867/867/1664 1079/1079/1939
f 929/929/1729 931/931/1732 1055/1055/1910
f 1031/1031/1882 1055/1055/1910 1056/1056/1911
f 1031/1031/1882 929/929/1729 1055/1055/1910
f 1030/1030/1880 1056/1056/1911 1057/1057/1912
f 1030/1030/1880 1031/1031/1882 1056/1056/1911
f 1029/1029/1878 1057/1057/1912 1058/1058/1913
f 1029/1029/1878 1030/1030/1880 1057/1057/1912
f 1028/1028/1876 1058/1058/1913 1059/1059/1914
f 1028/1028/1876 1029/1029/1878 1058/1058/1913
f 1027/1027/1874 1059/1059/1914 1060/1060/1915
f 1027/1027/1874 1028/1028/1876 1059/1059/1914
f 1026/1026/1872 1060/1060/1915 1061/1061/1916
f 1026/1026/1872 1027/1027/1874 1060/1060/1915
f 1025/1025/1870 1061/1061/1916 1062/1062/1917
f 1025/1025/1870 1026/1026/1872 1061/1061/1916
f 1024/1024/1868 1062/1062/1917 1063/1063/1918
f 1024/1024/1868 1025/1025/1870 1062/1062/1917
f 1023/1023/1866 1063/1063/1918 1064/1064/1919
f 1023/1023/1866 1024/1024/1868 1063/1063/1918
f 1022/1022/1863 1064/1064/1919 1065/1065/1920
f 1022/1022/1863 1023/1023/1866 1064/1064/1919
f 1021/1021/1861 1065/1065/1920 1066/1066/1921
f 1021/1021/1861 1022/1022/1863 1065/1065/1920
f 1020/1020/1859 1066/1066/1921 1067/1067/1922
f 1020/1020/1859 1021/1021/1861 1066/1066/1921
f 1019/1019/1857 1067/1067/1922 1068/1068/1923
f 1019/1019/1857 1020/1020/1859 1067/1067/1922
f 1018/1018/1855 1068/1068/1923 1069/1069/1924
f 1018/1018/1855 1019/1019/1857 1068/1068/1923
f 1017/1017/1853 1069/1069/1924 1070/1070/1925
f 1017/1017/1853 1018/1018/1855 1069/1069/1924
f 1016/1016/1851 1070/1070/1925 1071/1071/1926
f 1016/1016/1851 1017/1017/1853 1070/1070/1925
f 1014/1014/1848 1071/1071/1926 1076/1076/1932
f 1014/1014/1848 1016/1016/1851 1071/1071/1926
f 1080/1080/1940 1014/1014/1848 1076/1076/1932
f 1081/1081/1941 1080/1080/1942 1076/1076/1934
f 1082/1082/1943 1081/1081/1941 1076/1076/1934
f 1077/1077/1933 1082/1082/1943 1076/1076/1934
f 1080/1080/1940 1015/1015/1850 1014/1014/1848
f 1083/1083/1944 1015/1015/1945 1080/1080/1942
f 1084/1084/1946 1012/1012/1846 1015/1015/1945
f 1083/1083/1944 1084/1084/1946 1015/1015/1945
f 1081/1081/1941 1083/1083/1944 1080/1080/1942
f 1013/1013/1844 1012/1012/1846 1085/1085/1947
f 1084/1084/1946 1085/1085/1947 1012/1012/1846
f 1086/1086/1948 1085/1085/1949 1087/1087/1950
f 1084/1084/1946 1087/1087/1951 1085/1085/1947
f 1088/1088/1952 1086/1086/1953 1087/1087/1954
f 1089/1089/1955 1087/1087/1951 1084/1084/1946
f 1090/1090/1956 1087/1087/1957 1089/1089/1958
f 1088/1088/1952 1087/1087/1954 1090/1090/1959
f 1091/1091/1960 1011/1011/1839 1085/1085/1949
f 1013/1013/1847 1085/1085/1949 1011/1011/1839
f 1092/1092/1961 1091/1091/1960 1085/1085/1949
f 1086/1086/1948 1092/1092/1961 1085/1085/1949
f 1093/1093/1962 991/991/1818 1011/1011/1839
f 1091/1091/1960 1093/1093/1962 1011/1011/1839
f 1094/1094/1963 991/991/1964 1093/1093/1965
f 866/866/1663 989/989/1966 991/991/1964
f 1094/1094/1963 866/866/1663 991/991/1964
f 1094/1094/1963 1093/1093/1965 1091/1091/1967
f 1088/1088/1952 1091/1091/1967 1092/1092/1968
f 1088/1088/1952 1094/1094/1963 1091/1091/1967
f 1088/1088/1952 1092/1092/1968 1086/1086/1953
f 864/864/1660 870/870/1969 989/989/1966
f 866/866/1663 864/864/1660 989/989/1966
f 864/864/1660 862/862/1970 870/870/1969
f 864/864/1660 861/861/1662 862/862/1970
f 1095/1095/1971 1084/1084/1946 1083/1083/1944
f 1096/1096/1972 1084/1084/1946 1095/1095/1971
f 1097/1097/1973 1089/1089/1955 1084/1084/1946
f 1096/1096/1972 1097/1097/1973 1084/1084/1946
f 1098/1098/1974 1083/1083/1975 1081/1081/1976
f 1098/1098/1974 1095/1095/1977 1083/1083/1975
f 1099/1099/1978 1081/1081/1976 1082/1082/1979
f 1099/1099/1978 1098/1098/1974 1081/1081/1976
f 1078/1078/1936 1082/1082/1979 1077/1077/1937
f 1078/1078/1936 1099/1099/1978 1082/1082/1979
f 1100/1100/1980 1096/1096/1981 1095/1095/1977
f 1098/1098/1974 1100/1100/1980 1095/1095/1977
f 1090/1090/1956 1089/1089/1958 1097/1097/1982
f 1100/1100/1980 1097/1097/1982 1096/1096/1981
f 1100/1100/1980 1090/1090/1956 1097/1097/1982
f 1054/1054/1983 863/863/1984 1101/1101/1985
f 865/865/1986 1101/1101/1987 863/863/1657
f 1074/1074/1988 1054/1054/1983 1101/1101/1985
f 1079/1079/1989 1074/1074/1988 1101/1101/1985
f 864/864/1660 1079/1079/1939 1101/1101/1990
f 864/864/1660 1101/1101/1990 865/865/1661
f 1049/1049/1991 949/949/1992 863/863/1984
f 1054/1054/1983 1049/1049/1991 863/863/1984
f 861/861/1659 865/865/1986 863/863/1657
f 1052/1052/1993 969/969/1994 949/949/1992
f 1049/1049/1991 1052/1052/1993 949/949/1992
f 988/988/1995 971/971/1996 969/969/1994
f 1052/1052/1993 988/988/1995 969/969/1994
f 970/970/1814 971/971/1997 988/988/1811
f 1079/1079/1989 1102/1102/1998 1074/1074/1988
f 1075/1075/1999 1074/1074/2000 1102/1102/2001
f 867/867/2002 1103/1103/2003 1102/1102/1998
f 1078/1078/1936 1102/1102/2001 1103/1103/2004
f 1079/1079/1989 867/867/2002 1102/1102/1998
f 1075/1075/1999 1102/1102/2001 1072/1072/1938
f 1078/1078/1936 1072/1072/1938 1102/1102/2001
f 1073/1073/2005 1104/1104/2006 1103/1103/2003
f 1099/1099/1978 1103/1103/2004 1104/1104/2007
f 867/867/2002 1073/1073/2005 1103/1103/2003
f 1078/1078/1936 1103/1103/2004 1099/1099/1978
f 1105/1105/2008 1106/1106/2009 1104/1104/2006
f 1099/1099/1978 1104/1104/2007 1106/1106/2010
f 1073/1073/2005 1105/1105/2008 1104/1104/2006
f 1107/1107/2011 1108/1108/2012 1106/1106/2009
f 1098/1098/1974 1106/1106/2010 1108/1108/2013
f 1105/1105/2008 1107/1107/2011 1106/1106/2009
f 1099/1099/1978 1106/1106/2010 1098/1098/1974
f 1109/1109/2014 1110/1110/2015 1108/1108/2012
f 1098/1098/1974 1108/1108/2013 1110/1110/2016
f 1107/1107/2011 1109/1109/2014 1108/1108/2012
f 1111/1111/2017 1112/1112/2018 1110/1110/2015
f 1100/1100/1980 1110/1110/2016 1112/1112/2019
f 1109/1109/2014 1111/1111/2017 1110/1110/2015
f 1098/1098/1974 1110/1110/2016 1100/1100/1980
f 1111/1111/2017 1113/1113/2020 1112/1112/2018
f 1100/1100/1980 1112/1112/2019 1113/1113/2021
f 1114/1114/2022 1115/1115/2023 1113/1113/2024
f 1100/1100/1980 1113/1113/2021 1115/1115/2025
f 1111/1111/2017 1114/1114/2026 1113/1113/2020
f 1090/1090/1959 1115/1115/2027 1114/1114/2028
f 1100/1100/1980 1115/1115/2025 1090/1090/1956
f 1090/1090/1959 1114/1114/2028 1111/1111/2029
f 1088/1088/1952 1111/1111/2029 1109/1109/2030
f 1088/1088/1952 1090/1090/1959 1111/1111/2029
f 1088/1088/1952 1109/1109/2030 1107/1107/2031
f 1094/1094/1963 1107/1107/2031 1105/1105/2032
f 1088/1088/1952 1107/1107/2031 1094/1094/1963
f 866/866/1663 1105/1105/2032 1073/1073/1928
f 1094/1094/1963 1105/1105/2032 866/866/1663
# Vertices: 1115, normals: 2032, texture coordinates: 1115, faces: 2222

